subject_cui,subject_name,subject_semtype,predicate,object_cui,object_name,object_semtype,first_year,first_pmid,citation_pmid,first_issn,first_sentence_id,Questions,Similarity,Correct_Flag,Target_Object,predicted_year,generated_text
C0023810,Lipopolysaccharides,lipd,STIMULATES,C1332819|6374,CXCL5 gene|CXCL5,gngm,2019,30634975,30634975,,332837765,Which genes does Lipopolysaccharides stimulate?,0.2539641559123993,0.0,CXCL5 gene|CXCL5,0,"[1976] 
Lipopolysaccharides (LPS), also known as endotoxins, stimulate the expression of various genes involved in the immune response. The primary mechanism involves the activation of the Toll-like receptor 4 (TLR4) pathway. 

When LPS binds to TLR4 on the surface of immune cells, such as macrophages and dendritic cells, it triggers a signaling cascade that activates the transcription factor NF-κB (nuclear factor"
C0751973,Proteome,aapp,PART_OF,C1257909,Diploid Cell,cell,2024,38008115,38008115,,410193888,"In a biomedical context, what is the relationship between Proteome and cell types via PART_OF?",0.514743983745575,0.0,Diploid Cell,0,"

In the context of the Systems Biology Markup Language (SBML) and the Biological Pathway Exchange (BioPAX) format, the relationship between Proteome and cell types is described using the 'PART_OF' relationship. This relationship indicates that a particular protein or set of proteins (Proteome) is a component or part of a specific cell type.

In other words, the 'PART_OF' relationship describes the composition of a cell type, specifying which proteins are present within"
C0850458,Carotid artery stent,medd,TREATS,C0007282,Carotid Stenosis,dsyn,2024,38190658,38190658,,412169868,Which diseases or conditions is Carotid artery stent commonly used to treat?,0.9432077407836914,1.0,Carotid Stenosis,0,"[1994] The Carotid artery stent is commonly used to treat carotid artery stenosis, which is a condition where the carotid artery, a major blood vessel in the neck, becomes narrowed due to the buildup of plaque. This can lead to a reduction in blood flow to the brain, increasing the risk of stroke.

The stent is typically used in conjunction with angioplasty, a procedure where a balloon is inflated to widen the narrowed artery. The stent"
C0085393,Immunocompromised Host,fndg,PROCESS_OF,C0030705,Patients,humn,2010,25013564,25013564,,19973718,"In a biomedical context, what is the relationship between Immunocompromised Host and patients or groups via PROCESS_OF?",0.24658764898777,0.0,Patients,0,"[1960s] 

The relationship between an Immunocompromised Host and patients or groups via PROCESS_OF is related to the concept of susceptibility to infections. Immunocompromised individuals have a weakened immune system, making them more susceptible to infections. This can be due to various factors such as HIV/AIDS, cancer, chemotherapy, or other medical conditions that impair the immune system.

In this context, the PROCESS_OF relationship refers to the process by which an immunocompromised host is more likely to"
C0010346,Crohn's disease,dsyn,PROCESS_OF,C0008059,Child,humn,2015,26164439,26164439,,19623490,"In a biomedical context, what is the relationship between Crohn's disease and patients or groups via PROCESS_OF?",0.0995339602231979,0.0,Child,0,"[1978] The relationship between Crohn's disease and the gut microbiome via PROCESS_OF is that Crohn's disease is characterized by an imbalance in the gut microbiome, often referred to as dysbiosis. This imbalance can lead to an abnormal immune response, which in turn can cause inflammation and damage to the gastrointestinal tract.

In more detail, the PROCESS_OF relationship involves the following steps:

1. The gut microbiome plays a crucial role in maintaining the health of the gastrointestinal tract.
2"
C0242379,Malignant neoplasm of lung,neop,PROCESS_OF,C0030705,Patients,humn,2011,27755808,27755808,,16907808,"In a biomedical context, what is the relationship between Malignant neoplasm of lung and patients or groups via PROCESS_OF?",0.3303725123405456,0.0,Patients,0,"[1960] 

The relationship between Malignant neoplasm of lung and patients or groups via PROCESS_OF is that smoking is a well-established risk factor for developing lung cancer. The process of smoking involves the inhalation of tobacco smoke, which contains numerous carcinogens that can damage the DNA of lung cells, leading to genetic mutations and ultimately, the development of malignant neoplasms. This process can be described as follows:

1. Tobacco smoke contains carcinogens such as polycyclic aromatic"
C0242606,Oxidative Stress,comd,AFFECTS,C0007613,Cell physiology,celf,2024,38167159,38167159,,411918748,Which cell types does Oxidative Stress primarily affect?,0.5063781142234802,0.0,Cell physiology,0,"[1990s] 
Oxidative stress primarily affects cells with high energy requirements and those that have a high turnover rate of cellular components. This includes:

1. **Neurons**: Due to their high energy demands and limited ability to regenerate, neurons are particularly susceptible to oxidative stress.
2. **Mitochondrial-rich cells**: Cells with high mitochondrial density, such as muscle cells and hepatocytes, are more prone to oxidative damage due to the increased production of reactive oxygen species (ROS)"
C0013238,Dry Eye Syndromes,dsyn,PROCESS_OF,C0018724,Health Personnel,humn,2024,38131591,38131591,,411435236,"In a biomedical context, what is the relationship between Dry Eye Syndromes and patients or groups via PROCESS_OF?",0.1027283146977424,0.0,Health Personnel,0,"[1997] 
The relationship between Dry Eye Syndromes and patients or groups via PROCESS_OF is related to the tear film's instability and reduced tear production. This is often caused by an imbalance in the tear film's components, such as the aqueous layer, mucin layer, and lipid layer. 

In the PROCESS_OF relationship, the tear film's instability and reduced tear production can be caused by various factors, including:

1.  Meibomian gland dysfunction (MGD)"
C0007634,Cells,cell,LOCATION_OF,C0040711,"Translation, Genetic",genf,2013,23209130,23209130,,19056911,Which medical entities is the anatomical location of Cells?,0.1803193241357803,0.0,"Translation, Genetic",0,"I'm happy to help you with your question. However, I need a bit more information about the specific medical entities you are referring to. Could you please provide more context or clarify which cells you are interested in (e.g. nerve cells, muscle cells, blood cells, etc.)?

That being said, here are a few examples of medical entities and the anatomical locations of specific cells:

* Nerve cells (neurons): The central nervous system (CNS), which includes the brain and"
5562|5563|5564,PRKAA1|PRKAA2|PRKAB1,gngm,INHIBITS,C0021760,Interleukin-6,gngm,2019,31071567,31071567,,332820927,Which genes does PRKAA1|PRKAA2|PRKAB1 inhibit?,0.1645204573869705,0.0,Interleukin-6,0,"[1998] 
The genes that PRKAA1, PRKAA2, and PRKAB1 inhibit are those involved in the process of glycolysis and lipolysis. PRKAA1 and PRKAA2 are the alpha subunits of the AMP-activated protein kinase (AMPK), while PRKAB1 is the beta subunit. 

AMPK is a key regulator of cellular energy homeostasis. When the cellular energy status is low, AMPK is"
C0032000,Pituitary Adenoma,neop,OCCURS_IN,C0237401,Individual,grup,2020,31769844,31769844,,344109639,"In a biomedical context, what is the relationship between Pituitary Adenoma and medical entities via OCCURS_IN?",0.0404865592718124,0.0,Individual,0,"[1995] 
The relationship between Pituitary Adenoma and medical entities via OCCURS_IN is based on the fact that Pituitary Adenoma is a type of tumor that occurs in the pituitary gland, which is located at the base of the brain. The OCCURS_IN relationship indicates that the Pituitary Adenoma is located within the pituitary gland. This relationship is often represented in biomedical ontologies, such as the National Cancer Institute's Th"
54935,DUSP23,aapp,AFFECTS,C0020291,Hydrolysis,npop,2012,23145819,23145819,,19772062,Which medical entities does DUSP23 primarily affect?,0.0716783255338668,0.0,Hydrolysis,2018,"

DUSP23 (Dual specificity phosphatase 23) primarily affects the MAPK (Mitogen-Activated Protein Kinase) signaling pathway, which plays a crucial role in various cellular processes such as cell proliferation, differentiation, and survival. 

DUSP23 specifically targets and dephosphorylates the ERK (Extracellular signal-Regulated Kinase) subfamily of MAPKs, which are involved in the regulation of cell growth, migration"
C1282853,Entire venous sinus,bsoj,PART_OF,C0006104,Brain,bpoc,2017,27625436,27625436,,6570236,"In a biomedical context, what is the relationship between Entire venous sinus and tissues or organs via PART_OF?",0.7576415538787842,1.0,Brain,0,"[1995] 

The PART_OF relationship in the biomedical context refers to the structural organization of the body. In this case, the entire venous sinus is a part of the larger structure, which is the venous system. The venous system is further composed of various tissues or organs, such as the brain, liver, and spleen, which are connected to the venous sinuses.

The PART_OF relationship is a type of biological relationship that describes the hierarchical organization of the body. It"
C0007012,Carbon Dioxide,bacs,AFFECTS,C0018270,Growth,orgf,2015,27721521,27721521,,1449784,Which medical entities does Carbon Dioxide primarily affect?,0.1085101515054702,0.0,Growth,0,"[1960s]  The primary medical entities affected by carbon dioxide (CO2) are respiratory and cardiovascular systems. 

In the respiratory system, CO2 plays a crucial role in the regulation of breathing. An increase in CO2 levels in the blood (hypercapnia) stimulates the respiratory centers in the brain to increase breathing rate, which helps to expel excess CO2 from the body. Conversely, a decrease in CO2 levels (hypocapnia) can lead to a decrease in"
C1415537|3087,HHEX gene|HHEX,gngm,ASSOCIATED_WITH,C0011860,"Diabetes Mellitus, Non-Insulin-Dependent",dsyn,2021,33392810,33392810,,361897783,Which diseases or conditions is HHEX gene|HHEX most strongly associated with?,0.1896539628505706,0.0,"Diabetes Mellitus, Non-Insulin-Dependent",0,"[1996] The HHEX gene is most strongly associated with aniridia, a rare congenital disorder characterized by the underdevelopment or absence of the iris. This condition is often caused by mutations in the PAX6 gene, but HHEX has also been implicated in the development of aniridia due to its role in the regulation of eye development.

[2003] HHEX has also been associated with pancreatic development and diabetes. Mutations in the HHEX gene have"
C0079419|7157,TP53 gene|TP53,gngm,AFFECTS,C0004391,Autophagy,celf,2012,23150758,23150758,,22591849,Which cell types does TP53 gene|TP53 primarily affect?,0.1833094358444214,0.0,Autophagy,0,"[1993] The TP53 gene, also known as tumor protein p53, primarily affects two main cell types: 

1. **Stem cells**: TP53 plays a crucial role in maintaining the integrity of stem cells by regulating their self-renewal, differentiation, and survival. It acts as a tumor suppressor by preventing the uncontrolled proliferation of stem cells, which can lead to cancer.

2. **Immune cells**: TP53 also affects immune cells, such as T cells and"
C0031843,physiological aspects,phsf,PROCESS_OF,C0032385,Pollen,plnt,2019,30626027,30626027,,332919893,"In a biomedical context, what is the relationship between physiological aspects and medical entities via PROCESS_OF?",0.1308819055557251,0.0,Pollen,0,"[1999] 
The relationship between physiological aspects and medical entities via PROCESS_OF is based on the concept of the Gene Ontology (GO) and the relationship between biological processes and their outcomes. In the context of biomedical ontologies, PROCESS_OF is a relation that describes the causal or temporal relationship between a process and its outcome or product.

In this context, PROCESS_OF is used to link a physiological process (e.g., a disease or a biological process) to a medical entity (e.g"
8661,EIF3A,gngm,LOCATION_OF,C0162493,Transcriptional Activation,genf,2015,25592322,25592322,,19306624,Which medical entities is the anatomical location of EIF3A?,0.1215490028262138,0.0,Transcriptional Activation,0,"[1998] EIF3A is a subunit of the eukaryotic translation initiation factor 3 (eIF3), which is a complex involved in the initiation of protein synthesis. 

The anatomical location of EIF3A is in the cytoplasm of cells, particularly in the vicinity of the endoplasmic reticulum and the ribosomes, where protein synthesis occurs"
C1334144|3683,ITGAL gene|ITGAL,gngm,INHIBITS,C0070829,phosphodiesterase IV,gngm,2016,27731313,27731313,,7034418,Which genes does ITGAL gene|ITGAL inhibit?,0.0450378507375717,0.0,phosphodiesterase IV,0,"[1993] 
The ITGAL gene encodes for the LFA-1 alpha subunit, which is a part of the Lymphocyte Function-associated Antigen 1 (LFA-1) complex. LFA-1 is an integrin that plays a crucial role in cell adhesion and signaling. ITGAL inhibits the expression of the ICAM-1 gene, which encodes for Intercellular Adhesion Molecule 1 (ICAM-1). IC"
C0383269|7167|7984|8914|26762,Rho Guanine Nucleotide Exchange Factor 5|TPI1|ARHGEF5|TIMELESS|HAVCR1,aapp,COMPARED_WITH,C0302912,Radicals (chemistry),chvs,2010,20007320,20007320,,24183102,"In a biomedical context, what is the relationship between Rho Guanine Nucleotide Exchange Factor 5|TPI1|ARHGEF5|TIMELESS|HAVCR1 and medical entities via COMPARED_WITH?",0.0931989178061485,0.0,Radicals (chemistry),2010,"I couldn't find any information on the relationship between Rho Guanine Nucleotide Exchange Factor 5|TPI1|ARHGEF5|TIMELESS|HAVCR1 and medical entities via COMPARED_WITH. However, I can provide information on the relationship between Rho Guanine Nucleotide Exchange Factor 5 (ARHGEF5) and medical entities.

[2010] 
ARHGEF5 is a Rho guanine nucleotide exchange factor that plays"
C0004475,Azacitidine,phsu,ADMINISTERED_TO,C0030705,Patients,humn,2019,30630862,30630862,,332964335,To which patients or groups is Azacitidine typically administered?,0.2123612612485885,0.0,Patients,0,"Azacitidine is typically administered to patients with myelodysplastic syndromes (MDS), a group of disorders caused by poorly formed or dysfunctional blood cells. It is also used in the treatment of acute myeloid leukemia (AML) and chronic myelomonocytic leukemia (CMML). Azacitidine works by inhibiting DNA methyltransferases, which are enzymes responsible for adding methyl groups to DNA, leading to gene silencing. By inhib"
C0596155,Basal Cell,cell,PART_OF,C0026591,Mothers,humn,2014,24243908,24243908,,19169605,"In a biomedical context, what is the relationship between Basal Cell and patients or groups via PART_OF?",-0.0225292462855577,0.0,Mothers,0,"[1995]

In the context of biomedical ontologies, the relationship between Basal Cell and patients or groups via PART_OF is based on the concept of cellular composition. Basal Cell is a type of cell that can be found in various tissues and organs, including skin, hair follicles, and other epithelial tissues.

The PART_OF relationship is used to describe the composition of a tissue or organ, where a cell or a group of cells is a part of a larger structure. In this case"
C0162415,Mesenchyma,emst,LOCATION_OF,C0027651,Neoplasm,neop,2012,23113387,23113387,,18985044,Which diseases or conditions is the anatomical location of Mesenchyma?,0.4063087403774261,0.0,Neoplasm,0,"[1868] The term'mesenchyme' was first coined by German anatomist Wilhelm His in 1868. Mesenchyme is a type of loose connective tissue that is found in the embryo and is involved in the development of various organs and tissues. 

The anatomical location of mesenchyme includes:

1.  The connective tissue surrounding the blood vessels, nerves, and other organs.
2.  The lymphoid organs, such as the spleen and lymph nodes"
C0063146,Hydroxyl Radical,inch,ISA,C0302912,Radicals (chemistry),chvs,2014,24528748,24528748,,18870634,"In a biomedical context, what is the relationship between Hydroxyl Radical and medical entities via ISA?",0.3135216236114502,0.0,Radicals (chemistry),0,"[1990]

In the biomedical context, the relationship between Hydroxyl Radical (•OH) and medical entities via Inhibitory of Site-Specific Attack (ISA) is related to the mechanism of oxidative stress. The hydroxyl radical is a highly reactive and potent oxidizing agent that can cause damage to biomolecules such as DNA, proteins, and lipids.

The ISA mechanism refers to the ability of certain molecules to inhibit the site-specific attack of hydroxyl radicals on biomolecules"
C4763675,Single Agent Therapy,topp,TREATS,C1516213,Cancer Patient,podg,2021,33402510,33402510,,361957280,Which medical entities is Single Agent Therapy commonly used to treat?,0.3782797753810882,0.0,Cancer Patient,0,"[1960s] Single Agent Therapy is commonly used to treat certain types of leukemia, such as Chronic Myeloid Leukemia (CML) and Acute Lymphoblastic Leukemia (ALL). 

The scientific mechanism behind Single Agent Therapy in leukemia involves targeting specific molecular pathways that are responsible for the proliferation and survival of cancer cells. In the case of CML, Single Agent Therapy often involves the use of tyrosine kinase inhibitors (TKIs), such as imatinib"
C0040648,TRANSCRIPTION FACTOR,bacs,PART_OF,C1413194|10576,CCT2 gene|CCT2,aapp,2024,38166853,38166853,,411915043,"In a biomedical context, what is the relationship between TRANSCRIPTION FACTOR and proteins via PART_OF?",0.2137806266546249,0.0,CCT2 gene|CCT2,0,"[1990s] 

In the context of biomedical ontologies, particularly the Gene Ontology (GO), the relationship between a TRANSCRIPTION FACTOR and a protein via PART_OF is related to the concept of transcription factor binding sites.

A transcription factor is a protein that regulates gene expression by binding to specific DNA sequences near a gene's promoter or enhancer regions. When a transcription factor binds to its target DNA sequence, it can either activate or repress the transcription of the associated gene.

The PART"
C0011860,"Diabetes Mellitus, Non-Insulin-Dependent",dsyn,PROCESS_OF,C0679646,Participant,humn,2015,26287285,26287285,,933600,"In a biomedical context, what is the relationship between Diabetes Mellitus, Non-Insulin-Dependent and patients or groups via PROCESS_OF?",0.067037858068943,0.0,Participant,0,"[1936] 

In the context of Diabetes Mellitus, Non-Insulin-Dependent (Type 2 Diabetes), the relationship between the disease and patients or groups can be described as a process of insulin resistance and impaired insulin secretion. This process is mediated by various factors, including genetic predisposition, obesity, physical inactivity, and an unhealthy diet.

The PROCESS_OF relationship can be broken down into several key steps:

1. **Insulin Resistance**: The body's cells become less responsive"
C0919487|4914,NTRK1 gene|NTRK1,gngm,STIMULATES,C0164786|207,Proto-Oncogene Proteins c-akt|AKT1,gngm,2015,26446845,26446845,,2538092,Which genes does NTRK1 gene|NTRK1 stimulate?,0.1778534501791,0.0,Proto-Oncogene Proteins c-akt|AKT1,0,"[1986] 
The NTRK1 gene encodes for the TrkA receptor, which is a tyrosine kinase receptor. When NTRK1 is stimulated, it can activate various downstream signaling pathways, including the MAPK/ERK pathway and the PI3K/AKT pathway. 

These pathways can lead to the activation of several genes involved in cell proliferation, differentiation, and survival. Some of the genes that are stimulated by NTRK1 include:

- BDN"
C0021665,Insulin-Like Growth Factor I,aapp,PREDISPOSES,C0494463,"Alzheimer Disease, Late Onset",mobd,2012,23089282,23089282,,23318792,"In a biomedical context, what is the relationship between Insulin-Like Growth Factor I and diseases or conditions via PREDISPOSES?",0.1400929689407348,0.0,"Alzheimer Disease, Late Onset",0,"[1996] Insulin-Like Growth Factor I (IGF-I) has been linked to various diseases and conditions through its role in cell proliferation, differentiation, and survival. IGF-I can predispose individuals to certain conditions by promoting the growth and development of cells, which can lead to uncontrolled cell growth and tumor formation in the case of cancer. 

In the context of PREDISPOSES, IGF-I has been associated with an increased risk of developing conditions such as:

1"
C0521119,Extracellular,celc,LOCATION_OF,C0017436,Gentamicins,carb,2011,21906667,21906667,,231796353,Which medical entities is the anatomical location of Extracellular?,0.0637151151895523,0.0,Gentamicins,0,"[1960s] The term ""extracellular"" refers to the space outside of cells in living organisms. The anatomical location of extracellular space is found in various tissues and organs throughout the body, including:

1. Interstitial space: This is the space between cells and the surrounding connective tissue, found in organs such as the liver, kidney, and muscle.
2. Blood vessels: The space between the endothelial cells lining blood vessels and the surrounding connective tissue.
3. L"
C1377705,Preservative free ingredient,phsu,TREATS,C0014175,"Endometriosis, site unspecified",dsyn,2018,28954602,28954602,,249486999,Which diseases or conditions is Preservative free ingredient commonly used to treat?,-0.0296519696712493,0.0,"Endometriosis, site unspecified",0,"[1960s] The preservative-free ingredient commonly used to treat various diseases and conditions is Sterile Water for Injection or Saline Solution. However, a more specific answer would be the use of preservative-free ingredients in the treatment of conditions such as:

1.  Allergic reactions: Preservative-free epinephrine is used to treat anaphylaxis.
2.  Ophthalmic conditions: Preservative-free eye drops are used to treat conditions such as dry eye syndrome, conj"
79001,VKORC1,gngm,NEG_INTERACTS_WITH,C1332829|1559,CYP2C9 gene|CYP2C9,gngm,2017,27743182,27743182,,12080515,"In a biomedical context, what is the relationship between VKORC1 and genes via NEG_INTERACTS_WITH?",0.041895356029272,0.0,CYP2C9 gene|CYP2C9,0,"

VKORC1 (Vitamin K Epoxide Reductase Complex Subunit 1) is a gene that plays a crucial role in the vitamin K-dependent blood coagulation pathway. The NEG_INTERACTS_WITH relationship between VKORC1 and other genes typically refers to its interaction with the CYP2C9 gene.

The CYP2C9 gene encodes for an enzyme that is responsible for the metabolism of warfarin, a commonly used antico"
C1415193|2817,GPC1 gene|GPC1,gngm,ASSOCIATED_WITH,C1326912,Tumorigenesis,neop,2015,25046223,25046223,,19567552,Which diseases or conditions is GPC1 gene|GPC1 most strongly associated with?,0.2565184235572815,0.0,Tumorigenesis,0,"[1996] The GPC1 gene, also known as glypican-1, is most strongly associated with various conditions, including cancer, particularly hepatocellular carcinoma (HCC), and certain types of leukemia. 

The GPC1 gene encodes a heparan sulfate proteoglycan that is involved in cell signaling, cell growth, and cell migration. It plays a crucial role in the regulation of cell proliferation, differentiation, and survival. Abnormal expression of GPC1"
C1184145,Occipital,blor,LOCATION_OF,C0016658,Fracture,inpo,2010,19936662,19936662,,19474170,Which medical entities is the anatomical location of Occipital?,0.1836355924606323,0.0,Fracture,0,"[1899] The anatomical location of the occipital region is associated with the occipital lobe, which is a part of the brain. 

The occipital lobe is located at the back of the brain, and it is primarily responsible for processing visual information. It is situated near the occipital bone, which is a part of the skull that forms the back and base of the cranium. 

The occipital lobe is divided into several sub-regions"
C0021753,Interleukin-1 beta,aapp,ASSOCIATED_WITH,C0041327,"Tuberculosis, Pulmonary",dsyn,2017,27661435,27661435,,6989612,Which diseases or conditions is Interleukin-1 beta most strongly associated with?,0.1692499667406082,0.0,"Tuberculosis, Pulmonary",0,"[1984] Interleukin-1 beta (IL-1β) is a pro-inflammatory cytokine that plays a crucial role in the body's immune response. It is most strongly associated with various inflammatory and autoimmune diseases, including:

1. Rheumatoid Arthritis (RA): IL-1β is involved in the pathogenesis of RA by promoting joint inflammation and cartilage destruction.
2. Gout: IL-1β is a key mediator of gouty inflammation, contributing"
C0006104,Brain,bpoc,NEG_LOCATION_OF,C0677043,Histopathology,patf,2010,20005854,20005854,,23294974,"In a biomedical context, what is the relationship between Brain and pathologic functions via NEG_LOCATION_OF?",0.2064639180898666,0.0,Histopathology,0,"I couldn't find any information on ""NEG_LOCATION_OF"" in a biomedical context. It's possible that this term is not a standard scientific concept or it might be a misspelling or abbreviation.

However, I can provide information on the relationship between brain and pathologic functions in a general sense.

[1990s] The concept of ""neglect"" or ""neglect syndrome"" in neuroscience refers to a condition where a person has difficulty perceiving or responding to stimuli on one side of their"
C1510438,Assay,lbpr,MEASURES,C0028128,nitric oxide,inch,2024,38167957,38167957,,411924248,"In a biomedical context, what is the relationship between Assay and medical entities via MEASURES?",0.0998016893863678,0.0,nitric oxide,0,"[1999]

The relationship between Assay and medical entities via MEASURES is based on the concept of measurement theory, which was introduced by the International Organization for Standardization (ISO) in 1999. MEASURES is a framework that describes the relationship between a measurement (Assay) and the medical entities being measured.

In MEASURES, a measurement is defined as a function that maps a set of input values (e.g., laboratory results) to a set of output values ("
C0013404,Dyspnea,sosy,ISA,C1457887,Symptoms,sosy,2019,30621812,30621812,,332881435,"In a biomedical context, what is the relationship between Dyspnea and medical entities via ISA?",0.2036888003349304,0.0,Symptoms,2015,"

In the context of biomedical research, Dyspnea is a symptom characterized by shortness of breath or difficulty breathing. The ISA (International Statistical Classification of Diseases and Related Health Problems, 10th Revision) codes provide a standardized framework for classifying medical conditions.

Research has identified various medical entities associated with Dyspnea, including:

1. **Chronic Obstructive Pulmonary Disease (COPD)**: ISA code J40-J44. COPD is a progressive"
C0678889,Immunoregulation,orgf,PROCESS_OF,C0026809,Mus,mamm,2015,26508976,26508976,,19768572,"In a biomedical context, what is the relationship between Immunoregulation and species via PROCESS_OF?",0.1122770011425018,0.0,Mus,0,"[1970s] 

The relationship between Immunoregulation and species via PROCESS_OF is that Immunoregulation is a biological process that occurs within an organism, specifically in the immune system, to regulate and maintain immune homeostasis. This process involves the interaction of various immune cells, such as T cells and B cells, as well as the production of cytokines and other signaling molecules.

In the context of species, Immunoregulation is a conserved process that has evolved across different"
C0015403,Eye Infection,dsyn,AFFECTS,C0232478,Ingestion,biof,2023,36544752,36544752,,394553969,Which biologic functions does Eye Infection primarily affect?,0.16691255569458,0.0,Ingestion,0,"[1960s] The primary biologic functions affected by eye infections include:

1. **Immune Response**: Eye infections trigger an immune response, which involves the activation of various immune cells, such as neutrophils and macrophages, to fight off the invading pathogens.

2. **Inflammation**: Eye infections cause inflammation, which is a complex biological response of body tissues to harmful stimuli, such as pathogens, damaged cells, or irritants. Inflammation leads to increased blood flow"
C0016030,Fibroblasts,cell,NEG_PRODUCES,C0214226,HA-2 antigen,aapp,2018,29567312,29567312,,249183788,"In a biomedical context, what is the relationship between Fibroblasts and proteins via NEG_PRODUCES?",0.1582584232091903,0.0,HA-2 antigen,0,"[1990s] 

In the context of fibroblast biology, NEG_PRODUCES is a relationship type that describes the production of proteins by fibroblasts. Fibroblasts are a type of cell found in connective tissue that play a crucial role in the production of the extracellular matrix, which provides structural and biochemical support to surrounding cells.

Fibroblasts produce a wide range of proteins, including collagen, elastin, and fibronectin, through the process"
C0199176,Prophylactic treatment,topp,PREDISPOSES,C0940933,"Complication, infection",dsyn,2018,29506345,29506345,,249417554,"In a biomedical context, what is the relationship between Prophylactic treatment and diseases or conditions via PREDISPOSES?",0.1597375124692917,0.0,"Complication, infection",0,"[1990s] 

The concept of PREDISPOSES was first introduced in the 1990s as a framework to understand the relationship between prophylactic treatment and diseases or conditions. PREDISPOSES is an acronym that stands for:

1. **P**redisposing factors (e.g., genetic predisposition, environmental factors)
2. **R**isk factors (e.g., lifestyle choices, medical history)
3. **E**xposure (e.g., to pathogens"
C1454315|8862,"APLN protein, human|APLN",aapp,STIMULATES,C0669365|4846,"NOS3 protein, human|NOS3",aapp,2024,38177539,38177539,,411977540,"Which proteins does APLN protein, human|APLN stimulate?",0.1530121266841888,0.0,"NOS3 protein, human|NOS3",0,"[1997] 
The APLN (Adipocyte-Proliferation-Associated Protein) protein, also known as apelin, stimulates the APJ (Apelin Receptor) protein. The APJ receptor is a G protein-coupled receptor that plays a crucial role in various physiological processes, including cardiovascular function, energy homeostasis, and inflammation"
C0332768,Joint Subluxations,inpo,PROCESS_OF,C0599755,Cohort,humn,2022,34980895,34980895,,378129647,"In a biomedical context, what is the relationship between Joint Subluxations and patients or groups via PROCESS_OF?",0.2726101577281952,0.0,Cohort,0,"[1992] 

The relationship between Joint Subluxations and patients or groups via PROCESS_OF is related to the concept of joint instability. Joint subluxations occur when a joint partially dislocates, leading to instability and potential damage to surrounding tissues. In a biomedical context, this process can be described as a mechanical process where the joint's normal anatomical alignment is disrupted, resulting in abnormal movement patterns and potentially leading to further complications.

The PROCESS_OF relationship in this context can be understood as follows"
C0033640,PROTEIN KINASE,aapp,AFFECTS,C0032005,Pituitary Gland,bpoc,2020,31586652,31586652,,342425367,Which tissues or organs does PROTEIN KINASE primarily affect?,0.2644840180873871,0.0,Pituitary Gland,0,"[1950s] 
Protein kinase primarily affects various tissues and organs, particularly those involved in cellular signaling pathways. 

Protein kinases are enzymes that transfer phosphate groups from high-energy, phosphate-donating molecules to specific substrates, which are proteins. This process, known as phosphorylation, can activate or inhibit the activity of the target protein, thereby influencing various cellular processes.

Some of the primary tissues and organs affected by protein kinases include:

1. **Muscle tissue**: Protein"
C0013798,Electrocardiogram,diap,DIAGNOSES,C0149721,Left Ventricular Hypertrophy,dsyn,2022,34986917,34986917,,378196230,Which diseases or conditions is Electrocardiogram used to diagnose?,0.6444545984268188,0.0,Left Ventricular Hypertrophy,0,"[1924] An Electrocardiogram (ECG or EKG) is a non-invasive test used to diagnose various heart-related conditions and diseases. The ECG measures the electrical activity of the heart, allowing doctors to assess its function and identify potential problems.

The ECG works by detecting the electrical impulses that control the heartbeat. These impulses are generated by the heart's natural pacemaker, the sinoatrial (SA) node, and travel through the heart's electrical conduction system"
C1029081,Acanthopagrus schlegelii,fish,ISA,C0003062,Animals,anim,2010,19917286,19917286,,26934833,"In a biomedical context, what is the relationship between Acanthopagrus schlegelii and medical entities via ISA?",0.0178562849760055,0.0,Animals,2018,"

Acanthopagrus schlegelii, also known as the flathead mullet, is a species of fish. In a biomedical context, the relationship between Acanthopagrus schlegelii and medical entities via ISA (Inter Species Association) is related to its potential therapeutic applications.

Research has shown that Acanthopagrus schlegelii contains various bioactive compounds, such as peptides and proteins, which have been associated with anti-inflammatory"
C0006657,Calcifediol,strd,ASSOCIATED_WITH,C0699748,Pathogenesis,patf,2011,27683380,27683380,,15493043,Which pathologic functions is Calcifediol most strongly associated with?,0.2366591244935989,0.0,Pathogenesis,0,"[1970s] Calcifediol, also known as 25-hydroxyvitamin D3, is a major circulating metabolite of vitamin D. It is most strongly associated with the regulation of calcium homeostasis and bone mineralization. 

Calcifediol plays a crucial role in the activation of vitamin D, which is essential for the absorption of calcium from the intestine. It also regulates the expression of genes involved in calcium and phosphate metabolism, thereby influencing bone health and density"
C0025552,Metals,inch,HIGHER_THAN,C1288290,Shale,inch,2013,23208758,23208758,,18877019,"In a biomedical context, what is the relationship between Metals and medical entities via HIGHER_THAN?",0.1868490129709243,0.0,Shale,2010,"

In a biomedical context, the relationship between metals and medical entities via HIGHER_THAN refers to the concept of metal-induced cytotoxicity, where certain metals can induce higher levels of toxicity in medical entities, such as cells or tissues, compared to other metals.

The scientific mechanism behind this relationship involves the ability of metals to interact with biological molecules, such as proteins, DNA, and lipids, leading to the disruption of normal cellular function and ultimately, cell death. The toxicity"
C0004358,Autoantibodies,aapp,PREDISPOSES,C0006826,Malignant Neoplasms,neop,2013,23916966,23916966,,19209034,"In a biomedical context, what is the relationship between Autoantibodies and diseases or conditions via PREDISPOSES?",0.1307153850793838,0.0,Malignant Neoplasms,0,"[1950s] 
Autoantibodies are a type of antibody that targets and binds to self-antigens, which are proteins or other molecules produced by the body itself. The presence of autoantibodies is often associated with autoimmune diseases, where the immune system mistakenly attacks and damages its own tissues.

In the context of PREDISPOSES, autoantibodies can predispose individuals to various diseases or conditions by:

1. **Triggering inflammation**: Autoantibodies can"
C0041904,Up-Regulation (Physiology),moft,AFFECTS,8195|54903,MKKS|MKS1,gngm,2016,27734030,27734030,,8291700,Which genes does Up-Regulation (Physiology) primarily affect?,0.2376452982425689,0.0,MKKS|MKS1,0,"[1990] The primary genes affected by Up-Regulation are those involved in cellular processes such as metabolism, cell growth, and differentiation. Up-Regulation refers to the increased expression of genes, leading to an increase in the production of their corresponding proteins. This can result in various physiological changes, such as enhanced enzyme activity, increased cell proliferation, or altered gene expression patterns.

In more detail, Up-Regulation can affect genes involved in:

1. Metabolic pathways: Genes encoding"
C0584564,Synovial structure,bpoc,PART_OF,C0019944,Equus caballus,mamm,2019,29931725,29931725,,308411687,"In a biomedical context, what is the relationship between Synovial structure and species via PART_OF?",0.1251770108938217,0.0,Equus caballus,0,"[1995]

In the context of biomedical ontologies, the PART_OF relationship is used to describe the composition of anatomical structures. In the case of synovial structures, the PART_OF relationship is used to describe their relationship with the species they are found in.

Specifically, synovial structures are found in the joints of many species, including humans. The PART_OF relationship indicates that synovial structures are a component of the joints, and that they are found in the joints of various"
C1299574,Hyperandrogenemia,fndg,PROCESS_OF,C0030705,Patients,humn,2012,23084689,23084689,,20625629,"In a biomedical context, what is the relationship between Hyperandrogenemia and patients or groups via PROCESS_OF?",0.1153659075498581,0.0,Patients,0,"[1960s] 

Hyperandrogenemia refers to an excess of androgens (male sex hormones) in the blood. The relationship between hyperandrogenemia and patients or groups can be understood through the PROCESS_OF mechanism as follows:

1. **Hormonal Imbalance**: Hyperandrogenemia occurs when there is an overproduction or under-excretion of androgens, leading to an imbalance in the body's hormonal system.
2. **Androgen Effects**: Elevated androgen levels"
C0023047,Larva,invt,ISA,C0021585,Insecta,invt,2012,23885436,23885436,,18936334,"In a biomedical context, what is the relationship between Larva and medical entities via ISA?",0.4334823787212372,0.0,Insecta,2015,"

In the context of biomedical research, ISA (In Situ Analysis) is a technique used to study the relationship between larvae and medical entities. ISA involves the use of advanced imaging and analytical tools to examine the spatial distribution and interactions of cells, tissues, and organs within a developing organism, such as a larva.

One area of research that has utilized ISA is the study of zebrafish larvae, which are commonly used as a model organism in biomedical research. Zeb"
C1422539|64109,CRLF2 gene|CRLF2,gngm,PREDISPOSES,C0279584,B-cell childhood acute lymphoblastic leukemia,neop,2017,27637012,27637012,,11789879,"In a biomedical context, what is the relationship between CRLF2 gene|CRLF2 and diseases or conditions via PREDISPOSES?",0.8750460147857666,1.0,B-cell childhood acute lymphoblastic leukemia,2011,"
The CRLF2 gene is associated with the regulation of the JAK/STAT signaling pathway, which plays a crucial role in cell growth, differentiation, and survival. Mutations or overexpression of the CRLF2 gene have been linked to various diseases, including:

1. B-cell acute lymphoblastic leukemia (B-ALL): CRLF2 overexpression is found in a subset of B-ALL patients, particularly those with high-risk disease. This overexpression can lead"
C0162713,Photosensitizing Agents,phsu,INTERACTS_WITH,C0017243,Gel,bodm,2011,21103464,21103464,,127086760,Which medical entities does Photosensitizing Agents significantly interact with?,0.1714707016944885,0.0,Gel,0,"[1960s] 
Photosensitizing agents significantly interact with porphyrins, which are a group of compounds that play a crucial role in the synthesis of heme. Porphyrins can accumulate in the body and become activated by light, leading to the production of reactive oxygen species that can damage cells and tissues.

[1970s] 
Photosensitizing agents also interact with chlorophyll, which is a green pigment found in plants and some microorganisms. Chloroph"
C0149887,Slipped Capital Femoral Epiphyses,dsyn,PROCESS_OF,C0008059,Child,humn,2023,36618493,36618493,,395476922,"In a biomedical context, what is the relationship between Slipped Capital Femoral Epiphyses and patients or groups via PROCESS_OF?",1.0,1.0,Child,0,"[1950] 

Slipped Capital Femoral Epiphyses (SCFE) is a condition where the femoral head slips off the femoral neck in adolescents. The relationship between SCFE and patients or groups via PROCESS_OF can be explained as follows:

In SCFE, the growth plate of the femoral neck is affected, leading to a weakening of the bond between the femoral head and the femoral neck. This weakening can be caused by various factors such as:

1. Hormonal"
C0936012,Analysis,resa,MEASURES,C1442469,6 Days,tmco,2010,24031572,24031572,,29112462,"In a biomedical context, what is the relationship between Analysis and medical entities via MEASURES?",0.0756079033017158,0.0,6 Days,0,"[1990]

The relationship between analysis and medical entities via MEASURES is based on the work of Donald A. B. Lindberg and his colleagues, who proposed the MEASURES framework in 1990. MEASURES stands for Medical Entities, Attributes, Relationships, Entities, and Relationships, and it is a conceptual framework for representing medical knowledge in a structured and formal way.

In the MEASURES framework, medical entities are represented as concepts or objects, such as diseases, symptoms"
C0011860,"Diabetes Mellitus, Non-Insulin-Dependent",dsyn,PROCESS_OF,C0683983,European American,humn,2011,23227446,23227446,,29541144,"In a biomedical context, what is the relationship between Diabetes Mellitus, Non-Insulin-Dependent and patients or groups via PROCESS_OF?",0.048814408481121,0.0,European American,0,"[1936] 

In the context of Diabetes Mellitus, Non-Insulin-Dependent (Type 2 Diabetes), the relationship between the disease and patients or groups can be described as a process of insulin resistance and impaired insulin secretion. This process is mediated by various factors, including genetic predisposition, obesity, physical inactivity, and an unhealthy diet.

The PROCESS_OF relationship can be broken down into several key steps:

1. **Insulin Resistance**: The body's cells become less responsive"
C0009924,Contrast Media,irda,CAUSES,C0175677,Injury,inpo,2015,26195974,26195974,,2513733,Which medical entities can Contrast Media cause or induce?,0.1018173098564148,0.0,Injury,0,"[1950s] Nephrogenic Systemic Fibrosis (NSF) - This condition is caused by the use of gadolinium-based contrast agents in patients with severe kidney disease. The mechanism involves the deposition of gadolinium ions in the skin and other tissues, leading to fibrosis and other symptoms.

[1960s] Contrast-Induced Nephropathy (CIN) - This condition is caused by the use of iodine-based contrast agents in patients with pre-existing"
C1279038,Entire diaphragm,bpoc,LOCATION_OF,C1140999,Contraction,patf,2014,25302708,25302708,,18841492,Which pathologic functions is the anatomical location of Entire diaphragm?,0.0813996046781539,0.0,Contraction,0,"[1893] The entire diaphragm is primarily responsible for the pathologic function of protecting the abdominal organs from herniation. 

The diaphragm is a dome-shaped muscle that separates the chest cavity from the abdominal cavity. When it contracts, it helps to increase the pressure in the chest cavity, which in turn allows for the expansion of the lungs during inhalation. 

However, the primary pathologic function of the entire diaphragm is to prevent the abdominal organs from herniating into the"
C0052796,Azithromycin,antb,TREATS,C0030705,Patients,podg,2015,26258100,26258100,,19811043,Which medical entities is Azithromycin commonly used to treat?,0.1352449208498001,0.0,Patients,0,"[1981] Azithromycin is a macrolide antibiotic that is commonly used to treat a variety of bacterial infections. 

It works by inhibiting protein synthesis in bacteria. Azithromycin binds to the bacterial ribosome, specifically to the 50S subunit, which is responsible for peptide bond formation. This binding prevents the translocation of the ribosome along the mRNA and the subsequent formation of peptide bonds, ultimately leading to the death of the bacterial cell.

Azithromycin"
C0596981,Muscle Cells,cell,LOCATION_OF,9361,LONP1,aapp,2019,30625302,30625302,,332913127,Which proteins is the anatomical location of Muscle Cells?,0.1847373992204666,0.0,LONP1,0,"[1953] 
The anatomical location of muscle cells is primarily associated with the proteins actin and myosin. Actin is a globular protein that forms microfilaments, which are part of the thin filaments in muscle cells. Myosin, on the other hand, is a motor protein that forms thick filaments and interacts with actin to produce muscle contraction through the sliding filament theory"
C0043240,Wound Healing,orgf,AFFECTS,C0019080,Hemorrhage,patf,2023,35633902,35633902,,384847906,Which pathologic functions does Wound Healing primarily affect?,0.2420124113559723,0.0,Hemorrhage,0,"[1970s]  The pathologic functions that wound healing primarily affects include:

1. **Inflammation**: The initial phase of wound healing, characterized by the activation of immune cells, such as neutrophils and macrophages, which help to clean the wound site and prevent infection.

2. **Cell Proliferation**: The second phase of wound healing, where fibroblasts, endothelial cells, and keratinocytes proliferate to form granulation tissue, which eventually"
C0007367,CATALASE,aapp,INHIBITS,C0017817,Glutathione,aapp,2019,30365061,30365061,,266920152,Which proteins does CATALASE inhibit?,0.3145807087421417,0.0,Glutathione,0,"[1964] 
The enzyme catalase is known to inhibit the activity of hydrogen peroxide (H2O2) by breaking it down into water and oxygen. However, in terms of inhibiting other proteins, catalase is known to inhibit the activity of certain enzymes that are sensitive to hydrogen peroxide, such as peroxidases and certain oxidases"
C0022646,Kidney,bpoc,LOCATION_OF,C0020364,Mixed Function Oxygenases,aapp,2014,24625659,24625659,,18936692,Which proteins is the anatomical location of Kidney?,0.0097015993669629,0.0,Mixed Function Oxygenases,0,"[1990] The anatomical location of the kidneys is in the retroperitoneal space, which is the area between the peritoneum and the posterior abdominal wall. The kidneys are located on either side of the spine, with one kidney located on the left side and the other on the right side, at about the level of the 12th thoracic vertebra (T12) and the 3rd lumbar vertebra (L3).

The kidneys are surrounded by several layers of"
C0041070,Trinitrotoluene,hops,DISRUPTS,C0243144,uptake,phsf,2019,30347353,30347353,,271357938,Which physiologic functions does Trinitrotoluene disrupt?,0.0019360068254172,0.0,uptake,0,"[1940s] Trinitrotoluene (TNT) is a well-known explosive compound that disrupts various physiologic functions in the body. When TNT is ingested or inhaled, it is metabolized into several toxic compounds, including 2,4-dinitrotoluene (2,4-DNT) and 4-amino-2,6-dinitrotoluene (4-A2,6-DNT). These compounds can cause oxidative stress and damage to cellular"
C0694563,Excessive daytime somnolence,sosy,CAUSES,C0027765,nervous system disorder,dsyn,2011,21298561,21298561,,128125485,Which diseases or conditions can Excessive daytime somnolence cause or induce?,0.4137133061885834,0.0,nervous system disorder,0,"[1990]  Excessive daytime somnolence (EDS) can cause or induce various conditions, including:

1. **Impaired cognitive function**: EDS can lead to decreased attention, memory, and decision-making abilities due to the brain's reduced ability to process information.
2. **Motor vehicle accidents**: EDS can increase the risk of accidents, as individuals may fall asleep while driving or operating heavy machinery.
3. **Workplace accidents**: Similar to motor vehicle accidents, E"
C0233929,Emission,orgf,COEXISTS_WITH,C1522786,pollination,orgf,2014,25335793,25335793,,19131315,Which medical entities commonly co-exists with Emission?,0.3201758861541748,0.0,pollination,0,"I'm assuming you're referring to Emission as in Emission SPECT (Single Photon Emission Computed Tomography) or Emission Tomography in general, which is a type of imaging technique used in medical diagnostics.

However, if you're referring to Emission as in Emission of radiation, then I'll assume you're asking about entities that co-exist with radiation exposure or radiation-induced conditions.

In the context of Emission Tomography, some medical entities that commonly co-exist with"
C0733758|6046,Follicle Stimulating Hormone|BRD2,aapp,INTERACTS_WITH,C0002844,Androgens,horm,2017,27641683,27641683,,13830383,Which medical entities does Follicle Stimulating Hormone|BRD2 significantly interact with?,0.3005425035953522,0.0,Androgens,2015,"
Follicle Stimulating Hormone Receptor (FSHR) is a known target of Follicle Stimulating Hormone|BRD2. The interaction between FSHR and Follicle Stimulating Hormone|BRD2 is significant in the context of ovarian follicular development and regulation. 

BRD2 is a bromodomain-containing protein that plays a crucial role in transcriptional regulation by binding to acetylated histones. The interaction between BR"
C0728940,Excision,topp,TREATS,C0028259,Nodule,acab,2012,25207053,25207053,,19435184,Which medical entities is Excision commonly used to treat?,0.261068731546402,0.0,Nodule,0,"[1960s] Excision is commonly used to treat various medical entities, including:

1. **Skin cancers**: Such as basal cell carcinoma, squamous cell carcinoma, and melanoma. The procedure involves surgically removing the cancerous tissue along with a margin of healthy skin to prevent recurrence.

2. **Benign skin growths**: Like moles, seborrheic keratoses, and lipomas. Excision is often used to remove these growths for cosmetic or diagnostic"
C0018494,hair,bpoc,LOCATION_OF,C0025424,Mercury,elii,2010,19909946,19909946,,22637184,Which medical entities is the anatomical location of hair?,0.2047555446624755,0.0,Mercury,0,"[1600s] The anatomical location of hair is the hair follicle, which is a small, tube-like structure in the skin. 

The hair follicle is located in the dermal layer of the skin, specifically in the subcutaneous tissue. It is composed of a cluster of cells called the dermal papilla, which surrounds the hair shaft and is connected to the sebaceous gland and the arrector pili muscle.

The hair follicle is a complex structure that is"
C0014442,Enzymes,enzy,INTERACTS_WITH,C0053118,bentazone,hops,2010,19937032,19937032,,19688969,Which medical entities does Enzymes significantly interact with?,0.2907321453094482,0.0,bentazone,0,"[1960s] Enzymes significantly interact with various medical entities, including:

1. **Proteins**: Enzymes catalyze the breakdown or synthesis of proteins, which are essential for numerous bodily functions, such as muscle contraction, nerve function, and immune response.

2. **Carbohydrates**: Enzymes like amylase and sucrase break down carbohydrates into simpler sugars, which are then absorbed and utilized by the body for energy.

3. **Lipids"
C0025234,Melitten,aapp,STIMULATES,C1518440,Nuclear Translocation,moft,2024,38149613,38149613,,411710770,Which medical entities does Melitten stimulate?,0.0504868105053901,0.0,Nuclear Translocation,0,"[1935] 
Melittin is a peptide found in bee venom, and it has been shown to stimulate various medical entities. It primarily stimulates the release of histamine from mast cells, which is a key component in the inflammatory response. This leads to increased blood flow, edema, and pain at the site of injection. Additionally, melittin has been found to stimulate the release of other chemical mediators, such as bradykinin and serotonin, which contribute to the inflammatory response"
C0020964,Immune response,ortf,PROCESS_OF,C0001675,Adult,humn,2023,36255697,36255697,,391265748,"In a biomedical context, what is the relationship between Immune response and patients or groups via PROCESS_OF?",0.0150524955242872,0.0,Adult,0,"[1990s] 

The relationship between immune response and patients or groups via PROCESS_OF is related to the concept of immunophenotyping. Immunophenotyping is the process of identifying and characterizing the different cell types within the immune system, such as T cells, B cells, and natural killer cells, based on their surface markers and functional properties.

In a biomedical context, immunophenotyping is used to understand the immune response in patients or groups, which can be useful in diagnosing"
C0678823,parenteral administration,topp,TREATS,C0259972,Ketogenic diet,fndg,2020,31313290,31313290,,339868031,Which clinical findings is parenteral administration commonly used to treat?,0.1311585158109665,0.0,Ketogenic diet,0,"[1950s] Parenteral administration is commonly used to treat conditions where oral or enteral routes are not feasible, such as severe gastrointestinal disorders, nausea, vomiting, or bowel obstruction. 

In such cases, medications are administered directly into the bloodstream through injections or intravenous (IV) infusions. This bypasses the digestive system, allowing the medication to take effect more quickly and avoiding potential gastrointestinal side effects.

Parenteral administration is also used in emergency situations, such as cardiac arrest or severe allergic"
C0162327,RNA Sequence,nusq,ADMINISTERED_TO,C0221192,Author,humn,2020,31327631,31327631,,340001651,To which patients or groups is RNA Sequence typically administered?,0.2857961058616638,0.0,Author,0,"
RNA interference (RNAi) therapy, which involves administering RNA sequences, is typically administered to patients with genetic disorders or diseases caused by specific gene mutations. 

The mechanism involves the delivery of small interfering RNA (siRNA) or short hairpin RNA (shRNA) into cells, which then bind to specific messenger RNA (mRNA) molecules. This binding triggers the degradation of the target mRNA, preventing the production of the disease-causing protein. 

RNAi therapy has been"
C0008972,Clinical Research,resa,USES,C0243076,antagonists,chvf,2011,21458445,21458445,,128994004,"In a biomedical context, what is the relationship between Clinical Research and medical entities via USES?",0.0790899842977523,0.0,antagonists,0,"[1960s] 

The relationship between Clinical Research and medical entities via USES (Utilization, Safety, Efficacy, and Side effects) is based on the scientific mechanism of evidence-based medicine. Clinical research involves the systematic investigation of medical interventions, treatments, or devices to determine their safety and efficacy in real-world settings.

In this context, USES refers to the key aspects of clinical research that are evaluated to determine the suitability of a medical entity for use in patients. 

- Util"
C0029418,Osteoblasts,cell,LOCATION_OF,C0596290,Cell Proliferation,celf,2020,31753351,31753351,,343960635,Which cell types is the anatomical location of Osteoblasts?,0.2537249624729156,0.0,Cell Proliferation,0,"[1875] 
Osteoblasts are a type of cell that is primarily found in the bone tissue. They are responsible for the formation and mineralization of bone matrix. The anatomical location of osteoblasts is on the surface of bone, where they are embedded in the periosteum, a layer of connective tissue that covers the bone. They can also be found in the endosteum, a layer of connective tissue that lines the inner surface of the bone"
C0001962,Ethanol,orch,CAUSES,C0239946,"Fibrosis, Liver",dsyn,2018,29414667,29414667,,249730585,Which diseases or conditions can Ethanol cause or induce?,0.4879213869571686,0.0,"Fibrosis, Liver",0,"[1929]  Cirrhosis: Ethanol consumption can lead to liver cirrhosis, a condition where the liver becomes scarred due to chronic inflammation and fibrosis. This is caused by the accumulation of fat in liver cells, leading to cell death and scarring.

[1950]  Fetal Alcohol Syndrome (FAS): Ethanol consumption during pregnancy can cause Fetal Alcohol Syndrome, a condition characterized by growth retardation, facial abnormalities, and central nervous system damage.

[196"
C0000833,Abscess,patf,ASSOCIATED_WITH,C1332714|920,CD4 gene|CD4,gngm,2013,24076465,24076465,,18751161,Which genes is Abscess most strongly associated with?,0.3364342749118805,0.0,CD4 gene|CD4,0,"
Abscesses are complex lesions that involve the coordinated action of various immune cells and molecular pathways. Research has identified several genes that are strongly associated with the development and progression of abscesses. 

One of the key genes associated with abscess formation is the NOD2 gene, which encodes a protein that recognizes bacterial components and triggers an inflammatory response. Variants of the NOD2 gene have been linked to an increased susceptibility to abscesses, particularly in the context"
C2603343,Study,resa,USES,C0180936,"Biopsy forceps, device",medd,2022,34993072,34993072,,378266408,"In a biomedical context, what is the relationship between Study and medical entities via USES?",0.3327312171459198,0.0,"Biopsy forceps, device",0,"[1993] 

The relationship between a study and medical entities via USES is based on the International Health Terminology Standards Development Organisation (IHTSDO) standard, which is now known as the International Organization for Standardization (ISO) 13971. 

In this context, the USES relationship is used to describe the application or use of a medical entity, such as a medication, device, or procedure, within a study. This relationship is often used in clinical trials and research studies"
C1172779,Endocannabinoids,bacs,INTERACTS_WITH,C0079189,cytokine,aapp,2016,26291402,26291402,,4017309,Which proteins does Endocannabinoids significantly interact with?,0.2731775343418121,0.0,cytokine,0,"[1990] 

Endocannabinoids significantly interact with cannabinoid receptors, specifically CB1 and CB2. CB1 receptors are primarily found in the brain and are involved in regulating various physiological and cognitive processes, such as pain, mood, memory, and appetite. CB2 receptors, on the other hand, are mainly found in the immune system and are involved in modulating inflammation and immune responses.

The primary endocannabinoids that interact with these receptors are anandamide (AEA) and"
C0003320,Antigens,bacs,COEXISTS_WITH,C0142825,sodium citrate,orch,2017,27829194,27829194,,37593907,Which chemicals commonly co-exists with Antigens?,0.1441594958305359,0.0,sodium citrate,0,"[1960s] 
The chemicals that commonly co-exist with antigens are haptens. Haptens are small molecules that can elicit an immune response only when attached to a larger carrier molecule, such as a protein. They are often found in combination with antigens, which are larger molecules that can stimulate an immune response on their own. Haptens can be covalently linked to antigens, forming a hapten-carrier conjugate, which is recognized by the immune"
C0002976,Angiogenesis Factor,bacs,AFFECTS,C0005847,Blood Vessels,bpoc,2011,21649938,21649938,,130058549,Which tissues or organs does Angiogenesis Factor primarily affect?,0.5660274028778076,0.0,Blood Vessels,0,"[1960s] Angiogenesis Factor (AF) primarily affects the vascular endothelium. It is a protein that stimulates the growth of new blood vessels from pre-existing ones, a process known as angiogenesis. AF is thought to act by binding to specific receptors on the surface of endothelial cells, triggering a cascade of signaling events that ultimately lead to the proliferation, migration, and differentiation of these cells into new blood vessels"
C0436196,Spectrometry,lbpr,USES,C0567415,Atom,elii,2011,21458627,21458627,,128995484,"In a biomedical context, what is the relationship between Spectrometry and medical entities via USES?",0.1427206993103027,0.0,Atom,0,"[1950s] 
Spectrometry, particularly Mass Spectrometry (MS), has been widely used in biomedical research and diagnostics. The relationship between spectrometry and medical entities is primarily through its various applications in the field of medicine. 

Some of the key uses of spectrometry in medicine include:

1. **Protein identification and quantification**: Mass spectrometry is used to identify and quantify proteins in biological samples, which is crucial for understanding protein function, disease mechanisms"
C0012634,Disease,dsyn,COEXISTS_WITH,C0038435,Stress,fndg,2020,31605941,31605941,,342603349,Which clinical findings commonly co-exists with Disease?,0.1529815942049026,0.0,Stress,0,"I'm happy to provide information on various clinical findings that commonly co-exist with different diseases. However, I need more specific information about the disease you are referring to. 

If you could provide the name of the disease or a more detailed description, I can give you a list of common co-existing clinical findings based on the latest scientific research.

Here are a few examples of diseases and their common co-existing clinical findings:

1. **Diabetes Mellitus**: 
   - Hypertension"
C0029418,Osteoblasts,cell,LOCATION_OF,57531,HACE1,aapp,2019,30622235,30622235,,332885032,Which proteins is the anatomical location of Osteoblasts?,0.0681538060307502,0.0,HACE1,0,"[1970] 
The anatomical location of osteoblasts is primarily found in the periosteum, endosteum, and bone matrix. The periosteum is a layer of connective tissue that covers the surface of bones, while the endosteum is a thin layer of connective tissue lining the inner surface of bones. Osteoblasts are also found within the bone matrix, where they are involved in the mineralization and formation of new bone tissue"
C3494174,Food Insecurity,fndg,PROCESS_OF,C0015576,Family,humn,2021,33060025,33060025,,361342253,"In a biomedical context, what is the relationship between Food Insecurity and patients or groups via PROCESS_OF?",0.1802166402339935,0.0,Family,0,"[1998] 
The relationship between Food Insecurity and patients or groups in a biomedical context is often studied through the PROCESS_OF relationship, which involves the mechanism of malnutrition. Food insecurity can lead to inadequate nutrition, resulting in malnutrition, which in turn can affect the body's ability to heal, recover from illness, or manage chronic conditions. This can exacerbate health problems, such as:

1. Weakened immune system: Malnutrition can impair the body's ability to fight off infections"
C0022646,Kidney,bpoc,LOCATION_OF,C0038838,Superoxide Dismutase,aapp,2012,24082320,24082320,,21791865,Which proteins is the anatomical location of Kidney?,0.0126570332795381,0.0,Superoxide Dismutase,0,"[1990] The anatomical location of the kidneys is in the retroperitoneal space, which is the area between the peritoneum and the posterior abdominal wall. The kidneys are located near the spine, with each kidney positioned on either side of the vertebral column, between the 12th thoracic vertebra (T12) and the 3rd lumbar vertebra (L3). 

The kidneys are also located near other organs such as the adrenal glands, which sit atop"
C1332838,Candidate Disease Gene,aapp,COEXISTS_WITH,C0752046,Single Nucleotide Polymorphism,nusq,2022,34991478,34991478,,378246645,Which medical entities commonly co-exists with Candidate Disease Gene?,0.0942112430930137,0.0,Single Nucleotide Polymorphism,0,"I'm not aware of any information about a ""Candidate Disease Gene."" However, I can provide information on genes that are commonly associated with various diseases. 

If you are referring to a specific gene, please provide more context or information about the gene you are referring to. 

However, I can provide some general information on genes that are commonly associated with various diseases. 

For example, the BRCA1 and BRCA2 genes are commonly associated with breast and ovarian cancer. The CFTR gene is"
10419,PRMT5,gngm,INTERACTS_WITH,C0003765,Arginine,aapp,2015,26258414,26258414,,19953099,Which proteins does PRMT5 significantly interact with?,0.0835210606455802,0.0,Arginine,0,"
PRMT5 (Protein Arginine Methyltransferase 5) significantly interacts with various proteins, including but not limited to, p53, p73, and the SMN complex. 

PRMT5 is a type of arginine methyltransferase that catalyzes the methylation of arginine residues on target proteins. This post-translational modification can alter the function, localization, and stability of the target proteins. 

In the case of p53 and"
C0291573|836,caspase-3|CASP3,aapp,AFFECTS,C0027794,Neural Tube Defects,cgab,2018,29352212,29352212,,249718979,Which medical entities does caspase-3|CASP3 primarily affect?,0.1130252406001091,0.0,Neural Tube Defects,0,"[1995] 
Caspase-3, also known as CASP3, is a crucial enzyme in the apoptosis (programmed cell death) pathway. It primarily affects various medical entities, including:

1. Cancer: Caspase-3 plays a significant role in the regulation of apoptosis in cancer cells. Its activation can lead to the induction of apoptosis in cancer cells, thereby inhibiting tumor growth and progression.
2. Neurodegenerative diseases: Caspase-3 has been"
C1333375,Ectopic Thymus,dsyn,CAUSES,C0019937,"Ocular-Ophthalmoplegia, Sympathetic",dsyn,2020,31737141,31737141,,343811348,Which diseases or conditions can Ectopic Thymus cause or induce?,0.14399054646492,0.0,"Ocular-Ophthalmoplegia, Sympathetic",0,"[1960s] Ectopic Thymus, also known as thymic ectopia, is a rare congenital anomaly where the thymus gland is located outside its normal position in the chest. This condition can cause or induce various diseases and conditions, including:

1. **Thymic hyperplasia**: The ectopic thymus can lead to an overgrowth of thymic tissue, which can cause respiratory problems and other complications.
2. **Thymic carcinoma"
C4042840,RAW 264.7 Cells,cell,LOCATION_OF,C0021760,interleukin-6,aapp,2022,34973775,34973775,,378029415,Which proteins is the anatomical location of RAW 264.7 Cells?,0.3513290286064148,0.0,interleukin-6,0,"[1998] 

RAW 264.7 cells are a murine macrophage cell line. They are derived from the peritoneal cavity of C57BL/6 mice. The RAW 264.7 cells are known to express various proteins and receptors that are characteristic of macrophages, such as CD11b, CD68, and FcγRII. 

The RAW 264.7 cells are often used as a model system to study the function and regulation of macro"
C0020981,Immunoblastic Lymphadenopathy,dsyn,PROCESS_OF,C0871685,Clinicians,prog,2015,26193796,26193796,,908753,"In a biomedical context, what is the relationship between Immunoblastic Lymphadenopathy and medical entities via PROCESS_OF?",0.2397240549325943,0.0,Clinicians,0,"[1981] 
Immunoblastic Lymphadenopathy (IBL) is a rare and aggressive form of non-Hodgkin lymphoma. The PROCESS_OF relationship between IBL and other medical entities involves the transformation of certain lymphoproliferative disorders into IBL. 

The PROCESS_OF relationship can be described as follows:

- IBL can PROCESS_OF the transformation of infectious mononucleosis (caused by Epstein-Barr virus) into a more aggressive lymphoma.
-"
C0857127,Induction,topp,TREATS,C0242606,Oxidative Stress,comd,2013,24369015,24369015,,18701647,Which medical entities is Induction commonly used to treat?,0.1595134139060974,0.0,Oxidative Stress,0,"[1960s] Induction is commonly used to treat various medical entities, particularly in the field of anesthesia and pain management. 

One of the primary uses of induction is in the administration of general anesthesia. In this context, induction refers to the process of introducing an anesthetic agent into the body to induce a state of unconsciousness or sedation, allowing for surgical procedures to be performed safely and effectively.

Induction is also used to treat acute pain, chronic pain, and other conditions such as"
C0021758,interleukin-4,aapp,STIMULATES,C0206116,Microglia,cell,2022,34993705,34993705,,378296611,Which cell types does interleukin-4 stimulate?,0.2673752605915069,0.0,Microglia,0,"[1986] Interleukin-4 (IL-4) is a cytokine that stimulates the proliferation and differentiation of various cell types, particularly:

1. T helper 2 (Th2) cells: IL-4 promotes the development and function of Th2 cells, which play a crucial role in the immune response against parasites and in the regulation of allergic reactions.
2. B cells: IL-4 stimulates the proliferation and differentiation of B cells, leading to the production of antibodies"
C0025149,medulloblastoma,neop,PROCESS_OF,C0008059,Child,humn,2010,19998469,19998469,,19394140,"In a biomedical context, what is the relationship between medulloblastoma and patients or groups via PROCESS_OF?",0.11239805072546,0.0,Child,0,"[1999]

Medulloblastoma is a type of brain cancer that primarily affects children. The relationship between medulloblastoma and patients or groups via PROCESS_OF can be explained by the process of tumor development and progression.

Medulloblastoma arises from the cerebellum, a part of the brain responsible for coordinating movement and balance. The process of tumor development involves the uncontrolled proliferation of cerebellar granule cells, which are a type of neural stem cell. This un"
C1457887,Symptoms,sosy,COEXISTS_WITH,C5203670,COVID-19,dsyn,2024,37944209,37944209,,409951888,Which diseases or conditions commonly co-exists with Symptoms?,0.1736958175897598,0.0,COVID-19,0,"I'm happy to provide information on various diseases or conditions that commonly co-exist with symptoms. Here are a few examples:

**1. Fibromyalgia and Irritable Bowel Syndrome (IBS)**
[1990s] Fibromyalgia is a chronic condition characterized by widespread muscle pain, fatigue, and tender points. IBS is a gastrointestinal disorder that causes abdominal pain, bloating, and changes in bowel movements. Studies have shown that up to 70% of people with"
729230,CCR2,gngm,DISRUPTS,C0011884,Diabetic Retinopathy,dsyn,2011,21362464,21362464,,128478867,Which diseases or conditions does CCR2 disrupt?,0.2314640581607818,0.0,Diabetic Retinopathy,0,"[1997] 
CCR2 (chemokine receptor 2) disrupts the progression of various inflammatory and autoimmune diseases, including multiple sclerosis, rheumatoid arthritis, and atherosclerosis. It does so by regulating the migration of monocytes and macrophages to sites of inflammation, thereby influencing the inflammatory response"
C1333196,Cytokine Gene,aapp,CAUSES,C0333307,Superficial ulcer,acab,2012,24082324,24082324,,21797238,Which medical entities can Cytokine Gene cause or induce?,0.1684014648199081,0.0,Superficial ulcer,0,"[1980s]  Cytokine genes can cause or induce various medical entities, including autoimmune diseases, inflammatory disorders, and cancer. 

Autoimmune diseases: 
- Rheumatoid arthritis: Cytokines such as TNF-alpha and IL-1 beta promote inflammation and joint damage.
- Lupus: Cytokines like IL-6 and IL-17 contribute to the development of autoantibodies and tissue damage.
- Multiple sclerosis: Cytokines such as"
C0022990,Lampreys,fish,ISA,C0042567,Vertebrates,vtbt,2016,27686784,27686784,,19002050,"In a biomedical context, what is the relationship between Lampreys and medical entities via ISA?",0.0453735701739788,0.0,Vertebrates,0,"

In the biomedical context, the relationship between Lampreys and medical entities via ISA (Islet Amyloid Polypeptide or IAPP) is related to the study of amyloidosis. Amyloidosis is a condition characterized by the deposition of amyloid fibrils in various tissues, leading to tissue damage and organ dysfunction.

Lampreys, a type of eel-like fish, have been found to have a unique protein called Islet Amyloid Polypeptide ("
C0063710,"Receptors, Interleukin-1",imft,PREVENTS,C0010054,Coronary Arteriosclerosis,dsyn,2021,33405337,33405337,,361963817,"Which diseases or conditions does Receptors, Interleukin-1 help to prevent?",0.2475714683532714,0.0,Coronary Arteriosclerosis,0,"[1990] 
Receptors, Interleukin-1 (IL-1R) play a crucial role in the regulation of the immune response. They help to prevent various diseases and conditions by modulating the activity of interleukin-1 (IL-1), a pro-inflammatory cytokine. Some of the conditions that IL-1R helps to prevent include:

1. Inflammatory diseases: IL-1R helps to regulate the production of IL-1, which is involved in"
C1448177|7124,"TNF protein, human|TNF",aapp,STIMULATES,C5206101,Phosphoproteome,gngm,2023,36609502,36609502,,395384756,"Which genes does TNF protein, human|TNF stimulate?",0.1643833369016647,0.0,Phosphoproteome,0,"[1975] The TNF protein, also known as tumor necrosis factor, stimulates the expression of various genes involved in inflammation and immune response. 

One of the key mechanisms by which TNF exerts its effects is through the activation of NF-κB (nuclear factor kappa-light-chain-enhancer of activated B cells), a transcription factor that regulates the expression of genes involved in inflammation, immune response, and cell survival. 

TNF binds to its receptors, TNFR1 and TN"
C0007004,Carbohydrates,carb,CAUSES,C0948265,Metabolic syndrome,dsyn,2019,28745143,28745143,,305467563,Which diseases or conditions can Carbohydrates cause or induce?,0.3267294466495514,0.0,Metabolic syndrome,0,"[1934]  Pellagra: Pellagra is a disease caused by a lack of niacin (vitamin B3) in the diet. However, excessive intake of carbohydrates, particularly refined ones, can lead to pellagra if the body is unable to convert carbohydrates into niacin due to a deficiency in the enzyme tryptophan 2,3-dioxygenase. This enzyme is necessary for the conversion of tryptophan into niacin.

[1950s]"
C0036079,Salicylic Acid,phsu,TREATS,C0030705,Patients,podg,2019,30320560,30320560,,308132148,Which medical entities is Salicylic Acid commonly used to treat?,0.2102141678333282,0.0,Patients,0,"[1853] Salicylic acid is commonly used to treat various medical entities, including:

1. **Psoriasis**: Salicylic acid helps to break down the thick, scaly skin associated with psoriasis by increasing cell turnover and reducing inflammation.
2. **Warts**: Salicylic acid is used to dissolve the keratin protein that makes up the wart, eventually causing it to fall off.
3. **Seborrheic keratoses**: Salicylic acid helps to"
C0001487,"Adenovirus Infections, Human",dsyn,COEXISTS_WITH,C0085393,Immunocompromised Host,fndg,2012,23146063,23146063,,19910108,"Which clinical findings commonly co-exists with Adenovirus Infections, Human?",0.2696386873722076,0.0,Immunocompromised Host,0,"[1950s]  Respiratory symptoms such as cough, sore throat, and shortness of breath commonly co-exist with Adenovirus infections in humans. This is due to the virus's ability to infect the respiratory epithelial cells, leading to inflammation and damage to the airways.

[1960s]  Conjunctivitis, also known as pink eye, often co-exists with Adenovirus infections. This is because the virus can infect the conjunctival epith"
C0087111,Therapeutic procedure,topp,TREATS,C0023281,Leishmaniasis,dsyn,2012,23117435,23117435,,21268478,Which diseases or conditions is Therapeutic procedure commonly used to treat?,0.1982239782810211,0.0,Leishmaniasis,0,"[1960s] Radiation therapy is a therapeutic procedure commonly used to treat various types of cancer, including breast cancer, lung cancer, prostate cancer, and lymphoma. It involves the use of high-energy radiation to kill cancer cells or slow their growth.

[1970s] Chemotherapy is another therapeutic procedure used to treat cancer, as well as some non-cancerous conditions such as autoimmune disorders and certain types of infections. It involves the use of medications to kill cancer cells or slow their growth"
C0222045,Integumentary scale,bpoc,PART_OF,C0035804,Rodent,mamm,2019,30628544,30628544,,332943792,"In a biomedical context, what is the relationship between Integumentary scale and species via PART_OF?",0.205284371972084,0.0,Rodent,0,"

In the context of biomedical ontologies, the relationship between Integumentary scale and species via PART_OF is based on the concept of anatomical partonomy. 

The PART_OF relationship is used to describe the hierarchical organization of anatomical structures within an organism. In this case, an Integumentary scale is a type of anatomical structure that is part of a larger structure, which is the skin. The skin, in turn, is a part of the organism as a"
C0018270,Growth,orgf,PRODUCES,C0030940,Peptide Hydrolases,enzy,2022,34579852,34579852,,373807004,"In a biomedical context, what is the relationship between Growth and enzymes via PRODUCES?",0.2965148389339447,0.0,Peptide Hydrolases,0,"[1960s] 

In the context of growth and enzymes, the relationship is described by the concept of ""auxotrophy"" and the PRODUCES relationship. Auxotrophy refers to the requirement of an organism for a specific nutrient or growth factor that it cannot synthesize on its own. In this case, the PRODUCES relationship involves enzymes that produce essential growth factors or nutrients.

For example, in the case of the amino acid tryptophan, the PRODUC"
C0752046,Single Nucleotide Polymorphism,nusq,COEXISTS_WITH,C0006675,Calcium,bacs,2017,27683185,27683185,,15399155,Which active substances commonly co-exists with Single Nucleotide Polymorphism?,0.1474408209323883,0.0,Calcium,0,"[1994] 
The active substances that commonly co-exist with Single Nucleotide Polymorphism (SNP) are often associated with the genetic variation itself. However, the term 'active substances' is somewhat ambiguous in this context. 

If we consider 'active substances' to be enzymes or proteins, then the ones that commonly co-exist with SNPs are those involved in DNA repair mechanisms, such as:

1. DNA polymerase: This enzyme is responsible for synthesizing new DNA"
C0684215,Intercalated disc,celc,LOCATION_OF,C0051926|286|56172,Ankyrins|ANK1|ANKH,aapp,2013,24210426,24210426,,18882853,Which proteins is the anatomical location of Intercalated disc?,0.1899327337741851,0.0,Ankyrins|ANK1|ANKH,0,"[1960s] The anatomical location of the intercalated disc is primarily found between cardiac muscle cells, specifically between adjacent cardiomyocytes in the heart. 

The intercalated disc is composed of three main components: 

1. The fascia adherens, which is a type of adherens junction that provides mechanical strength and adhesion between cells.
2. The gap junction, which is a type of electrical synapse that allows for the direct exchange of ions and small molecules between adjacent"
C0007806,Cerebrospinal Fluid,bdsu,LOCATION_OF,C0443640,Specific antibody,imft,2011,23508242,23508242,,23924311,Which immunologic factors is the anatomical location of Cerebrospinal Fluid?,0.2505933344364166,0.0,Specific antibody,0,"[1894] The anatomical location of cerebrospinal fluid (CSF) is closely related to the immunologic factor known as the blood-brain barrier (BBB). The BBB is a highly selective permeability barrier that separates the circulating blood from the brain and CSF. It is composed of endothelial cells that line the brain's capillaries, astrocytic end-feet, and pericytes.

The BBB plays a crucial role in maintaining the immunologic homeostasis"
C0017337,Genes,gngm,INTERACTS_WITH,C0007009,Carbon,elii,2013,23916769,23916769,,19094856,Which medical entities does Genes significantly interact with?,0.0977277234196662,0.0,Carbon,0,"[1990]  The Human Genome Project was initiated, and it led to a better understanding of the interactions between genes and various medical entities. 

Genes significantly interact with the following medical entities:

1. **Diseases**: Genes can cause or contribute to the development of various diseases, such as sickle cell anemia, cystic fibrosis, and Huntington's disease. They can also influence the risk of developing complex diseases like diabetes, heart disease, and cancer.

2. **"
C0022885,Laboratory Procedures,lbpr,USES,C1160927,urine dip stick,medd,2022,34913285,34913285,,377256857,"In a biomedical context, what is the relationship between Laboratory Procedures and medical entities via USES?",0.1524002104997635,0.0,urine dip stick,0,"[1960s] 

The relationship between laboratory procedures and medical entities via USES (Units, Standards, and Evaluation Systems) is rooted in the concept of standardization. In the 1960s, the development of standardized laboratory procedures and reference materials enabled the comparison and evaluation of medical entities across different laboratories and institutions.

The USES framework involves the use of standardized units (e.g., International System of Units, SI), reference materials (e.g., World Health Organization International Standards), and evaluation"
C1442858,Surgical fistula,fndg,PROCESS_OF,C0030705,Patients,humn,2010,19936651,19936651,,19467806,"In a biomedical context, what is the relationship between Surgical fistula and patients or groups via PROCESS_OF?",0.3191766440868377,0.0,Patients,0,"[1996]

The relationship between Surgical fistula and patients or groups via PROCESS_OF is related to the concept of ""fistula formation"" or ""fistula development"" in the context of surgical complications. 

In this context, PROCESS_OF is a relationship type that describes the process or activity that leads to the creation or formation of a fistula. This can include surgical procedures, infections, or other medical conditions that result in the formation of an abnormal connection between two body parts, such as"
C1122087,adalimumab,aapp,TREATS,C0030705,Patients,podg,2021,33377443,33377443,,361715285,Which medical entities is adalimumab commonly used to treat?,0.2106900811195373,0.0,Patients,0,"Adalimumab is a fully human monoclonal antibody that targets tumor necrosis factor-alpha (TNF-alpha), a pro-inflammatory cytokine involved in the pathogenesis of various autoimmune and inflammatory diseases. 

Adalimumab is commonly used to treat several medical entities, including:

1. Rheumatoid Arthritis (RA): Adalimumab inhibits the production of TNF-alpha, which plays a key role in the inflammation and joint damage associated with RA.
2"
C0015133,Etoposide,carb,DISRUPTS,C0162638,Apoptosis,celf,2012,23085270,23085270,,21007243,Which cell types does Etoposide disrupt?,0.3023606836795807,0.0,Apoptosis,0,"[1972] 
Etoposide is a chemotherapeutic agent that disrupts the function of rapidly dividing cells, particularly those in the S phase of the cell cycle. It primarily targets topoisomerase II, an enzyme responsible for unwinding DNA during replication and transcription. By inhibiting this enzyme, etoposide causes DNA damage, leading to cell cycle arrest and apoptosis in cancer cells"
C0025424,Mercury,elii,INTERACTS_WITH,79651,RHBDF2,gngm,2019,30404075,30404075,,269695421,Which genes does Mercury significantly interact with?,0.2567337453365326,0.0,RHBDF2,2011,"
Mercury significantly interacts with the genes involved in the antioxidant defense system, particularly the glutathione S-transferase (GST) genes. Mercury exposure can lead to the induction of GST enzymes, which play a crucial role in detoxifying reactive oxygen species (ROS) and protecting cells from oxidative damage. 

[2011] 
Mercury also interacts with the genes involved in the regulation of apoptosis (programmed cell death), such as the p53 gene. Mercury exposure can lead"
C0030705,Patients,humn,LOCATION_OF,C0444180,Urine specimen,bdsu,2010,19941375,19941375,,22101840,Which medical entities is the anatomical location of Patients?,0.286386638879776,0.0,Urine specimen,0,"I'm not sure I understand your question. Could you please provide more context or clarify what you mean by ""medical entities is the anatomical location of Patients""?"
C0279038,radioprotection,topp,PREVENTS,C0175677,Injury,inpo,2011,23717069,23717069,,32476092,Which medical entities does radioprotection help to prevent?,0.2350337356328964,0.0,Injury,0,"[1953] Ionizing radiation can cause damage to the DNA of living cells, leading to mutations and potentially cancer. Radioprotection helps to prevent various medical entities, including:

1. **Radiation-induced cancer**: Exposure to ionizing radiation can increase the risk of developing cancer, particularly leukemia and other blood cancers.
2. **Radiation-induced genetic mutations**: Ionizing radiation can cause genetic mutations, which can lead to birth defects and other genetic disorders.
3. **Radiation-induced damage"
C0017337,Genes,gngm,LOCATION_OF,C0040649,"Transcription, Genetic",genf,2021,33402348,33402348,,361954314,Which medical entities is the anatomical location of Genes?,0.360643595457077,0.0,"Transcription, Genetic",0,"[1953] 

The anatomical location of genes is within the cells of an organism, specifically within the nucleus of eukaryotic cells and the cytoplasm of prokaryotic cells. 

In eukaryotic cells, genes are located within the chromosomes, which are thread-like structures made up of DNA and proteins. The chromosomes are organized into a structure called the nucleus, where the genetic material is stored.

In prokaryotic cells, such as bacteria, genes are located"
80319,CXXC4,gngm,DISRUPTS,C0040300,Body tissue,tisu,2013,23949225,23949225,,19509846,Which tissues or organs does CXXC4 disrupt?,0.3195689916610718,0.0,Body tissue,2011,"
CXXC4 is a protein that disrupts the function of the thymus and the bone marrow. It is involved in the regulation of T cell development and function. CXXC4 specifically targets and disrupts the function of the thymus, which is a crucial organ for the development of T cells, a type of immune cell"
C0589102,Visual attention,menp,PROCESS_OF,C0205653,Adolescent (age group),aggp,2022,34986873,34986873,,378195650,"In a biomedical context, what is the relationship between Visual attention and medical entities via PROCESS_OF?",0.0511792749166488,0.0,Adolescent (age group),0,"[1999] 

The relationship between visual attention and medical entities via PROCESS_OF is based on the concept of selective attention, which is a fundamental aspect of human cognition. According to the theory of selective attention, visual attention is a process that allows individuals to selectively focus on specific stimuli or objects in their visual environment while ignoring others.

In a biomedical context, visual attention is often studied in relation to medical entities such as diseases, symptoms, or medical procedures. The PROCESS_OF relationship between visual attention and medical"
C0023621,Libraries,orgt,LOCATION_OF,C0936012,Analysis,resa,2010,20002215,20002215,,21134265,Which medical entities is the anatomical location of Libraries?,0.0485863871872425,0.0,Analysis,0,"I couldn't find any information about medical entities with the term ""Libraries"" in their name. However, I found that the term ""Library"" is sometimes used to describe a collection of neurons in the brain. 

[1990s] 
The term ""neural library"" was first used to describe a collection of neurons in the brain that store and retrieve memories. This concept is based on the idea that the brain has a vast network of interconnected neurons that work together to store and retrieve information"
C0237428,Positive attitude,menp,PROCESS_OF,C0026591,Mothers,humn,2014,23886078,23886078,,19254890,"In a biomedical context, what is the relationship between Positive attitude and patients or groups via PROCESS_OF?",0.13405542075634,0.0,Mothers,0,"[1988]

The relationship between a positive attitude and patients or groups in a biomedical context is described by the Health Belief Model (HBM), which was first proposed by Irving L. Janis and Leon Mann in 1968, but the model was further developed by Becker in 1974. However, the relationship was first described by Becker in 1988. 

The HBM suggests that a positive attitude is associated with a patient's or group's perceived susceptibility to a disease, perceived"
C0013227,Pharmaceutical Preparations,phsu,TREATS,C0027796,Neuralgia,sosy,2023,36598609,36598609,,395262957,Which medical entities is Pharmaceutical Preparations commonly used to treat?,0.0557618625462055,0.0,Neuralgia,0,"Pharmaceutical preparations are commonly used to treat a wide range of medical entities. Here are some examples:

1. **Infectious diseases**: Antibiotics, antivirals, and antifungals are used to treat bacterial, viral, and fungal infections, respectively.
2. **Pain management**: Analgesics, such as acetaminophen and ibuprofen, are used to relieve pain, while opioids are used for severe pain management.
3. **Cardiovascular diseases"
C0027530,Neck,blor,LOCATION_OF,C0334463,"Histiocytoma, Malignant Fibrous",neop,2011,23204783,23204783,,34200466,Which diseases or conditions is the anatomical location of Neck?,0.1486574560403823,0.0,"Histiocytoma, Malignant Fibrous",2015,"The anatomical location of the neck is associated with various diseases and conditions, including:

1. **Thyroid disorders**: The thyroid gland is located in the neck, and conditions such as hypothyroidism, hyperthyroidism, and thyroid cancer can affect this gland.
2. **Lymphoma**: The lymph nodes in the neck can become affected by lymphoma, a type of cancer that originates in the immune system.
3. **Thyroid nodules**"
C0919499,Thyroid Hormone Receptor Gene,gngm,NEG_PREDISPOSES,C0699748,Pathogenesis,patf,2012,24052734,24052734,,23046626,"In a biomedical context, what is the relationship between Thyroid Hormone Receptor Gene and pathologic functions via NEG_PREDISPOSES?",0.1136070191860199,0.0,Pathogenesis,0,"[1997] 
The relationship between Thyroid Hormone Receptor Gene and pathologic functions via NEG_PREDISPOSES is related to the concept of thyroid hormone resistance. NEG_PREDISPOSES is a term used to describe a condition where the thyroid hormone receptor is mutated, leading to a negative predilection for thyroid hormone binding. This results in a reduced ability of thyroid hormone to bind to its receptor, thereby disrupting the normal signaling pathway.

In the context of thyroid hormone resistance, mutations in"
C0230147,Superior mediastinum,blor,LOCATION_OF,C0036690,Septicemia,dsyn,2013,23114085,23114085,,19346995,Which diseases or conditions is the anatomical location of Superior mediastinum?,0.2190436273813247,0.0,Septicemia,0,"[1902] The superior mediastinum is the upper part of the mediastinum, which is the central part of the chest cavity. It is bounded by the thoracic inlet superiorly, the pericardial sac inferiorly, and the pleural cavities laterally. 

The superior mediastinum contains several important structures, including the:

1. Trachea: The trachea is the airway that connects the larynx to the bronchi"
C1273869,Intervention regimes,hlca,TREATS,C0599755,cohort,humn,2012,23115253,23115253,,20104942,Which patients or groups is Intervention regimes commonly used to treat?,0.1664619594812393,0.0,cohort,0,"[1960s] Intervention regimes, also known as psychosocial interventions, are commonly used to treat individuals with severe mental illnesses, such as schizophrenia, bipolar disorder, and major depressive disorder. These interventions typically involve a combination of psychological therapies, social support, and medication management.

[1970s] Intervention regimes are also used to treat individuals with substance use disorders, such as addiction to alcohol, opioids, or other substances. These interventions may include behavioral therapies, such as cognitive-behavioral"
C0389995|6010|29984,Rho-associated kinase|RHO|RHOD,aapp,AUGMENTS,C0007620,Cell Survival,celf,2010,19913617,19913617,,24862893,"In a biomedical context, what is the relationship between Rho-associated kinase|RHO|RHOD and cell types via AUGMENTS?",-0.0639030188322067,0.0,Cell Survival,2015,"

In the context of Rho-associated kinase (ROCK) and its relationship with cell types via AUGMENTS, the scientific mechanism involves the regulation of cellular functions by the Rho-associated protein kinase (ROCK) pathway. 

AUGMENTS is an acronym for a set of genes that are involved in the regulation of the ROCK pathway. These genes include:

- A (Actin)
- U (Ube2b)
- G (Gimap)
- M (My"
C0017952,Glycolysis,moft,PROCESS_OF,C0026809,Mus,mamm,2020,32828272,32828272,,345106007,"In a biomedical context, what is the relationship between Glycolysis and species via PROCESS_OF?",0.0418958999216556,0.0,Mus,0,"[1957] In the context of glycolysis, the relationship between glycolysis and species via PROCESS_OF is related to the discovery of the glycolytic pathway in various organisms. The process of glycolysis is a metabolic pathway that converts glucose into pyruvate, releasing energy in the form of ATP and NADH. This process is conserved across different species, from bacteria to humans, indicating its fundamental importance in cellular metabolism.

The PROCESS_OF relationship highlights that glycolysis"
C0030054,Oxygen,phsu,TREATS,C0520870,Decreased cardiac index,fndg,2020,31099121,31099121,,345004469,Which clinical findings is Oxygen commonly used to treat?,0.2801534235477447,0.0,Decreased cardiac index,0,"[1880] Oxygen is commonly used to treat conditions such as carbon monoxide poisoning, cyanide poisoning, and hypoxemic respiratory failure. 

In the case of carbon monoxide poisoning, oxygen is used to displace carbon monoxide in the bloodstream, allowing the body to recover from the damage caused by the toxin. This is because carbon monoxide binds to hemoglobin in red blood cells, reducing the amount of oxygen that can be carried to tissues. By administering 100% oxygen, the"
C0042313,Vancomycin,aapp,INTERACTS_WITH,C0085494,Enterococcus,bact,2014,23594303,23594303,,19062959,Which bacterias does Vancomycin significantly interact with?,0.4597679674625397,0.0,Enterococcus,0,"[1956] Vancomycin significantly interacts with D-alanyl-D-alanine (D-Ala-D-Ala) terminal end of the cell wall precursors of Gram-positive bacteria. This interaction is crucial for the bactericidal action of Vancomycin. 

Vancomycin binds to the D-Ala-D-Ala terminal end of the cell wall precursors, preventing the incorporation of these precursors into the bacterial cell wall. This inhibition of cell wall synthesis ultimately leads to the death of the"
C0001640,Adrenergic alpha-Agonists,phsu,INTERACTS_WITH,C0031469,Phenylephrine,orch,2011,21490253,21490253,,129169876,Which chemicals does Adrenergic alpha-Agonists significantly interact with?,0.3497243821620941,0.0,Phenylephrine,0,"[1948] Adrenergic alpha-agonists significantly interact with alpha-adrenergic receptors. These receptors are a subtype of G protein-coupled receptors that are activated by the binding of endogenous catecholamines, such as norepinephrine and epinephrine. When an adrenergic alpha-agonist binds to the alpha-adrenergic receptor, it triggers a conformational change in the receptor, which activates the associated G protein. This"
C5394780,Anaplastic lymphoma kinase fusion oncogene positive non-small cell lung cancer,neop,PROCESS_OF,C0030705,Patients,humn,2022,34999541,34999541,,378339951,"In a biomedical context, what is the relationship between Anaplastic lymphoma kinase fusion oncogene positive non-small cell lung cancer and patients or groups via PROCESS_OF?",0.0525387451052665,0.0,Patients,0,"

The relationship between Anaplastic lymphoma kinase (ALK) fusion oncogene positive non-small cell lung cancer (NSCLC) and patients or groups is that ALK rearrangements are more commonly found in younger patients, non-smokers, and those with adenocarcinoma histology. This relationship is established through the PROCESS_OF mechanism, where the presence of ALK rearrangements is a process that leads to the development and progression of NSCLC in these"
C0072108|5111,Proliferating Cell Nuclear Antigen|PCNA,aapp,PART_OF,C0003732,Archaea,arch,2012,23209375,23209375,,19219022,"In a biomedical context, what is the relationship between Proliferating Cell Nuclear Antigen|PCNA and medical entities via PART_OF?",0.2703330218791961,0.0,Archaea,0,"[1986] 
Proliferating Cell Nuclear Antigen (PCNA) is a protein that plays a crucial role in DNA replication and repair. In a biomedical context, PCNA is involved in the PART_OF relationship with several medical entities, including:

1. DNA replication: PCNA is a component of the DNA polymerase delta complex, which is essential for the replication of DNA during the S phase of the cell cycle. It acts as a sliding clamp that helps to stabilize the DNA polymer"
C0021485,Injection of therapeutic agent,topp,TREATS,C0341736,Neurogenic detrusor overactivity,patf,2021,33284550,33284550,,360744622,Which pathologic functions is Injection of therapeutic agent commonly used to treat?,0.0334313958883285,0.0,Neurogenic detrusor overactivity,0,"[1960s] The injection of therapeutic agents is commonly used to treat various pathologic functions, including:

1. **Pain management**: Injecting pain-relieving medications, such as opioids or local anesthetics, into specific areas of the body can provide targeted pain relief.
2. **Inflammation reduction**: Injecting anti-inflammatory medications, such as corticosteroids, can reduce swelling and inflammation in joints or soft tissues.
3. **Muscle spasms**: Injecting muscle"
C4554418,Parallel,fndg,PROCESS_OF,C0086418,Homo sapiens,humn,2021,33165841,33165841,,359350735,"In a biomedical context, what is the relationship between Parallel and patients or groups via PROCESS_OF?",0.1121620237827301,0.0,Homo sapiens,0,"[1999] 

In the context of biomedical ontologies, particularly the Open Biological and Biomedical Ontologies (OBO) Foundry, the relationship between Parallel and patients or groups is represented by the ""PROCESS_OF"" relation.

The PROCESS_OF relation is used to describe the process or activity that is being performed on a particular entity, such as a patient or group. In this case, the process is the parallel execution of a particular activity or experiment.

For example, if we have a study"
C0165519,Gelatinase B,aapp,INHIBITS,C0033684,Proteins,aapp,2015,26509155,26509155,,19889236,Which proteins does Gelatinase B inhibit?,0.108236014842987,0.0,Proteins,0,"[1994] 

Gelatinase B, also known as matrix metalloproteinase-9 (MMP-9), is a type of enzyme that breaks down the extracellular matrix. It has been found to inhibit the activity of certain proteins, including tissue inhibitors of metalloproteinases (TIMPs)"
C1450468,phosphatidylethanolamine,bacs,ISA,C0023779,Lipids,lipd,2014,25239270,25239270,,1269952,"In a biomedical context, what is the relationship between phosphatidylethanolamine and medical entities via ISA?",0.1371901780366897,0.0,Lipids,0,"

In the biomedical context, phosphatidylethanolamine (PE) is a type of phospholipid that plays a crucial role in various cellular processes. The relationship between PE and medical entities via Inositol-1,3,4,5-tetrakisphosphate-sensitive adenylyl cyclase (ACA, also known as adenylyl cyclase type 8, AC8) or more commonly referred to as Inositol-sensitive Adeny"
C0228174,Cerebral hemisphere structure (body structure),bpoc,PART_OF,C0026809,Mus,mamm,2014,24885042,24885042,,18723596,"In a biomedical context, what is the relationship between Cerebral hemisphere structure (body structure) and species via PART_OF?",0.0900092050433158,0.0,Mus,0,"[1994]

The relationship between Cerebral hemisphere structure and species via PART_OF is based on the concept of homology in anatomy. In the context of brain structure, homology refers to the similarity in structure between different species due to shared evolutionary history.

The PART_OF relationship indicates that the Cerebral hemisphere structure is a component or a part of the brain, which is a characteristic of the species. This relationship is supported by studies in comparative anatomy and neuroanatomy, which have shown that"
C0277793,Onset of illness,fndg,PROCESS_OF,C0086418,Homo sapiens,humn,2011,20012627,20012627,,27219822,"In a biomedical context, what is the relationship between Onset of illness and patients or groups via PROCESS_OF?",0.0935564637184143,0.0,Homo sapiens,0,"[1998]

The relationship between the onset of illness and patients or groups via PROCESS_OF is related to the concept of disease progression and the pathways that lead to the development of a disease. In a biomedical context, PROCESS_OF is a relationship type that describes the sequence of events or processes that occur in the development of a disease.

This concept is closely related to the idea of disease pathways, which are the series of biological events that occur in the development of a disease. Understanding these pathways is crucial for"
C1093310,Nosema ceranae,invt,ISA,C0030498,Parasites,invt,2015,25111753,25111753,,19333785,"In a biomedical context, what is the relationship between Nosema ceranae and medical entities via ISA?",0.197633609175682,0.0,Parasites,0,"

Nosema ceranae is a microsporidian parasite that affects honey bees (Apis mellifera). In a biomedical context, research has explored the relationship between Nosema ceranae and various medical entities via the Insect-Specific Alpha (ISA) toxin.

The ISA toxin is a virulence factor produced by Nosema ceranae that disrupts the host's cellular membranes, leading to cell lysis and death. Studies have shown that the ISA toxin shares structural"
C1333647,Functional RNA,bacs,COMPARED_WITH,C1333647,Functional RNA,bacs,2017,27738133,27738133,,9912044,"In a biomedical context, what is the relationship between Functional RNA and active substances via COMPARED_WITH?",0.6337167620658875,0.0,Functional RNA,0,"[1993] 
The relationship between functional RNA and active substances is mediated by the process of RNA interference (RNAi) and the COMPARE algorithm, which is a bioinformatics tool. However, I believe you are referring to the COMPARE program developed by Paul L. Judson and Robert J. Colowick in 1993. 

The COMPARE program is a bioinformatics tool used to compare the biological activity of compounds. It was initially used to identify compounds with similar biological activity by"
C0162638,Apoptosis,celf,AFFECTS,C1266872,Renal tubular epithelial cell,cell,2020,31518807,31518807,,341805468,Which cell types does Apoptosis primarily affect?,0.2972422540187835,0.0,Renal tubular epithelial cell,0,"[1972] Apoptosis primarily affects two main cell types: 

1. **Tumor cells**: Apoptosis is a mechanism to eliminate damaged or unwanted cells, including cancer cells. It helps to prevent tumor growth and metastasis by inducing programmed cell death in these cells.

2. **Immature cells**: Apoptosis also affects immature cells, such as stem cells and progenitor cells, which are no longer needed or are damaged. This process helps to maintain tissue homeostasis and"
C1456396|30061,SLC40A1 gene|SLC40A1,aapp,AFFECTS,C3277906,Cardiac dysfunction,fndg,2024,38169607,38169607,,411929374,Which clinical findings does SLC40A1 gene|SLC40A1 primarily affect?,0.2463692277669906,0.0,Cardiac dysfunction,0,"
The SLC40A1 gene, also known as ferroportin, primarily affects iron metabolism. It encodes a transmembrane protein responsible for exporting iron from cells, including enterocytes, macrophages, and hepatocytes. Mutations in the SLC40A1 gene can lead to iron overload disorders, such as hereditary hemochromatosis type 4 (HH4), which is characterized by excessive iron absorption and accumulation in various organs"
C0554804,Assisted breathing,topp,AFFECTS,C0035203,Respiration,phsf,2021,33405409,33405409,,361965122,Which physiologic functions does Assisted breathing primarily affect?,0.4437458515167236,0.0,Respiration,0,"[1960s] The primary physiologic functions affected by assisted breathing are respiratory and cardiovascular functions. 

Assisted breathing, also known as assisted ventilation, involves the use of mechanical devices to support or take over the breathing process. This can be achieved through various methods, including positive pressure ventilation (PPV) and non-invasive ventilation (NIV).

Respiratory functions affected by assisted breathing include:

1. **Ventilation**: Assisted breathing helps to increase the volume of air in the"
C0332461,Plaque (lesion),bdsu,LOCATION_OF,C0002520,Amino Acids,aapp,2012,23184996,23184996,,23829363,Which proteins is the anatomical location of Plaque (lesion)?,0.1669777780771255,0.0,Amino Acids,0,"[1968] 
The anatomical location of atherosclerotic plaque is primarily within the intima of the arterial wall. The intima is the innermost layer of the blood vessel, and it is composed of a single layer of endothelial cells. 

The process of plaque formation, also known as atherosclerosis, begins with the accumulation of low-density lipoprotein (LDL) cholesterol in the intima. This is due to the increased permeability of the endothelial cells"
C1280836,Entire body organ,bpoc,LOCATION_OF,C0025552,Metals,inch,2011,22004953,22004953,,232219456,Which medical entities is the anatomical location of Entire body organ?,0.1028309389948844,0.0,Metals,0,"I couldn't find any information about an ""entire body organ."" However, I can provide information on the concept of a ""whole-body organ"" or ""organism"" which is the entire human body itself.

[1960s] 
The human body can be considered as a single organ, often referred to as the ""organism."" This concept is based on the idea that the body is a complex system composed of various organs and tissues that work together to maintain homeostasis and overall health"
C0007847,Malignant neoplasm of cervix uteri,neop,PROCESS_OF,C1257890,Population Group,humn,2013,23659809,23659809,,19378857,"In a biomedical context, what is the relationship between Malignant neoplasm of cervix uteri and patients or groups via PROCESS_OF?",0.0683211162686348,0.0,Population Group,0,"[1907] 

The relationship between Malignant neoplasm of cervix uteri and patients or groups via PROCESS_OF is related to the process of cervical cancer development and progression. 

Cervical cancer is a type of malignant neoplasm that arises from the cervix uteri, which is the lower part of the uterus in the female reproductive system. The PROCESS_OF relationship in this context refers to the biological processes that lead to the development and progression of cervical cancer.

The process of"
C0521450,lysosomal,blor,LOCATION_OF,C4296962,Normal function,fndg,2021,32788444,32788444,,355406780,Which clinical findings is the anatomical location of lysosomal?,0.018761109560728,0.0,Normal function,0,"[1960s] 

Lysosomes are membrane-bound organelles found in the cells of most eukaryotes. They are primarily located near the Golgi apparatus in the cytoplasm, but their exact location can vary depending on the cell type and function. 

In general, lysosomes are found in the perinuclear region of the cell, which is the area surrounding the nucleus. This location allows for efficient communication and transport between the lysosomes and other cellular organelles"
C0033511,Propylthiouracil,nnon,CAUSES,C0206061,"Pneumonitis, Interstitial",dsyn,2019,31277157,31277157,,332818057,Which diseases or conditions can Propylthiouracil cause or induce?,0.207571879029274,0.0,"Pneumonitis, Interstitial",0,"[1950s] 
Propylthiouracil (PTU) is a medication used to treat hyperthyroidism. However, it can cause several side effects and induce certain conditions. Some of the known side effects and conditions include:

1. Liver damage: PTU can cause liver damage, including liver failure, in rare cases. This is because it can cause an allergic reaction in the liver, leading to inflammation and damage.

2. Stevens-Johnson syndrome and toxic ep"
C0035525,Ribavirin,nnon,AFFECTS,C0036202,Sarcoidosis,dsyn,2011,23198179,23198179,,30495219,Which diseases or conditions does Ribavirin primarily affect?,0.241321250796318,0.0,Sarcoidosis,0,"[1982] Ribavirin primarily affects viral diseases, particularly those caused by RNA viruses. It works by inhibiting viral replication through several mechanisms:

1. **Inhibition of viral RNA synthesis**: Ribavirin is incorporated into viral RNA, causing chain termination and preventing the replication of the virus.
2. **Interference with viral protein synthesis**: Ribavirin can bind to viral proteins, disrupting their function and preventing the assembly of new viral particles.
3. **Enhancement of host immune response"
C0028158,Nitrogen,elii,COMPARED_WITH,C0030054,Oxygen,elii,2011,21682342,21682342,,130229916,"In a biomedical context, what is the relationship between Nitrogen and medical entities via COMPARED_WITH?",0.2651499807834625,0.0,Oxygen,0,"I'm not sure what you mean by ""COMPARED_WITH"". However, I can provide information on the relationship between Nitrogen and medical entities.

Nitrogen is a crucial element in the human body, and its relationship with various medical entities is complex. Here are a few examples:

1. **Nitrogen in the Atmosphere**: Nitrogen makes up approximately 78% of the Earth's atmosphere. In a biomedical context, nitrogen is essential for the production of amino acids, which are the building blocks"
C1537729|407018,MIR27A gene|MIR27A,gngm,COEXISTS_WITH,C0023810,Lipopolysaccharides,orch,2021,33402173,33402173,,361950813,Which chemicals commonly co-exists with MIR27A gene|MIR27A?,0.0634681582450866,0.0,Lipopolysaccharides,0,"
MicroRNAs (miRNAs) are small non-coding RNAs that regulate gene expression by binding to the 3' untranslated region (3' UTR) of target mRNAs, leading to their degradation or repression of translation. MIR27A is a miRNA that has been implicated in various biological processes, including cell proliferation, apoptosis, and metabolism.

The chemicals that commonly co-exist with MIR27A gene expression include:

1. 3"
C0017822,GLUTATHIONE PEROXIDASE,aapp,ASSOCIATED_WITH,C0027651,Neoplasms,neop,2023,36604253,36604253,,395323833,Which diseases or conditions is GLUTATHIONE PEROXIDASE most strongly associated with?,0.0746900513768196,0.0,Neoplasms,0,"[1980s] 
Glutathione peroxidase is an enzyme that plays a crucial role in protecting cells from oxidative damage by reducing lipid hydroperoxides and hydrogen peroxide. It is most strongly associated with various diseases and conditions, including:

1. **Cancer**: Glutathione peroxidase has been shown to have a protective effect against cancer, particularly in the prevention of DNA damage and cell death.
2. **Atherosclerosis**: The enzyme helps to reduce oxidative"
C0011847,Diabetes,dsyn,PROCESS_OF,C0376387,Transplant Recipients,humn,2024,38184212,38184212,,412056379,"In a biomedical context, what is the relationship between Diabetes and patients or groups via PROCESS_OF?",0.2261260598897934,0.0,Transplant Recipients,0,"[1993] 

The relationship between Diabetes and patients or groups via PROCESS_OF is related to the pathophysiology of the disease. In this context, PROCESS_OF refers to the biological processes that lead to the development and progression of diabetes.

Diabetes is a metabolic disorder characterized by high blood glucose levels, which can be caused by defects in insulin secretion, insulin action, or both. The PROCESS_OF relationship involves the complex interactions between various cellular and molecular mechanisms, including:

1. Insulin signaling pathway"
C1333647,Functional RNA,bacs,AFFECTS,C1523924,cellular metabolism,celf,2017,27736004,27736004,,9041135,Which cell types does Functional RNA primarily affect?,0.2211615145206451,0.0,cellular metabolism,0,"[1993] 
Functional RNA primarily affects ribosomal RNA (rRNA) and transfer RNA (tRNA)"
C1269010,Entire aortic arch,bpoc,LOCATION_OF,C0002940,Aneurysm,anab,2012,23472355,23472355,,23486907,Which medical entities is the anatomical location of Entire aortic arch?,0.4750271439552307,0.0,Aneurysm,0,"[1950s] The entire aortic arch is typically found in approximately 2% of the population. 

The anatomical location of the entire aortic arch is associated with a condition known as a ""double aortic arch"" or ""persistent fourth aortic arch."" In this condition, the aortic arch is formed by both the right and left fourth aortic arches, which normally regress during embryonic development. 

The double aortic arch is a rare congenital anomaly where the two"
C0270077,Congenital debility of fetus,patf,PROCESS_OF,C0027361,Persons,humn,2021,33389762,33389762,,361868054,"In a biomedical context, what is the relationship between Congenital debility of fetus and patients or groups via PROCESS_OF?",0.1329463124275207,0.0,Persons,0,"[1960s] 

The relationship between congenital debility of a fetus and patients or groups via PROCESS_OF is related to the concept of teratogenicity. Teratogens are substances or agents that can cause birth defects or congenital abnormalities in a developing fetus. 

When a pregnant individual is exposed to a teratogen, it can disrupt the normal development of the fetus, leading to congenital debility. This can be due to various factors, including genetic mutations, environmental toxins"
C0014834,Escherichia coli,bact,LOCATION_OF,C0011485,Deoxycytidine,bacs,2010,20005183,20005183,,22827227,Which active substances is the anatomical location of Escherichia coli?,0.1724008619785308,0.0,Deoxycytidine,0,"[1972] 

The active substances found in the anatomical location of Escherichia coli (E. coli) are various enzymes and toxins. However, one of the most well-known active substances produced by E. coli is a toxin called Shiga toxin. 

The Shiga toxin is produced by certain strains of E. coli, such as E. coli O157:H7, and is responsible for causing severe food poisoning and hemorrhagic colitis. The toxin works by inhibiting protein"
C0021710,Pediatric intensive care unit,hcro,LOCATION_OF,C1518527,Observational Study,resa,2020,32781034,32781034,,345132653,Which medical entities is the anatomical location of Pediatric intensive care unit?,0.2098362445831298,0.0,Observational Study,0,"[1960s] The anatomical location of a Pediatric Intensive Care Unit (PICU) is typically within a hospital, often situated near or adjacent to the Neonatal Intensive Care Unit (NICU) and the Emergency Department (ED). 

The PICU is usually located in a central area of the hospital, allowing for easy access to other departments and services, such as radiology, laboratory, and operating rooms. This strategic location enables healthcare professionals to quickly respond to the needs of critically"
C0006290,Bronchoscopy,diap,ISA,C1273869,Intervention regimes,hlca,2012,23304439,23304439,,19324543,"In a biomedical context, what is the relationship between Bronchoscopy and medical entities via ISA?",0.019049858674407,0.0,Intervention regimes,0,"[1990s] 

In the biomedical context, ISA (Information-Seeking Algorithm) is a method used to analyze the relationship between medical entities, such as diseases, symptoms, and treatments. Bronchoscopy, a medical procedure that allows for the visualization of the airways, is one of the entities that can be related to other medical entities via ISA.

The scientific mechanism behind ISA involves the use of natural language processing (NLP) and machine learning algorithms to extract relevant information from large datasets"
C0010353,Croscarmellose Sodium,carb,INTERACTS_WITH,C0001962,Ethanol,orch,2019,30630089,30630089,,332956853,Which chemicals does Croscarmellose Sodium significantly interact with?,0.1951429396867752,0.0,Ethanol,0,"[1980s] 
Croscarmellose Sodium is a type of superdisintegrant used in pharmaceutical formulations. It significantly interacts with water, forming a gel-like matrix that helps to disintegrate tablets quickly in the gastrointestinal tract. 

Croscarmellose Sodium also interacts with other ingredients in the formulation, such as surfactants, and other disintegrants. However, its primary interaction is with water, which enables it to perform its disintegrating function"
C0271091,"Retinoschisis, Juvenile, X-Linked",dsyn,PROCESS_OF,C0015576,Family,humn,2012,25343070,25343070,,23308109,"In a biomedical context, what is the relationship between Retinoschisis, Juvenile, X-Linked and patients or groups via PROCESS_OF?",0.3588278591632843,0.0,Family,0,"[1990]

Retinoschisis, Juvenile, X-Linked is a genetic disorder that affects the retina. The relationship between this condition and patients or groups via PROCESS_OF is the inheritance of the mutated RS1 gene, which codes for the retinoschisin protein. This protein is essential for the normal structure and function of the retina.

In individuals with Juvenile X-linked Retinoschisis, the RS1 gene is mutated, leading to a deficiency or dysfunction of the retinosch"
C0263541,Equine laminitis,dsyn,PROCESS_OF,C0178443,"Jewish, follower of religion",humn,2014,23725378,23725378,,19079060,"In a biomedical context, what is the relationship between Equine laminitis and patients or groups via PROCESS_OF?",-0.0593877583742141,0.0,"Jewish, follower of religion",0,"[1994] 

Equine laminitis is a disease that affects the laminae, which are the tissues connecting the hoof to the bone in horses. Research has shown that there is a relationship between equine laminitis and human metabolic syndrome via the PROCESS_OF relationship.

The scientific mechanism behind this relationship is as follows: Equine laminitis is often caused by insulin resistance, which is a key component of metabolic syndrome in humans. Insulin resistance leads to an increase in glucose levels in"
C0007806,Cerebrospinal Fluid,bdsu,LOCATION_OF,C0041249,Tryptophan,phsu,2010,19918244,19918244,,27531872,Which pharmacologic substances is the anatomical location of Cerebrospinal Fluid?,0.1087148785591125,0.0,Tryptophan,0,"I couldn't find any information about a pharmacologic substance being the anatomical location of Cerebrospinal Fluid (CSF). However, I can tell you that the anatomical location of Cerebrospinal Fluid is the ventricular system of the brain and the subarachnoid space.

The ventricular system consists of four connected fluid-filled cavities within the brain: the lateral ventricles, the third ventricle, the fourth ventricle, and the central canal"
C0009566,Complication,patf,AFFECTS,C0030705,Patients,humn,2014,24721365,24721365,,18884388,Which patients or groups does Complication primarily affect?,0.3828046321868896,0.0,Patients,0,"I'm not aware of any information about a condition called ""Complication."" However, I can provide information on various medical conditions that may be referred to as complications.

If you could provide more context or clarify which condition you are referring to, I would be happy to provide more information.

However, I can provide some general information on common complications in various patient groups:

- **Diabetes**: Diabetic patients are at risk of complications such as diabetic retinopathy, nephropathy, and neuropathy"
C1332838,Candidate Disease Gene,gngm,LOCATION_OF,C0040649,"Transcription, Genetic",genf,2023,36610610,36610610,,395395946,Which medical entities is the anatomical location of Candidate Disease Gene?,0.2219769656658172,0.0,"Transcription, Genetic",0,"I'm not aware of any information about a ""Candidate Disease Gene"". However, I can provide information on the concept of candidate genes.

[1990s] 
Candidate genes are genes that are suspected to be involved in a particular disease or condition based on their function, expression pattern, or genetic variation. The anatomical location of a candidate disease gene can vary depending on the specific disease and the gene in question.

For example, in the case of Huntington's disease, the candidate gene is the Hunting"
C0039315,Tars,orch,STIMULATES,C0068355,NADPH Oxidase,aapp,2013,23981515,23981515,,19277922,Which proteins does Tars stimulate?,0.2219428867101669,0.0,NADPH Oxidase,0,"I couldn't find any information on ""Tars."" However, I found information on ""Tarsal"" and ""TarS."" 

If you are referring to TarS, it is a protein that is involved in the regulation of the circadian clock in plants. 

If you are referring to Tarsal, it is a protein that is involved in the regulation of the circadian clock in Drosophila (fruit flies)"
C0279530,Malignant Bone Neoplasm,neop,PROCESS_OF,C0030705,Patients,humn,2017,27716965,27716965,,34289840,"In a biomedical context, what is the relationship between Malignant Bone Neoplasm and patients or groups via PROCESS_OF?",0.3669796586036682,0.0,Patients,0,"[1971] The relationship between Malignant Bone Neoplasm and patients or groups via PROCESS_OF is the metastasis process. 

Malignant Bone Neoplasm, also known as bone cancer, can spread to other parts of the body through the bloodstream or lymphatic system. This process is known as metastasis. The PROCESS_OF relationship indicates the mechanism by which the cancer cells migrate from the primary site to distant locations, such as other bones, lungs, liver, or brain, leading"
C0027836,Neuroglia,cell,INTERACTS_WITH,C0814005,Neuroblast,cell,2018,28190239,28190239,,44874243,Which cell types does Neuroglia significantly interact with?,0.565443217754364,0.0,Neuroblast,0,"[1890] Neuroglia, also known as glial cells, significantly interact with neurons. They provide structural and biochemical support to neurons, including supplying them with oxygen and nutrients, removing dead neurons and other debris, and regulating the chemical environment around neurons.

[1906] Astrocytes, a type of neuroglia, interact with neurons by forming synapses with them, regulating neurotransmitter release, and modulating the strength of synaptic connections.

[1960s] Microglia"
C0037494,Sodium Chloride,bacs,AFFECTS,C0149784,biological adaptation to stress,phsf,2010,19943170,19943170,,23134871,Which physiologic functions does Sodium Chloride primarily affect?,0.2174775302410125,0.0,biological adaptation to stress,0,"[1850s] Sodium Chloride, also known as common table salt, primarily affects several physiologic functions in the human body. 

1. **Fluid Balance**: Sodium Chloride plays a crucial role in maintaining fluid balance within the body. It helps regulate the amount of water in the body by controlling the amount of water that is reabsorbed or excreted by the kidneys.

2. **Nerve Function**: Sodium Chloride is essential for the proper functioning of nerve cells"
C0021368,Inflammation,patf,PRECEDES,C0012634,Disease,dsyn,2015,26225124,26225124,,18650479,"In a biomedical context, what is the relationship between Inflammation and diseases or conditions via PRECEDES?",1.0,1.0,Disease,0,"[1976] 
The PRECEDES model, developed by Green and Kreuter in 1991, is a framework for planning health promotion programs. However, the relationship between inflammation and diseases or conditions can be explained using the PRECEDES model as follows:

P - Problem: Inflammation is a response of the body's immune system to injury or infection. However, chronic inflammation is associated with various diseases and conditions, such as cardiovascular disease, diabetes, cancer, and neurodegenerative"
C0278480,Colon cancer stage III,neop,PROCESS_OF,C0030705,Patients,humn,2010,20013803,20013803,,27974986,"In a biomedical context, what is the relationship between Colon cancer stage III and patients or groups via PROCESS_OF?",0.2555898427963257,0.0,Patients,2015,"

In the context of colon cancer stage III, the PROCESS_OF relationship refers to the sequence of events or treatments that patients undergo. A study published in 2015 by the Journal of Clinical Oncology found that the PROCESS_OF relationship between colon cancer stage III and patients or groups can be described as follows:

1. **Surgery**: Patients with colon cancer stage III typically undergo surgical resection of the tumor, which is the primary treatment for localized disease.
2. **Adjuvant"
C0030705,Patients,humn,LOCATION_OF,C0032821,Potassium,elii,2018,29413105,29413105,,248836009,Which medical entities is the anatomical location of Patients?,0.1669618338346481,0.0,Potassium,0,"I'm not sure I understand your question. Could you please provide more context or clarify what you mean by ""medical entities is the anatomical location of Patients""?"
C0599946,attenuation,genf,AFFECTS,C0011065,Cessation of life,orgf,2013,23563151,23563151,,19334446,Which medical entities does attenuation primarily affect?,0.0937183499336242,0.0,Cessation of life,0,"[1950s] 

Attenuation primarily affects X-rays and other forms of electromagnetic radiation, as well as sound waves. In medical imaging, attenuation is a critical factor in X-ray imaging, where it affects the intensity of the X-rays that pass through the body. 

In the context of medical entities, attenuation primarily affects the visibility of structures within the body on X-ray images. For example, denser structures such as bones and metal objects will attenuate X-rays more than softer tissues like"
C0023566,Levonorgestrel,phsu,AFFECTS,C0018207,granulosa cell,cell,2017,27663078,27663078,,7706035,Which cell types does Levonorgestrel primarily affect?,0.3591828048229217,0.0,granulosa cell,0,"[1990s] 

Levonorgestrel primarily affects endometrial cells and cervical mucus. It is a synthetic progestin that is used in various contraceptive methods, including emergency contraception and intrauterine devices. 

When levonorgestrel is administered, it binds to progesterone receptors in the endometrium, causing a thickening of the cervical mucus and a thinning of the endometrial lining. This makes it difficult for sperm to penetrate the cervical m"
C0008377,Cholesterol,bacs,PREDISPOSES,C0035243,Respiratory Tract Infections,dsyn,2011,23565339,23565339,,20742340,"In a biomedical context, what is the relationship between Cholesterol and diseases or conditions via PREDISPOSES?",0.0466732010245323,0.0,Respiratory Tract Infections,0,"[1964] 
The relationship between cholesterol and diseases or conditions via predisposes is linked to the concept of atherosclerosis. Atherosclerosis is a condition where the buildup of cholesterol-rich plaques in the arterial walls leads to their hardening and narrowing. This process is facilitated by the oxidation of low-density lipoprotein (LDL) cholesterol, which is then engulfed by macrophages in the arterial wall, forming foam cells. The accumulation of these foam cells and the subsequent inflammatory response"
C0407333,External skeletal fixation procedure,topp,AFFECTS,C0027540,Necrosis,patf,2019,30623196,30623196,,332894211,Which pathologic functions does External skeletal fixation procedure primarily affect?,0.1149174571037292,0.0,Necrosis,0,"[1966] The External skeletal fixation procedure primarily affects the pathologic functions of bone and soft tissue by altering the mechanical environment around the affected area. 

This procedure involves the application of an external frame to stabilize and immobilize the affected bone, thereby reducing movement and stress on the surrounding tissues. The external frame can be adjusted to apply controlled forces to the bone, promoting healing and bone remodeling.

The primary pathologic functions affected by external skeletal fixation include:

1. **Bone remodeling**: The external frame"
C0015295,Exons,bacs,PART_OF,C0085113|4763,NF1 gene|NF1,aapp,2011,24710210,24710210,,30270314,"In a biomedical context, what is the relationship between Exons and proteins via PART_OF?",0.0897567570209503,0.0,NF1 gene|NF1,0,"[1995]

In the context of genomics and proteomics, exons are coding regions of a gene that are spliced together to form a mature messenger RNA (mRNA) transcript. The relationship between exons and proteins via PART_OF is as follows:

When a gene is transcribed into mRNA, the introns (non-coding regions) are removed through a process called splicing, and the exons are joined together. The resulting mRNA transcript is then translated into a protein by rib"
C0452945,Sausage,food,ISA,C0025017,Meat,food,2013,23726205,23726205,,19474497,"In a biomedical context, what is the relationship between Sausage and medical entities via ISA?",0.2698360681533813,0.0,Meat,0,"I couldn't find any information about a relationship between ""Sausage"" and medical entities via ISA. However, I found that ISA (Investigation-Study-Assay) is a framework used in the ISA-TAB (Investigation-Study-Assay Tab-delimited format) data sharing standard for biomedical research. 

ISA-TAB is used to describe the relationships between different types of data in biomedical research, such as investigations, studies, and assays. It is not directly related to ""Saus"
C0162425,Intention,menp,PROCESS_OF,C0030705,Patients,humn,2019,30343121,30343121,,308211966,"In a biomedical context, what is the relationship between Intention and patients or groups via PROCESS_OF?",0.0462623313069343,0.0,Patients,2012,"

In the context of the Biomedical Ontology (BMO) and the Ontology for General Medical Science (OGMS), the relationship between Intention and patients or groups is represented by the 'PROCESS_OF' relation. 

The 'PROCESS_OF' relation is used to describe the process or action that is being performed on a particular entity, such as a patient or group. In this case, it is used to link an Intention (e.g., a medical treatment or"
C0005390,Bile Acids,bacs,STIMULATES,C0206588,"Receptors, Nuclear",gngm,2018,29351391,29351391,,249132007,Which genes does Bile Acids stimulate?,0.072386085987091,0.0,"Receptors, Nuclear",0,"[1993] 
Bile acids have been shown to stimulate the expression of the fibroblast growth factor 19 (FGF19) gene. This is achieved through the activation of the farnesoid X receptor (FXR), a nuclear receptor that plays a crucial role in regulating bile acid synthesis and metabolism. When bile acids bind to FXR, they induce the expression of FGF19, which in turn inhibits the expression of genes involved in bile acid synthesis, creating a negative"
C1101610,MicroRNAs,bacs,PART_OF,C1819995,Host Cell,celc,2023,36617590,36617590,,395467822,"In a biomedical context, what is the relationship between MicroRNAs and medical entities via PART_OF?",0.1848348826169967,0.0,Host Cell,0,"
MicroRNAs (miRNAs) are small non-coding RNAs that play a crucial role in regulating gene expression by binding to the 3' untranslated region (3' UTR) of target messenger RNAs (mRNAs). The PART_OF relationship in a biomedical context refers to the fact that miRNAs are part of a larger regulatory network that influences various cellular processes, including cell proliferation, differentiation, and apoptosis.

In this context, miRNAs can"
C1257890,Population Group,humn,LOCATION_OF,C0037494,Sodium Chloride,inch,2010,24031511,24031511,,29067101,Which medical entities is the anatomical location of Population Group?,0.1372901797294616,0.0,Sodium Chloride,0,"I couldn't find any information on ""Population Group"" being a medical entity or anatomical location. It's possible that you may be referring to a different term or concept.

However, I found that ""Population Group"" is a term used in epidemiology and public health to refer to a group of people who share similar characteristics, such as age, sex, ethnicity, or socioeconomic status.

If you could provide more context or clarify what you mean by ""Population Group,"" I may be able to provide"
C0040395,tomography,diap,DIAGNOSES,C0001418,Adenocarcinoma,neop,2011,21811765,21811765,,130935223,Which diseases or conditions is tomography used to diagnose?,0.2563869953155517,0.0,Adenocarcinoma,0,"[1895] Wilhelm Conrad Röntgen discovered X-rays, which led to the development of X-ray computed tomography (CT) scans. Tomography is used to diagnose various diseases and conditions, including:

1. **Cancer**: Tomography helps in detecting tumors, assessing their size, and monitoring their response to treatment.
2. **Stroke and brain injuries**: CT scans are used to diagnose hemorrhagic strokes, ischemic strokes, and other brain injuries.
3. **Lung diseases"
C0965245|29126,"CD274 protein, human|CD274",aapp,ASSOCIATED_WITH,C0919267,ovarian neoplasm,neop,2023,36604635,36604635,,395327336,"Which diseases or conditions is CD274 protein, human|CD274 most strongly associated with?",0.3534429669380188,0.0,ovarian neoplasm,0,"The CD274 protein, also known as programmed death-ligand 1 (PD-L1), is most strongly associated with various types of cancer, particularly non-small cell lung cancer (NSCLC), melanoma, and triple-negative breast cancer. 

The scientific mechanism behind this association involves the interaction between PD-L1 and its receptor, PD-1, which is expressed on the surface of T cells. When PD-L1 binds to PD-1, it sends a signal"
C0002144,Allopurinol,phsu,TREATS,C0034693,Rattus norvegicus,mamm,2013,24400158,24400158,,18694247,Which species is Allopurinol commonly used to treat?,0.1095452681183815,0.0,Rattus norvegicus,0,"[1950s] Allopurinol is commonly used to treat gout, a type of inflammatory arthritis caused by elevated levels of uric acid in the blood. The scientific mechanism behind its use involves the inhibition of the enzyme xanthine oxidase, which is responsible for converting hypoxanthine to xanthine and xanthine to uric acid. By inhibiting this enzyme, allopurinol reduces the production of uric acid, thereby decreasing the risk of g"
C0014272,Energy Metabolism,phsf,PROCESS_OF,C0026809,Mus,mamm,2016,27740871,27740871,,11075446,"In a biomedical context, what is the relationship between Energy Metabolism and species via PROCESS_OF?",0.0418958999216556,0.0,Mus,0,"[1960s] The relationship between Energy Metabolism and species via PROCESS_OF is related to the concept of ""metabolic pathways"" or ""metabolic processes."" This concept describes how different species utilize energy from their environment to sustain life processes, such as growth, maintenance, and reproduction.

In this context, PROCESS_OF is a biological process that links Energy Metabolism to the species, indicating how energy is converted and utilized within the organism. This process involves a series of biochemical reactions, including"
C0020517,Hypersensitivity,patf,COEXISTS_WITH,C1261473,Sarcoma,neop,2023,36603685,36603685,,395319202,Which diseases or conditions commonly co-exists with Hypersensitivity?,0.2090675979852676,0.0,Sarcoma,0,"[1950s]  Anaphylaxis: This is a severe, life-threatening allergic reaction that can occur within minutes of exposure to an allergen. It often co-exists with hypersensitivity reactions, particularly in individuals with a history of allergies.

[1960s]  Asthma: This chronic respiratory condition is often associated with hypersensitivity reactions, particularly in individuals with allergies to dust mites, pollen, or pet dander.

[1970s]  Atopic Dermatitis ("
C0087111,Therapeutic procedure,topp,TREATS,C0221198,Lesion,fndg,2017,27738305,27738305,,9958568,Which clinical findings is Therapeutic procedure commonly used to treat?,0.2495202422142028,0.0,Lesion,0,"I'm happy to help, but you've provided a very broad question. There are numerous clinical findings and therapeutic procedures used to treat various conditions. Could you please provide more context or specify a particular clinical finding or condition you're interested in? That way, I can provide a more accurate and detailed answer.

However, I can give you a general idea of some common clinical findings and their corresponding therapeutic procedures:

1. **Hypertension**: Medications such as diuretics, beta-blockers"
C0683325,clinical aspects,clna,PREDISPOSES,C0497327,Dementia,mobd,2022,34983871,34983871,,378165058,"In a biomedical context, what is the relationship between clinical aspects and diseases or conditions via PREDISPOSES?",0.135302722454071,0.0,Dementia,0,"[1992] 

The PREDISPOSES model, also known as the Predisposing, Enabling, and Risk factors, Individual characteristics, Disease, and Exposure, Social determinants, and biological and environmental factors, and Susceptibility model, is a framework used to understand the complex relationships between clinical aspects and diseases or conditions. 

In this model, the term PREDISPOSES is an acronym that represents the various factors that contribute to the development of a disease or condition. 

Here"
C0038454,Cerebrovascular accident,dsyn,PROCESS_OF,C0870604,Girls,humn,2015,25527814,25527814,,18652628,"In a biomedical context, what is the relationship between Cerebrovascular accident and patients or groups via PROCESS_OF?",0.2236183732748031,0.0,Girls,0,"[1995] 
The relationship between Cerebrovascular accident (CVA) and patients or groups via PROCESS_OF is related to the pathophysiology of stroke. 

Cerebrovascular accident, commonly known as stroke, occurs when there is an interruption in blood supply to the brain, leading to cell death and tissue damage. This can be due to either a blockage (ischemic stroke) or rupture (hemorrhagic stroke) of blood vessels in the brain.

The PROCESS_OF"
C0007634,Cells,cell,PRODUCES,C0061928,GTPase-Activating Proteins,aapp,2013,24337297,24337297,,18647646,"In a biomedical context, what is the relationship between Cells and proteins via PRODUCES?",1.0,1.0,GTPase-Activating Proteins,0,"[1965] 

The relationship between cells and proteins via PRODUCES refers to the process of protein synthesis, where cells produce proteins. This process involves the translation of messenger RNA (mRNA) into a specific sequence of amino acids, which fold into a functional protein. The cell's ribosomes read the sequence of nucleotides in the mRNA and assemble the corresponding amino acids into a polypeptide chain. This chain then folds into its native conformation, resulting in a functional protein"
C0208355,multicatalytic endopeptidase complex,aapp,INHIBITS,5429,POLH,gngm,2010,20008555,20008555,,25130604,Which genes does multicatalytic endopeptidase complex inhibit?,0.0407118760049343,0.0,POLH,0,"[1988] 
The multicatalytic endopeptidase complex, also known as the proteasome, inhibits a wide range of proteins involved in cell cycle regulation, signal transduction, and other cellular processes. It specifically targets and degrades proteins that are tagged with ubiquitin, a small protein that marks damaged or misfolded proteins for degradation.

The proteasome complex is composed of multiple subunits that work together to recognize and degrade proteins. It has a specific active site"
C0599537,glycoprotein G,aapp,PART_OF,C0019351,"Herpesvirus 2, Human",virs,2011,22164698,22164698,,232105062,"In a biomedical context, what is the relationship between glycoprotein G and virus via PART_OF?",0.6684687733650208,0.0,"Herpesvirus 2, Human",0,"[1990] 

In the context of the Herpes simplex virus (HSV), glycoprotein G is a part of the viral envelope. It is a type of glycoprotein that plays a crucial role in the attachment and entry of the virus into host cells. The PART_OF relationship between glycoprotein G and the virus indicates that glycoprotein G is a component or a part of the viral structure, specifically the viral envelope"
C0031117,Peripheral Neuropathy,dsyn,COEXISTS_WITH,C0795950,Andermann syndrome,dsyn,2017,28647557,28647557,,2473473,Which diseases or conditions commonly co-exists with Peripheral Neuropathy?,0.1809801906347274,0.0,Andermann syndrome,2015,"
Peripheral neuropathy often co-exists with various diseases and conditions. Some of the most common ones include:

1. **Diabetes**: High blood sugar levels damage the nerves, leading to peripheral neuropathy. 
   The scientific mechanism involves the glycation of proteins and lipids, which form advanced glycosylation end-products (AGEs). AGEs accumulate in the nerves, leading to oxidative stress, inflammation, and eventually nerve damage.

2. **Hypothyroidism"
C0005516,Biological Markers,clna,PREDISPOSES,C0085668,Secondary carcinoma,neop,2023,36589668,36589668,,395161753,"In a biomedical context, what is the relationship between Biological Markers and diseases or conditions via PREDISPOSES?",0.1366250067949295,0.0,Secondary carcinoma,0,"[1960s] 

The relationship between biological markers and diseases or conditions is established through the concept of predisposition. Biological markers, also known as biomarkers, are measurable indicators of a biological process or a disease state. They can be used to predict the likelihood of developing a disease or condition, known as predisposition.

In the 1960s, the term ""biomarker"" was first introduced by the National Cancer Institute to describe measurable indicators of cancer. Since then, the concept of"
C0242606,Oxidative Stress,comd,COEXISTS_WITH,C0599732,cell injury,comd,2018,29383682,29383682,,249693343,Which medical entities commonly co-exists with Oxidative Stress?,0.2619689702987671,0.0,cell injury,0,"[1987]  Lipofuscin accumulation: Lipofuscin is a type of waste material that accumulates in cells over time due to oxidative stress. It is a common feature of aging and is often seen in cells that are exposed to high levels of reactive oxygen species (ROS).

[1992]  Atherosclerosis: Oxidative stress plays a key role in the development of atherosclerosis, a condition characterized by the buildup of plaque in the arteries. This can lead to"
C0006787,Calsequestrin,aapp,PART_OF,C0018787,Heart,bpoc,2022,34990403,34990403,,378233103,"In a biomedical context, what is the relationship between Calsequestrin and tissues or organs via PART_OF?",0.1057704389095306,0.0,Heart,0,"[1998] 
Calsequestrin is a calcium-binding protein found in the sarcoplasmic reticulum of muscle cells. The relationship between Calsequestrin and tissues or organs via PART_OF is that it is a component of the sarcoplasmic reticulum in striated muscle cells, which are found in skeletal and cardiac muscle tissues"
C0012634,Disease,dsyn,AFFECTS,C0205653,Adolescent,aggp,2012,23144798,23144798,,19133153,Which medical entities does Disease primarily affect?,0.2208289504051208,0.0,Adolescent,0,I'm not sure I understand the question. Could you please provide more context or clarify which disease you are referring to?
C0543488,Interested,menp,PROCESS_OF,C0402112,Scientist,humn,2010,19953641,19953641,,28949785,"In a biomedical context, what is the relationship between Interested and patients or groups via PROCESS_OF?",0.2833715379238128,0.0,Scientist,0,"[1999]

In the context of the Ontology for Biomedical Investigations (OBI), the relationship between an investigator (or a group of investigators) and patients or groups via PROCESS_OF is a part of the experimental design. 

The PROCESS_OF relationship is used to describe the process or procedure that was applied to the subjects (patients or groups) in a study. This relationship is an instance of the more general relationship ""wasAssociatedWith"", which is used to describe the association between an experiment or"
C0030193,Pain,sosy,PROCESS_OF,C0042610,Veterans,humn,2024,37774110,37774110,,410753931,"In a biomedical context, what is the relationship between Pain and patients or groups via PROCESS_OF?",0.1275358647108078,0.0,Veterans,0,"[1996]

The relationship between pain and patients or groups via PROCESS_OF is related to the concept of pain processing and transmission. The PROCESS_OF relationship in this context refers to the biological processes involved in the perception and transmission of pain signals from the peripheral nervous system to the central nervous system.

The PROCESS_OF relationship involves the activation of nociceptors, which are specialized sensory receptors that detect and respond to painful stimuli. When nociceptors are activated, they send signals to the spinal cord via"
C1278891,Entire iris,bpoc,LOCATION_OF,C0183210,Sensors,medd,2017,27740482,27740482,,10908659,Which medical entities is the anatomical location of Entire iris?,0.2544837296009063,0.0,Sensors,0,"[1864] The entire iris is located in the anterior segment of the eye, specifically within the eyeball. It is situated between the cornea (the transparent outer layer at the front of the eye) and the lens (a clear, flexible structure behind the iris that changes shape to focus light on the retina)"
C0333463,Senile Plaques,acab,AFFECTS,C1257890,Population Group,humn,2017,27726163,27726163,,4872067,Which patients or groups does Senile Plaques primarily affect?,0.146272987127304,0.0,Population Group,0,"[1968] Senile Plaques primarily affect individuals with Alzheimer's disease. 

The scientific mechanism behind Senile Plaques involves the accumulation of beta-amyloid peptides in the brain, which are fragments of the amyloid precursor protein (APP). These peptides aggregate and form insoluble fibrils that deposit in the brain tissue, leading to the formation of Senile Plaques. The accumulation of Senile Plaques is a hallmark of Alzheimer's disease and is thought to contribute to the neurodegeneration"
C0162861,Superior mesenteric artery structure,bpoc,LOCATION_OF,C0002940,Aneurysm,anab,2015,25463333,25463333,,2138687,Which medical entities is the anatomical location of Superior mesenteric artery structure?,0.391956090927124,0.0,Aneurysm,0,"[1895] The anatomical location of the Superior Mesenteric Artery (SMA) is in the abdominal cavity. It originates from the abdominal aorta, below the celiac trunk, and above the renal arteries. The SMA is located in the retroperitoneal space, near the duodenojejunal junction, and supplies blood to the midgut, which includes the small intestine, the proximal two-thirds of the transverse colon, and the distal one-third of"
C0004093,Asthenia,sosy,PROCESS_OF,C0221192,Author,humn,2018,29289921,29289921,,249074975,"In a biomedical context, what is the relationship between Asthenia and patients or groups via PROCESS_OF?",0.2365621030330658,0.0,Author,0,"[1980]

In the context of biomedical research, Asthenia is a medical term that refers to a condition characterized by weakness, lack of energy, or a general feeling of being unwell. The relationship between Asthenia and patients or groups can be described via the PROCESS_OF relationship in the following way:

Asthenia is a symptom or a condition that can be experienced by patients or groups, and it is often the result of a underlying process or disease. This process can be described as"
C1136177,Sirtuins,aapp,PART_OF,C0024660,Mammals,mamm,2023,36597461,36597461,,395252279,"In a biomedical context, what is the relationship between Sirtuins and species via PART_OF?",0.120290882885456,0.0,Mammals,0,"

In the context of biomedical research, Sirtuins are a family of proteins that have been linked to various cellular processes, including aging, metabolism, and stress resistance. The PART_OF relationship between Sirtuins and species refers to the fact that Sirtuins are conserved across different species, meaning they are present in a wide range of organisms, from yeast to humans.

The PART_OF relationship is a type of biological relationship that indicates a part-whole or component"
C0017261,Gene Duplication,genf,PROCESS_OF,C1136102,Capsid Proteins,gngm,2018,29197719,29197719,,248937386,"In a biomedical context, what is the relationship between Gene Duplication and genes via PROCESS_OF?",0.1185957714915275,0.0,Capsid Proteins,0,"[1970] Gene duplication is a process where a region of DNA is copied, resulting in a duplicate copy of a gene. This process can occur through various mechanisms, including errors during DNA replication, transposition of genetic elements, or viral infections. The duplicated gene can then undergo mutations, leading to the creation of new genes with novel functions. 

In a biomedical context, the relationship between Gene Duplication and genes via PROCESS_OF can be described as follows: Gene Duplication is a process that generates"
C0015811,Femur,bpoc,LOCATION_OF,C0302639,Bone Mills,medd,2018,29168018,29168018,,249475615,Which medical entities is the anatomical location of Femur?,0.3279900550842285,0.0,Bone Mills,0,"[1526]  The anatomical location of the Femur is in the lower extremities, specifically in the thigh. It is the longest, heaviest, and strongest bone in the human body, extending from the hip joint (acetabulum) to the knee joint (tibiofemoral joint)"
C0003483,Aorta,bpoc,LOCATION_OF,C1510412,Pseudoaneurysm,patf,2021,33394110,33394110,,361909875,Which pathologic functions is the anatomical location of Aorta?,0.1437104940414428,0.0,Pseudoaneurysm,0,"[1628] 

The anatomical location of the aorta is primarily related to its pathologic functions in the context of atherosclerosis. The aorta is the largest artery in the body, arising from the left ventricle of the heart and extending down to the abdominal region. 

The pathologic functions associated with the aorta include:

1. **Atherosclerosis**: The aorta is prone to atherosclerosis, a condition characterized by the buildup of plaque on the inner walls of"
5460,POU5F1,gngm,INTERACTS_WITH,C0431085,[M]Unspecified tumor cell NOS,cell,2015,26447206,26447206,,2859634,Which cell types does POU5F1 significantly interact with?,0.2532336413860321,0.0,[M]Unspecified tumor cell NOS,0,"[1998] 
POU5F1, also known as Oct4, is a transcription factor that plays a crucial role in maintaining the pluripotency of embryonic stem cells. It significantly interacts with several cell types, including:

1. Nanog: Another transcription factor that is essential for maintaining the pluripotency of embryonic stem cells. The interaction between Oct4 and Nanog helps to regulate the expression of genes involved in pluripotency and self-renewal"
C0086511,Knee Replacement Arthroplasty (procedure),topp,USES,C0175649,Prosthesis,medd,2021,33403815,33403815,,361935600,"In a biomedical context, what is the relationship between Knee Replacement Arthroplasty (procedure) and medical entities via USES?",0.1034760102629661,0.0,Prosthesis,0,"[1969] 
The first knee replacement arthroplasty was performed by Dr. John Charnley in 1969. The relationship between knee replacement arthroplasty and medical entities via uses is as follows:

1. **Osteoarthritis (OA)**: Knee replacement arthroplasty is used to treat severe OA, a degenerative joint disease that causes cartilage loss and bone-on-bone contact, leading to pain and stiffness.

2. **Rheumatoid"
C0475854,Dorsal grey horn,bpoc,LOCATION_OF,2852,GPER1,aapp,2010,19912997,19912997,,24392031,Which proteins is the anatomical location of Dorsal grey horn?,-0.0328433588147163,0.0,GPER1,0,"[1970] 

The dorsal grey horn, also known as the dorsal horn, is a region in the spinal cord that contains various types of neurons and glial cells. The main proteins found in the dorsal grey horn are:

1. Substance P: This is a neuropeptide that acts as a neurotransmitter and is involved in the transmission of pain signals from the dorsal horn to the brain.
2. Calcitonin Gene-Related Peptide (CGRP): This is a neuropeptide"
C0596563,Fatty Acid Metabolism,moft,PROCESS_OF,C0078988,Asians,humn,2019,30252100,30252100,,327165513,"In a biomedical context, what is the relationship between Fatty Acid Metabolism and patients or groups via PROCESS_OF?",0.10120789706707,0.0,Asians,0,"[1964] The relationship between Fatty Acid Metabolism and patients or groups via PROCESS_OF is related to the concept of beta-oxidation. Beta-oxidation is the process by which fatty acids are broken down into acetyl-CoA units, which can then be fed into the citric acid cycle for energy production.

In a biomedical context, the PROCESS_OF relationship between Fatty Acid Metabolism and patients or groups can be understood as follows:

- In patients with impaired fatty acid"
C1522619,Esophageal,spco,LOCATION_OF,C0007600,Cell Line,cell,2014,24979572,24979572,,19062912,Which cell types is the anatomical location of Esophageal?,0.1983394771814346,0.0,Cell Line,0,"[1900s] The esophagus is lined by stratified squamous epithelium. This type of epithelium is composed of multiple layers of squamous cells, which provide a protective barrier against mechanical abrasion and chemical damage from food and digestive enzymes. The stratified squamous epithelium is found in areas of the body that are subject to high friction and wear, such as the esophagus, skin, and oral cavity"
C0030805,Bullous pemphigoid,dsyn,ISA,C0037274,skin disorder,dsyn,2017,27650606,27650606,,16957127,"In a biomedical context, what is the relationship between Bullous pemphigoid and diseases or conditions via ISA?",0.3428466022014618,0.0,skin disorder,0,"I couldn't find any information on ISA in the context of Bullous pemphigoid. However, I can provide information on the relationship between Bullous pemphigoid and other diseases or conditions.

Bullous pemphigoid is an autoimmune skin disease characterized by the formation of blisters. It is associated with various diseases and conditions, including:

1. [1960s] Autoimmune disorders: Bullous pemphigoid is often seen in patients with other autoimmune diseases, such"
C0039597,Testis,bpoc,LOCATION_OF,C0021364,"Infertility, Male",dsyn,2010,19936986,19936986,,19652779,Which diseases or conditions is the anatomical location of Testis?,0.4688118398189544,0.0,"Infertility, Male",0,"[1897]  The anatomical location of the testis is associated with several conditions and diseases, including:

1. Cryptorchidism: This is a condition where one or both testes fail to descend into the scrotum, which can increase the risk of testicular cancer and infertility.
2. Testicular torsion: This is a medical emergency where the spermatic cord becomes twisted, cutting off the blood supply to the testis, which can lead to testicular loss if not"
C0389071,Adiponectin,gngm,NEG_INTERACTS_WITH,C0007600,Cell Line,cell,2018,29603059,29603059,,249152492,"In a biomedical context, what is the relationship between Adiponectin and cell types via NEG_INTERACTS_WITH?",0.2658500373363495,0.0,Cell Line,0,"
Adiponectin is a protein hormone that plays a significant role in glucose regulation and fatty acid oxidation. It is secreted from adipose tissue and has been shown to interact with various cell types, including adipocytes, macrophages, and endothelial cells.

The NEG_INTERACTS_WITH relationship between Adiponectin and cell types suggests that Adiponectin negatively regulates or inhibits certain cellular processes or signaling pathways in these cell types. For example"
C0017654,Glomerular Filtration Rate,diap,DIAGNOSES,C0560617,knocked out,inpo,2021,33414130,33414130,,362002297,Which medical entities is Glomerular Filtration Rate used to diagnose?,0.0446062348783016,0.0,knocked out,0,"[1940s] 
The Glomerular Filtration Rate (GFR) is used to diagnose various medical entities, primarily those related to kidney function. It is a measure of the rate at which the kidneys filter waste products from the blood. 

The GFR is used to diagnose and monitor conditions such as:

1. Chronic Kidney Disease (CKD): A gradual loss of kidney function over time, which can lead to end-stage renal disease (ESRD).
2. Acute"
C0010124,Corticosterone,horm,AUGMENTS,C0021368,Inflammation,patf,2022,34861075,34861075,,376763601,"In a biomedical context, what is the relationship between Corticosterone and pathologic functions via AUGMENTS?",0.212358757853508,0.0,Inflammation,2015,"

Corticosterone is a steroid hormone that plays a crucial role in the regulation of various physiological processes, including stress response, metabolism, and immune function. In the context of pathologic functions, corticosterone has been implicated in the development and progression of various diseases, including anxiety disorders, depression, and cardiovascular disease.

AUGMENTS (Augmented Corticosterone) refers to the phenomenon where corticosterone levels are elevated beyond the normal physiological range, leading to pathologic consequences"
C0021368,Inflammation,patf,COEXISTS_WITH,C0020517,Hypersensitivity,patf,2013,24044680,24044680,,18760451,Which pathologic functions commonly co-exists with Inflammation?,0.2931253015995025,0.0,Hypersensitivity,0,"[1950s] Fibrosis: Fibrosis is a pathologic process where there is excessive deposition of extracellular matrix proteins, such as collagen, leading to the scarring of tissues. It commonly co-exists with inflammation, as chronic inflammation can trigger the activation of fibroblasts, which then produce excess matrix proteins, resulting in fibrosis.

[1960s] Cancer: Chronic inflammation is a known risk factor for the development of cancer. Inflammation can lead to genetic mutations and"
C0080024,Piebaldism,dsyn,PROCESS_OF,C0007452,Cattle,mamm,2010,19968642,19968642,,2380998,"In a biomedical context, what is the relationship between Piebaldism and species via PROCESS_OF?",0.1314092278480529,0.0,Cattle,0,"[1966] 

Piebaldism is a rare genetic disorder characterized by the absence of melanocytes in certain areas of the skin and hair, leading to white patches. It is caused by mutations in the KIT gene, which encodes a receptor tyrosine kinase involved in the development and migration of melanocytes.

The PROCESS_OF relationship between Piebaldism and species is that the disorder is a result of a genetic mutation that affects the development of melanocytes in humans. This mutation is"
C0001811,Aging,orgf,PROCESS_OF,C0003062,Animals,anim,2020,31520690,31520690,,341822481,"In a biomedical context, what is the relationship between Aging and medical entities via PROCESS_OF?",0.1820926219224929,0.0,Animals,0,"[1952] The relationship between aging and medical entities via PROCESS_OF is related to the concept of ""senescence"" and the aging process. The PROCESS_OF relationship in this context refers to the biological processes that occur as an organism ages, leading to various age-related diseases and conditions.

One of the key mechanisms underlying this relationship is the accumulation of cellular damage over time, including DNA mutations, epigenetic changes, and oxidative stress. As cells divide and replicate, errors can occur, leading to"
C0033684,Proteins,bacs,PART_OF,C0064566,Laccase,aapp,2015,26196690,26196690,,3097343,"In a biomedical context, what is the relationship between Proteins and proteins via PART_OF?",0.1223033666610717,0.0,Laccase,0,"

In the context of biomedical ontologies, the relationship between proteins via PART_OF is a hierarchical relationship that describes the composition of a protein complex or a macromolecular complex. This relationship is defined in the Protein Ontology (PRO) and is used to describe the parts that make up a protein complex.

The PART_OF relationship indicates that one protein (the part) is a component of another protein (the whole). This relationship is often used to describe the composition of protein complexes"
C0039729,Thalamic structure,bpoc,LOCATION_OF,C0069919|201161,ranpirnase|CENPV,aapp,2024,38170771,38170771,,411937608,Which proteins is the anatomical location of Thalamic structure?,0.1779165118932724,0.0,ranpirnase|CENPV,0,"[1994] 
The anatomical location of the thalamic structure is primarily composed of the proteins tubulin and actin. These proteins are crucial for the structural integrity and function of the thalamic neurons. Tubulin is a key component of microtubules, which provide support and maintain the shape of the neurons, while actin filaments are involved in the dynamic reorganization of the cytoskeleton, allowing for changes in cell shape and movement of cellular components.

However, the"
C4727545,Ipilimumab/Nivolumab Regimen,topp,COMPARED_WITH,C5206430,Axitinib/Pembrolizumab Regimen,topp,2022,34991104,34991104,,378240253,"In a biomedical context, what is the relationship between Ipilimumab/Nivolumab Regimen and medical entities via COMPARED_WITH?",0.3647132515907287,0.0,Axitinib/Pembrolizumab Regimen,2013,"
Ipilimumab and Nivolumab are immunotherapies used in the treatment of various cancers, including melanoma and non-small cell lung cancer. The COMPARED_WITH relationship in this context refers to the comparison of the efficacy and safety of the combination of Ipilimumab and Nivolumab with other treatments.

Ipilimumab works by blocking the CTLA-4 receptor on T-cells, which enhances the immune response against cancer cells. Niv"
C0042219,Vacuole,celc,PART_OF,C1325638,ER body,celc,2023,36617247,36617247,,395462930,"In a biomedical context, what is the relationship between Vacuole and medical entities via PART_OF?",0.2199534475803375,0.0,ER body,0,"[1995] 
The relationship between Vacuole and medical entities via PART_OF is related to the concept of cellular pathology. In this context, vacuoles are abnormal structures that can form within cells due to various pathological processes. These vacuoles can be part of the cellular changes associated with certain diseases or conditions, such as:

- Cellular degeneration
- Cellular injury
- Cellular adaptation
- Cellular transformation

For example, in the case of Alzheimer's disease, vacuoles can"
C0286648,Myeloid differentiation factor 88,aapp,INTERACTS_WITH,C0079904,NF-kappa B,aapp,2017,27864145,27864145,,1615391,Which proteins does Myeloid differentiation factor 88 significantly interact with?,0.291467010974884,0.0,NF-kappa B,0,"[1999] 
Myeloid differentiation factor 88 (MyD88) is a key adaptor protein in the Toll-like receptor (TLR) signaling pathway. It significantly interacts with several proteins, including:

1. IRAK4 (Interleukin-1 receptor-associated kinase 4): MyD88 binds to IRAK4, which is then activated and phosphorylated, leading to the recruitment of other signaling molecules.
2. IRAK1 (Interleukin-1 receptor"
C0005863,Western Blotting,lbpr,MEASURES,C0035668,RNA,nnon,2021,33313953,33313953,,361061849,"In a biomedical context, what is the relationship between Western Blotting and medical entities via MEASURES?",0.3158448338508606,0.0,RNA,0,"I couldn't find any information on ""MEASURES"" in the context of Western Blotting and medical entities. However, I can explain the relationship between Western Blotting and medical entities.

[1979] 
Western Blotting, also known as immunoblotting or protein blotting, is a laboratory technique used to detect and analyze proteins. It involves separating proteins by size using gel electrophoresis, transferring them to a membrane, and then detecting the presence of specific proteins"
C0543467,Operative Surgical Procedures,topp,AFFECTS,C0030705,Patients,podg,2022,34916351,34916351,,377310868,Which medical entities does Operative Surgical Procedures primarily affect?,0.4268607199192047,0.0,Patients,0,"[1960s] Operative surgical procedures primarily affect the musculoskeletal system, nervous system, and various organs such as the heart, lungs, and gastrointestinal tract. 

The primary mechanism of operative surgical procedures involves the use of surgical instruments to cut, dissect, and repair tissues. This can include the removal of damaged or diseased tissues, the repair of damaged tissues, or the transplantation of healthy tissues. The specific effects of operative surgical procedures depend on the type of surgery being performed and the location"
C0737240,Somatic cell,cell,PART_OF,C0001675,Adult,humn,2011,23765134,23765134,,23672261,"In a biomedical context, what is the relationship between Somatic cell and patients or groups via PART_OF?",0.3663910925388336,0.0,Adult,0,"

In the context of biomedical ontologies, particularly the Gene Ontology (GO), the relationship between somatic cells and patients or groups is described using the 'part_of' relationship. This relationship indicates that the somatic cells are a part of the organism or individual, which in this case is the patient or group.

In other words, somatic cells are cellular components that make up the body of an individual, and they are part of the larger entity that is the patient or"
C0199176,Prophylactic treatment,topp,USES,C1136254,Microbicides,phsu,2011,23650676,23650676,,33019321,"In a biomedical context, what is the relationship between Prophylactic treatment and pharmacologic substances via USES?",0.1066458150744438,0.0,Microbicides,0,"[1960s] 
The relationship between prophylactic treatment and pharmacologic substances via USES (Unintended Side Effects and Sensitivities) is rooted in the concept of pharmacovigilance. Prophylactic treatment refers to the administration of a medication or substance to prevent a disease or condition from occurring. However, the use of pharmacologic substances for prophylactic purposes can lead to unintended side effects and sensitivities.

The scientific mechanism behind this relationship involves the complex interactions between the"
C0186657,"Arthroplasty, Replacement, Shoulder",topp,TREATS,C0027567,African,humn,2024,38182016,38182016,,412078594,"Which patients or groups is Arthroplasty, Replacement, Shoulder commonly used to treat?",0.0470464527606964,0.0,African,0,"[1950s] Arthroplasty, or joint replacement, is commonly used to treat patients with severe shoulder joint damage or degeneration, particularly those with conditions such as:

1. Osteoarthritis: Wear and tear on the joint cartilage, leading to bone-on-bone contact and pain.
2. Rheumatoid arthritis: Inflammation of the joint lining, causing cartilage and bone damage.
3. Rotator cuff tears: Severe tears in the muscles and tend"
C0849912,Emotional,fndg,PROCESS_OF,C0679670,network,humn,2016,26194419,26194419,,1400676,"In a biomedical context, what is the relationship between Emotional and patients or groups via PROCESS_OF?",0.2300516664981842,0.0,network,2012,"

In the context of the Biomedical Ontology (BMO) and the Open Biomedical Ontologies (OBO) Foundry, the relationship between Emotional and patients or groups via PROCESS_OF is a part of the OBO Relation Ontology (RO).

PROCESS_OF is a relation that indicates the process or activity that is being performed on a subject. In this case, it is used to describe the relationship between a particular emotional state or process (e.g., anxiety, depression"
C0002744,Anabolic steroids,phsu,INTERACTS_WITH,C0002763,Central Nervous System Stimulants,phsu,2018,28711608,28711608,,38668755,Which pharmacologic substances does Anabolic steroids significantly interact with?,0.1431440412998199,0.0,Central Nervous System Stimulants,0,"[1960s] Anabolic steroids significantly interact with various pharmacologic substances, including:

1. **Blood Thinners (Warfarin)**: Anabolic steroids can increase the risk of bleeding when taken with warfarin, a blood thinner used to prevent blood clots.

2. **Insulin and Oral Hypoglycemics**: Anabolic steroids can increase insulin resistance, making it more challenging to control blood sugar levels when taken with insulin or oral hypoglycemic medications.

3"
C1311470|5071,"PARK2 protein, human|PRKN",aapp,AUGMENTS,C0230871,Mitochondrial Fission,celf,2024,38184594,38184594,,412064255,"In a biomedical context, what is the relationship between PARK2 protein, human|PRKN and cell types via AUGMENTS?",0.1618615090847015,0.0,Mitochondrial Fission,0,"

The PARK2 protein, also known as parkin, is a key component in the ubiquitin-proteasome pathway, which is responsible for the degradation of damaged or misfolded proteins within cells. The PARK2 gene, also known as PRKN, encodes for the parkin protein. 

In the context of cell types and the AUGMENTS (Autophagy, Ubiquitin-Proteasome, Glycogen, Mitochondria, Endoplasm"
C0728940,Excision,topp,ADMINISTERED_TO,C0237401,Individual,humn,2019,30624521,30624521,,332906124,To which patients or groups is Excision typically administered?,0.1284160315990448,0.0,Individual,0,"[1980s] Excision is typically administered to patients with early-stage basal cell carcinoma (BCC) or squamous cell carcinoma (SCC), which are types of skin cancer. The procedure is usually recommended for patients with small, superficial tumors that are easily accessible and have not spread to other parts of the body.

The scientific mechanism behind excision involves the surgical removal of the tumor and a surrounding margin of healthy tissue. The goal is to completely remove the cancerous cells and prevent recurrence"
C0142812,SODIUM BUTYRATE,lipd,ISA,C1512474,Histone Deacetylase Inhibitor,chvf,2016,27742468,27742468,,11756139,"In a biomedical context, what is the relationship between SODIUM BUTYRATE and medical entities via ISA?",1.0,1.0,Histone Deacetylase Inhibitor,2010,"

Sodium butyrate is a histone deacetylase inhibitor (HDACi) that has been shown to interact with the Insulin Signaling Axis (ISA) in a biomedical context. 

The relationship between sodium butyrate and the ISA is as follows: Sodium butyrate can modulate the activity of HDACs, which in turn can affect the acetylation status of histones and other proteins involved in the insulin signaling pathway. 

Specifically"
C1299890,Transitional vertebra,cgab,PART_OF,C0030705,Patients,humn,2024,38180517,38180517,,412020264,"In a biomedical context, what is the relationship between Transitional vertebra and patients or groups via PART_OF?",0.2530106008052826,0.0,Patients,0,"[1993]

In the context of biomedical ontologies, the relationship between Transitional vertebra and patients or groups via PART_OF is based on the concept of anatomical part-whole relationships. 

The PART_OF relationship is used to describe the composition of a whole from its parts. In this case, a Transitional vertebra is a type of vertebra that is part of the human spine, which is a whole composed of multiple vertebrae. 

This relationship is often represented in biomedical ontologies such"
C0001047,Acetylcysteine,aapp,ASSOCIATED_WITH,C1457887,Symptoms,sosy,2019,30890081,30890081,,332826433,Which medical entities is Acetylcysteine most strongly associated with?,0.116295002400875,0.0,Symptoms,0,"[1952] Acetylcysteine is most strongly associated with the treatment of acetaminophen (paracetamol) overdose. The mechanism involves the replenishment of glutathione stores in the liver, which helps to detoxify the toxic metabolite N-acetyl-p-benzoquinone imine (NAPQI) produced during acetaminophen metabolism. By replenishing glutathione, acetylcysteine prevents liver damage and supports the recovery of"
C0379710,caveolin 1,aapp,INTERACTS_WITH,C0016055,Fibronectins,aapp,2020,31190436,31190436,,338747967,Which proteins does caveolin 1 significantly interact with?,0.0992234274744987,0.0,Fibronectins,0,"[1996] 
Caveolin 1 is a protein that plays a crucial role in the formation of caveolae, which are small invaginations in the plasma membrane of many cell types. Caveolin 1 significantly interacts with various proteins, including:

1. Caveolin 2 and Caveolin 3: These are other members of the caveolin family and are involved in the formation of caveolae.
2. Src family kinases: Caveolin 1 binds to Src family"
C0850024,gluten-sensitivity,dsyn,PROCESS_OF,C0030705,Patients,humn,2011,23724236,23724236,,36165531,"In a biomedical context, what is the relationship between gluten-sensitivity and patients or groups via PROCESS_OF?",0.231677770614624,0.0,Patients,2011,"

The relationship between gluten-sensitivity and patients or groups can be explained through the PROCESS_OF mechanism of immune system dysregulation. 

Gluten-sensitivity, also known as non-celiac gluten sensitivity (NCGS), is a condition where individuals experience symptoms similar to celiac disease after consuming gluten, but without the same level of immune system activation and intestinal damage. 

The PROCESS_OF mechanism involves the following steps:

1.  **Gluten ingestion**: Gluten, a protein"
C0078755,Zeolites,inch,INHIBITS,C0015075,Ethylene,orch,2019,30623439,30623439,,332896471,Which chemicals does Zeolites inhibit?,0.3025428056716919,0.0,Ethylene,0,"[1960s] Zeolites are known to inhibit the formation of silica-based deposits, such as silicates and silicagel, which can clog pipes and equipment in various industrial processes. They also inhibit the formation of calcium carbonate (CaCO3) and magnesium hydroxide (Mg(OH)2) scales, which can cause problems in water treatment and oil production.

However, the most notable inhibition of zeolites is the inhibition of silica-based deposits, such as"
C0053932,Bone Morphogenetic Proteins,gngm,CAUSES,C0162638,Apoptosis,celf,2014,24658374,24658374,,18842706,Which cell types can Bone Morphogenetic Proteins cause or induce?,0.1976255923509597,0.0,Apoptosis,0,"[1994] Bone Morphogenetic Proteins (BMPs) can induce the formation of osteoblasts, which are cells responsible for bone formation. They can also induce the differentiation of mesenchymal stem cells into osteoblasts, chondrocytes, and adipocytes. 

[1995] BMPs have been shown to induce the formation of chondrocytes, which are cells responsible for cartilage formation. 

[1996] BMPs can"
C0154682,Lateral Sclerosis,dsyn,PROCESS_OF,C1257890,Population Group,humn,2017,27623516,27623516,,5472034,"In a biomedical context, what is the relationship between Lateral Sclerosis and patients or groups via PROCESS_OF?",0.0758360028266906,0.0,Population Group,0,"[1874] 
Amyotrophic Lateral Sclerosis (ALS), also known as Lou Gehrig's disease, is a progressive neurodegenerative disease that affects nerve cells in the brain and spinal cord. The relationship between ALS and patients or groups via PROCESS_OF can be described as follows:

In ALS, the process of neurodegeneration involves the progressive loss of motor neurons, which are responsible for controlling voluntary muscle movement. This process is characterized by the accumulation of misfolded proteins, such"
C0011220,Hepatitis Delta Virus,virs,INTERACTS_WITH,C0220847,Hepatitis C virus,virs,2013,23852675,23852675,,1267874,Which virus does Hepatitis Delta Virus significantly interact with?,0.5957964658737183,0.0,Hepatitis C virus,0,"[1986] 
The Hepatitis Delta Virus (HDV) significantly interacts with the Hepatitis B Virus (HBV). HDV requires the HBV envelope proteins to form its own virions, and it cannot replicate or produce infectious particles without the presence of HBV. This unique relationship between HDV and HBV is known as a ""satellite virus"" or ""defective virus,"" as HDV relies on HBV for its survival and transmission"
C0071649,polyphenols,orch,PREVENTS,C0035126,Reperfusion Injury,inpo,2013,25206725,25206725,,19209140,Which medical entities does polyphenols help to prevent?,0.2283530980348587,0.0,Reperfusion Injury,0,"[1990s] 
Polyphenols have been found to have antioxidant properties, which help in preventing various medical entities. They are known to have anti-inflammatory effects and can neutralize free radicals, which are unstable molecules that can cause oxidative stress and damage to cells.

Some of the medical entities that polyphenols have been found to help prevent include:

1. **Cardiovascular diseases**: Polyphenols have been shown to help lower blood pressure, improve lipid profiles, and prevent the formation of"
C1366528,TIE gene,gngm,INTERACTS_WITH,C0079460,Granulocyte-Macrophage Colony-Stimulating Factor,aapp,2014,24658178,24658178,,18723735,Which proteins does TIE gene significantly interact with?,-0.0871570631861686,0.0,Granulocyte-Macrophage Colony-Stimulating Factor,0,"[1997] 
The TIE gene significantly interacts with the VEGF (Vascular Endothelial Growth Factor) protein. The TIE receptor is a tyrosine kinase receptor that plays a crucial role in angiopoietin signaling, which is involved in the regulation of vascular development and stability. VEGF, on the other hand, is a key mediator of angiogenesis, the process of new blood vessel formation. The interaction between TIE and VEGF is essential for the"
C0016030,Fibroblasts,cell,LOCATION_OF,C0020268,Hydrocortisone,strd,2015,26508788,26508788,,19646013,Which medical entities is the anatomical location of Fibroblasts?,0.2125390917062759,0.0,Hydrocortisone,0,"[1962] 
Fibroblasts are a type of cell found in the connective tissue. The primary anatomical location of fibroblasts is in the dermis, a layer of skin beneath the epidermis. They are also found in other connective tissues such as tendons, ligaments, and the perichondrium surrounding cartilage"
2308,FOXO1,gngm,STIMULATES,C0164786|207,Proto-Oncogene Proteins c-akt|AKT1,gngm,2016,27730540,27730540,,6873976,Which genes does FOXO1 stimulate?,0.2691051661968231,0.0,Proto-Oncogene Proteins c-akt|AKT1,0,"[1999] 
FOXO1 is a transcription factor that stimulates the expression of genes involved in various cellular processes, including cell cycle arrest, apoptosis, and glucose metabolism. Some of the genes that FOXO1 stimulates include:

1. P27 (cyclin-dependent kinase inhibitor 1B): involved in cell cycle arrest and inhibition of cell proliferation.
2. Bim (BCL2 interacting mediator of cell death): involved in apoptosis and programmed cell death.
3. Fas (tumor"
C0949690,Spondylarthritis,dsyn,CAUSES,C0037011,Shoulder Pain,sosy,2014,24658935,24658935,,19195305,Which medical entities can Spondylarthritis cause or induce?,0.3411693871021271,0.0,Shoulder Pain,0,"[1960s]  Ankylosing Spondylitis (AS) is a type of Spondylarthritis that can cause or induce various medical entities, including:

1. **Uveitis**: Inflammation of the uvea, the middle layer of the eye, which can lead to vision loss if left untreated.
2. **Aortic Regurgitation**: A condition where the aortic valve does not close properly, allowing blood to leak back into the left ventr"
C0032125,Plasma Transglutaminase,aapp,ISA,C0015528,Factor XIII,aapp,2010,19996413,19996413,,7432769,"In a biomedical context, what is the relationship between Plasma Transglutaminase and proteins via ISA?",0.0651568323373794,0.0,Factor XIII,0,"[1995]

In the context of biomedical research, Plasma Transglutaminase (PTG) is an enzyme that plays a crucial role in protein cross-linking. The relationship between PTG and proteins via the Inhibitory Substrate Analog (ISA) mechanism involves the binding of an ISA to the active site of PTG, thereby inhibiting its enzymatic activity.

When an ISA binds to PTG, it mimics the structure of a substrate protein, thereby blocking the access of the"
C0001811,Aging,orgf,PROCESS_OF,C0682121,Middle American Indian,humn,2017,27629244,27629244,,8317338,"In a biomedical context, what is the relationship between Aging and patients or groups via PROCESS_OF?",0.1228578016161918,0.0,Middle American Indian,0,"[1952] 

The relationship between aging and various diseases or conditions is often described using the concept of ""senescence."" Senescence is a process where cells, tissues, or organisms undergo a decline in function and an increase in mortality rate as they age. This decline can be attributed to various factors, including telomere shortening, epigenetic changes, and the accumulation of cellular damage.

In a biomedical context, the relationship between aging and various diseases or conditions can be described using"
C0022614,Ketamine,orch,AFFECTS,C0206116,Microglia,cell,2011,22131399,22131399,,232054976,Which cell types does Ketamine primarily affect?,0.3028334975242615,0.0,Microglia,0,"[1983] 
Ketamine primarily affects N-methyl-D-aspartate (NMDA) receptors, which are a subtype of glutamate receptors found on certain neurons in the brain"
C0011134,Deet,orch,ISA,C0002508,Amines,orch,2016,26478415,26478415,,20129360,"In a biomedical context, what is the relationship between Deet and chemicals via ISA?",0.2403291016817093,0.0,Amines,0,"[1959] 

In a biomedical context, Deet (N,N-diethyl-meta-toluamide) is a common insect repellent used to prevent bites from mosquitoes and ticks. The relationship between Deet and chemicals via Insensitive Site Activation (ISA) is related to its mechanism of action.

Deet works by binding to the insect's olfactory receptors, which are responsible for detecting chemical signals. However, Deet does not activate the receptor directly. Instead, it binds to a site on"
C0205750,ENDOR,lbpr,ISA,C0037812,Spectrum Analysis,lbpr,2014,25044761,25044761,,18664716,"In a biomedical context, what is the relationship between ENDOR and medical entities via ISA?",0.1277386248111724,0.0,Spectrum Analysis,0,"[1990s] 

In the biomedical context, ENDOR (Electron Nuclear Double Resonance) is a technique used to study the structure and dynamics of paramagnetic species, such as free radicals and transition metal ions, in biological systems. 

ISA (Inter Species Analysis) is a method used to analyze the interactions between different species, including proteins, nucleic acids, and small molecules.

The relationship between ENDOR and medical entities via ISA is that ENDOR can be used to study the"
10220,GDF11,gngm,CAUSES,C0012634,Disease,dsyn,2016,27653144,27653144,,1092167,Which diseases or conditions can GDF11 cause or induce?,0.2128602713346481,0.0,Disease,2012,"GDF11 has been linked to various diseases and conditions, including but not limited to, cardiovascular disease, cancer, and neurodegenerative disorders. 

In the context of cardiovascular disease, GDF11 has been shown to promote the regression of atherosclerosis by inducing the proliferation and migration of vascular smooth muscle cells. However, its role in cardiovascular disease is complex and can be both protective and pathological, depending on the context.

In cancer, GDF11 has been implicated in"
C0007603,Cell membrane,celc,LOCATION_OF,375,ARF1,aapp,2014,24916416,24916416,,18840615,Which proteins is the anatomical location of Cell membrane?,0.0571891739964485,0.0,ARF1,0,"[1972] 

The proteins that are located in the cell membrane are known as integral membrane proteins or transmembrane proteins. These proteins are embedded within the phospholipid bilayer of the cell membrane and play crucial roles in various cellular processes such as cell signaling, transport of molecules, and cell-cell interactions.

Some examples of integral membrane proteins include:

1. Receptor proteins: These proteins receive signals from outside the cell and trigger a response.
2. Transport proteins: These proteins facilitate the"
C0059895,eumelanin,orch,ISA,C0031916,Pigment,chvf,2011,21136083,21136083,,127267198,"In a biomedical context, what is the relationship between eumelanin and medical entities via ISA?",0.53388512134552,0.0,Pigment,0,"[1999] 

In the biomedical context, eumelanin is a type of melanin that plays a crucial role in various medical entities via the Insulin Signaling Axis (ISA). Research has shown that eumelanin can modulate insulin signaling pathways, influencing glucose metabolism and insulin sensitivity.

Studies have demonstrated that eumelanin can activate the insulin receptor substrate 1 (IRS-1) and phosphatidylinositol 3-kinase (PI3K) pathways"
C0175677,Injury,inpo,COEXISTS_WITH,C0042384,Vasculitis,dsyn,2015,25401491,25401491,,19891855,Which diseases or conditions commonly co-exists with Injury?,0.3262762427330017,0.0,Vasculitis,2015,"Traumatic brain injury (TBI) is often associated with post-traumatic stress disorder (PTSD), depression, and anxiety disorders. The scientific mechanism behind this co-existence is thought to be related to the release of stress hormones, such as cortisol and adrenaline, which can lead to changes in the brain's stress response system. This can result in the development of anxiety and depressive symptoms.

[2010]  Chronic pain is a common co-morbidity with injury"
C0013227,Pharmaceutical Preparations,phsu,TREATS,C0023473,"Myeloid Leukemia, Chronic",neop,2011,21330162,21330162,,128296783,Which diseases or conditions is Pharmaceutical Preparations commonly used to treat?,0.2455833554267883,0.0,"Myeloid Leukemia, Chronic",0,"Pharmaceutical preparations are commonly used to treat a wide range of diseases and conditions. Here are some examples:

1. **Infectious diseases**: Antibiotics, antivirals, and antifungals are used to treat bacterial, viral, and fungal infections, such as pneumonia, tuberculosis, HIV/AIDS, and candidiasis.
2. **Pain management**: Analgesics, such as acetaminophen and ibuprofen, are used to relieve pain, while opioids"
C0623362,Matrix Metalloproteinases,aapp,DISRUPTS,C0007301,Cartilage,tisu,2022,34987154,34987154,,378198511,Which tissues or organs does Matrix Metalloproteinases disrupt?,0.4646019339561462,0.0,Cartilage,0,"[1979] Matrix Metalloproteinases (MMPs) are a family of enzymes that disrupt the extracellular matrix (ECM), which is a network of proteins and polysaccharides that provide structural support and maintain tissue architecture. The ECM is composed of various tissues and organs, including:

1. Connective tissue: MMPs break down collagen, elastin, and other components of connective tissue, which is found in skin, bones, cartilage, and tendons.
2"
C0001956,alcohol use disorder,mobd,PROCESS_OF,C1257890,Population Group,humn,2017,27727463,27727463,,5692450,"In a biomedical context, what is the relationship between alcohol use disorder and patients or groups via PROCESS_OF?",0.0847414806485176,0.0,Population Group,0,"[1990]

The relationship between alcohol use disorder and patients or groups via PROCESS_OF is related to the concept of social learning theory. According to this theory, individuals learn new behaviors, including substance use, by observing and imitating others. In the context of alcohol use disorder, this can involve observing peers or family members who use alcohol and learning to associate it with social acceptance, relaxation, or other positive outcomes.

The PROCESS_OF relationship in this context refers to the idea that individuals learn to use alcohol"
C0011109,Decision Making,menp,PROCESS_OF,C0020114,Human,humn,2012,23114368,23114368,,19517566,"In a biomedical context, what is the relationship between Decision Making and patients or groups via PROCESS_OF?",0.12982277572155,0.0,Human,0,"[1999]

The relationship between Decision Making and patients or groups via PROCESS_OF in a biomedical context is related to the concept of shared decision-making (SDM). This concept was first introduced by Charles et al. in 1999. SDM is a collaborative process between healthcare providers and patients or groups, where both parties work together to make informed decisions about the patient's care.

In this context, the PROCESS_OF relationship represents the dynamic interaction between the healthcare provider's decision-making process and the patient"
C0003968,ascorbic acid,phsu,TREATS,C0012634,Disease,dsyn,2020,32837893,32837893,,345090052,Which diseases or conditions is ascorbic acid commonly used to treat?,0.1528404504060745,0.0,Disease,0,"[1937] Ascorbic acid, also known as vitamin C, is commonly used to treat scurvy, a disease caused by a lack of vitamin C in the diet. It is also used to treat conditions such as:

- Scurvy: Ascorbic acid helps to prevent the breakdown of collagen, a protein that gives structure to skin, bones, and connective tissue.
- Common cold: Ascorbic acid has been shown to reduce the duration and severity of the common cold"
C1136170,Virulence Factors,bacs,PART_OF,C0038172,Staphylococcus aureus,bact,2024,38172669,38172669,,411943264,"In a biomedical context, what is the relationship between Virulence Factors and bacterias via PART_OF?",0.4292890429496765,0.0,Staphylococcus aureus,0,"[1993] 

In the context of biomedical research, the relationship between Virulence Factors and bacteria is often represented using the PART_OF relationship in ontologies such as the Gene Ontology (GO). This relationship indicates that a virulence factor is a component or part of a bacterial cell or a bacterial process.

In other words, a virulence factor is a molecule or a structure that is produced or present in a bacterium and contributes to its ability to cause disease. The PART_OF relationship highlights the"
C0008987,Cloaca Chamber,bpoc,PART_OF,C1011468,Podocnemis expansa,rept,2011,24031664,24031664,,29183459,"In a biomedical context, what is the relationship between Cloaca Chamber and medical entities via PART_OF?",0.2946715652942657,0.0,Podocnemis expansa,0,"[1994] 

The Cloaca Chamber is a structure found in the embryonic development of vertebrates, including humans. It is a shared opening for the reproductive, urinary, and digestive systems. In a biomedical context, the Cloaca Chamber is related to the following medical entities via the PART_OF relationship:

- Urogenital sinus: The Cloaca Chamber gives rise to the urogenital sinus, which eventually develops into the bladder and urethra.
- Anus: The Cloaca Chamber"
C0263541,Equine laminitis,dsyn,PROCESS_OF,C0026809,Mus,mamm,2010,20005946,20005946,,23383809,"In a biomedical context, what is the relationship between Equine laminitis and species via PROCESS_OF?",0.0484579317271709,0.0,Mus,0,"[1994]

Equine laminitis is a disease that affects the laminae, which are the tissues connecting the hoof to the bone in horses. Research has shown that the relationship between equine laminitis and other species via PROCESS_OF is related to the metabolic syndrome, which is a cluster of conditions that increase the risk of developing type 2 diabetes and cardiovascular disease.

In this context, the PROCESS_OF relationship refers to the fact that the metabolic syndrome, which is a common condition in humans"
C0040732,Transplantation,topp,AFFECTS,C0018131,Graft Survival,ortf,2017,24737702,24737702,,28021168,Which medical entities does Transplantation primarily affect?,0.3400183916091919,0.0,Graft Survival,0,"[1954] The first successful kidney transplant was performed by Dr. Joseph Murray and Dr. David Hume. Transplantation primarily affects patients with end-stage organ failure, such as:

1. Kidney failure (nephrotic syndrome or end-stage renal disease): Patients with chronic kidney disease or those who have suffered acute kidney injury may require a kidney transplant.
2. Liver failure: Patients with cirrhosis, liver cancer, or other liver diseases may require a liver transplant.
3"
C0162772,Reactive Oxygen Species,bacs,ASSOCIATED_WITH,C0596402,cytotoxicity,comd,2018,29350596,29350596,,248658571,Which medical entities is Reactive Oxygen Species most strongly associated with?,0.3635735511779785,0.0,cytotoxicity,0,"[1954] Reactive Oxygen Species (ROS) are most strongly associated with aging and age-related diseases, such as cancer, atherosclerosis, and neurodegenerative disorders. 

The scientific mechanism behind this association is as follows: ROS are highly reactive molecules that contain oxygen, such as superoxide (O2-), hydrogen peroxide (H2O2), and hydroxyl radicals (OH•). These molecules are naturally produced as byproducts of cellular metabolism, particularly during the process of"
C0033164,Prions,aapp,PREDISPOSES,C0030567,Parkinson Disease,dsyn,2015,25046996,25046996,,19979078,"In a biomedical context, what is the relationship between Prions and diseases or conditions via PREDISPOSES?",0.2577299177646637,0.0,Parkinson Disease,0,"[1982] 
Prions are infectious proteins that can cause various neurodegenerative diseases in animals, including humans. They PREDISPOSE individuals to develop conditions such as Creutzfeldt-Jakob disease (CJD), Bovine Spongiform Encephalopathy (BSE or ""Mad Cow Disease""), and Scrapie in sheep. 

The scientific mechanism behind prion diseases involves the misfolding of a normal cellular protein called prion protein (PrP^C)"
C0086209,Emotional Stress,mobd,CAUSES,C1739395,Takotsubo Cardiomyopathy,dsyn,2022,34776074,34776074,,375850095,Which diseases or conditions can Emotional Stress cause or induce?,0.1782371699810028,0.0,Takotsubo Cardiomyopathy,0,"[1936]  The discovery of the relationship between emotional stress and disease was first proposed by Hans Selye, a Hungarian-Canadian endocrinologist. He coined the term ""stress"" and described the concept of the General Adaptation Syndrome (GAS), which explains how the body responds to stress.

Emotional stress can cause or induce a wide range of diseases and conditions, including:

1. **Cardiovascular disease**: Chronic stress can lead to high blood pressure, heart disease, and"
C0919432|4088,SMAD3 gene|SMAD3,gngm,INTERACTS_WITH,C0042291,Valproic Acid,lipd,2016,26507880,26507880,,19199921,Which medical entities does SMAD3 gene|SMAD3 significantly interact with?,0.0005234912969172,0.0,Valproic Acid,0,"[1995] 
The SMAD3 gene encodes a protein that plays a crucial role in the transforming growth factor-beta (TGF-β) signaling pathway. This pathway is involved in various cellular processes, including cell growth, differentiation, and apoptosis. SMAD3 interacts with other proteins in the TGF-β pathway, such as SMAD4, to regulate gene expression.

[2000] 
SMAD3 has been shown to interact with other proteins, including:

1. SM"
C0175677,Injury,inpo,OCCURS_IN,C0030705,Patients,podg,2020,31509307,31509307,,341717386,"In a biomedical context, what is the relationship between Injury and medical entities via OCCURS_IN?",0.3457987606525421,0.0,Patients,0,"[1995]

The relationship between Injury and medical entities via OCCURS_IN is based on the International Classification of Diseases (ICD) and the Systematized Nomenclature of Medicine (SNOMED). The OCCURS_IN relationship is used to describe the location where an injury or condition occurs.

In the context of biomedical ontologies, OCCURS_IN is a relationship type that links an injury or condition to the anatomical location where it occurs. This relationship is essential for accurate diagnosis"
C1281562,Entire tooth,bpoc,LOCATION_OF,C0035851,Root Resorption,dsyn,2012,23346423,23346423,,23676086,Which diseases or conditions is the anatomical location of Entire tooth?,0.1751248836517334,0.0,Root Resorption,0,"I couldn't find any information about the term ""Entire tooth"". However, I found that the term ""Entire tooth"" is sometimes used to describe a tooth that is not affected by dental caries or other dental problems. 

If you are referring to the term ""Entire tooth"" in the context of dental anatomy, the entire tooth is located in the jawbone. 

However, if you are referring to the term ""Entire tooth"" in the context of dental pathology, the entire"
C1182776,Lens cell,cell,LOCATION_OF,C0004391,Autophagy,celf,2013,24012988,24012988,,19394101,Which cell types is the anatomical location of Lens cell?,0.2305332571268081,0.0,Autophagy,0,"[1824] The anatomical location of lens cells is in the eye, specifically within the lens of the eye. The lens is a transparent, biconvex structure located behind the iris and the pupil. It is composed of lens epithelial cells, lens fiber cells, and other supporting cells. 

The lens epithelial cells are located on the anterior (front) surface of the lens and are responsible for producing new lens fibers. The lens fiber cells are produced by the lens epithelial cells"
C0213553|685,betacellulin|BTC,aapp,ADMINISTERED_TO,C0007634,Cells,cell,2018,28922560,28922560,,248669714,To which cell types is betacellulin|BTC typically administered?,1.0,1.0,Cells,0,"[1993] 

Betacellulin (BTC) is a protein that plays a significant role in the regulation of cell growth and differentiation, particularly in the pancreas. It is typically administered to pancreatic beta cells, which are responsible for producing insulin. The administration of BTC to these cells aims to enhance their growth, survival, and function, ultimately leading to improved insulin production and glucose regulation in individuals with diabetes"
C0032043,Placenta,emst,PART_OF,C0007452,Cattle,mamm,2010,19943264,19943264,,23194783,"In a biomedical context, what is the relationship between Placenta and species via PART_OF?",0.3008111417293548,0.0,Cattle,0,"[1993]

In the context of biomedical ontologies, the relationship between Placenta and species via PART_OF is based on the concept of embryonic development. The placenta is a vital organ that develops in the uterus during pregnancy, and it plays a crucial role in providing oxygen and nutrients to the fetus while removing waste products.

The PART_OF relationship is used to describe the composition of an entity, in this case, the placenta, which is composed of various tissues and cells that are derived"
C0877853,"Spectroscopy, Nuclear Magnetic Resonance",diap,DIAGNOSES,C0012634,Disease,dsyn,2018,29413985,29413985,,249290770,"Which diseases or conditions is Spectroscopy, Nuclear Magnetic Resonance used to diagnose?",0.3988712131977081,0.0,Disease,0,"[1946] Nuclear Magnetic Resonance (NMR) spectroscopy, now commonly known as Magnetic Resonance Imaging (MRI), is used to diagnose various conditions and diseases, including:

1. **Multiple Sclerosis**: MRI helps identify lesions in the brain and spinal cord, which are characteristic of this autoimmune disease.
2. **Brain Tumors**: MRI can detect tumors, such as gliomas and meningiomas, and help differentiate between different types of tumors.
3. **Stroke"
C0185115,Extraction,topp,USES,C0023779,Lipids,lipd,2016,27728832,27728832,,5796810,"In a biomedical context, what is the relationship between Extraction and medical entities via USES?",0.1988704204559326,0.0,Lipids,2018,"

In the biomedical context, the relationship between Extraction and medical entities via USES refers to the concept of extracting medical entities (e.g., diseases, symptoms, treatments) from unstructured text data using the USES (Unified Semantic Encoding of biomedical Semantics) framework.

USES is a knowledge graph-based framework that enables the extraction of medical entities and their relationships from biomedical literature. The framework uses a combination of natural language processing (NLP) and machine learning techniques to identify and extract"
C0002886,"Anemia, Macrocytic",dsyn,PROCESS_OF,C0026809,Mus,mamm,2016,27622333,27622333,,4500280,"In a biomedical context, what is the relationship between Anemia, Macrocytic and species via PROCESS_OF?",-0.0260388292372226,0.0,Mus,0,"[1926] 
In a biomedical context, the relationship between Anemia, Macrocytic and species via PROCESS_OF is as follows: 

Macrocytic anemia is a type of anemia characterized by the production of abnormally large red blood cells. This condition is often caused by a deficiency in vitamin B12 or folate, which are essential for the production of red blood cells. 

The process of macrocytic anemia involves the species Homo sapiens (human) and the biochemical"
C0085301|2353,Proto-Oncogene Proteins c-fos|FOS,aapp,AFFECTS,C0040649,"Transcription, Genetic",genf,2014,24819416,24819416,,19330978,Which medical entities does Proto-Oncogene Proteins c-fos|FOS primarily affect?,0.273381769657135,0.0,"Transcription, Genetic",0,"[1987] Proto-Oncogene Proteins c-fos|FOS primarily affect various medical entities, including cancer, particularly sarcomas, carcinomas, and leukemias. They are involved in cell proliferation, differentiation, and survival. 

The c-fos gene encodes a transcription factor that plays a crucial role in the regulation of cell growth and development. When mutated or overexpressed, it can contribute to tumorigenesis by promoting uncontrolled cell division and inhibiting apoptosis"
C0026882,Mutation,genf,PROCESS_OF,776,CACNA1D,gngm,2016,27729216,27729216,,6031472,"In a biomedical context, what is the relationship between Mutation and genes via PROCESS_OF?",0.1428082138299942,0.0,CACNA1D,0,"[1953] 

In the context of genetics, a mutation is a change in the DNA sequence of a gene. The process of mutation involves the alteration of one or more nucleotide bases in the DNA, which can result in a change to the amino acid sequence of the protein encoded by the gene. This change can occur through various mechanisms, such as errors during DNA replication, exposure to mutagenic agents, or viral infections.

The PROCESS_OF relationship between mutation and genes can be described as follows"
C0015919,Fertilizers,hops,ISA,C0220806,Chemicals,chem,2018,29076024,29076024,,249298010,"In a biomedical context, what is the relationship between Fertilizers and medical entities via ISA?",0.1511556655168533,0.0,Chemicals,0,"I couldn't find any information about the relationship between fertilizers and medical entities via ISA (Integrated Systems Approach) in a biomedical context. However, I can provide some information about ISA and its potential applications in a biomedical context.

ISA is a systems biology approach that integrates data from various sources to understand complex biological systems. It involves the integration of data from different levels of biological organization, including molecular, cellular, and physiological levels.

In a biomedical context, ISA can be used to study the relationships between environmental"
C0030705,Patients,humn,LOCATION_OF,C0756983|8451,cullin 4A|CUL4A,aapp,2017,28677427,28677427,,36846484,Which proteins is the anatomical location of Patients?,0.0062199509702622,0.0,cullin 4A|CUL4A,0,I can't provide information on the anatomical location of patients. Is there something else I can help you with?
C1185625,Compartments,bsoj,PART_OF,C0021852,"Intestines, Small",bpoc,2012,23213458,23213458,,21551795,"In a biomedical context, what is the relationship between Compartments and tissues or organs via PART_OF?",0.4172603487968445,0.0,"Intestines, Small",0,"

In the context of biomedical ontologies, particularly the Foundational Model of Anatomy (FMA) and the Open Biological and Biomedical Ontologies (OBO) Foundry, the relationship between compartments and tissues or organs is described using the PART_OF relation.

The PART_OF relation is a type of part-whole relation that indicates a spatial or functional relationship between two entities. In this case, it is used to describe the relationship between a compartment (a three-dimensional region within a"
C0013164,Drug Compounding,hlca,USES,C0021102,Implants,medd,2021,33357859,33357859,,361556430,"In a biomedical context, what is the relationship between Drug Compounding and medical entities via USES?",0.1384703814983368,0.0,Implants,0,"[1960] The relationship between drug compounding and medical entities via USES (United States Pharmacopeia, Extemporaneous Preparation, and Sterile Compounding) is based on the concept of extemporaneous preparation. This involves the preparation of customized medications for individual patients, often in response to specific medical needs that cannot be met by commercially available products.

In this context, drug compounding involves the combination of active pharmaceutical ingredients (APIs) with excipients to create a unique formulation tailored"
C0036974,Shock,patf,CAUSES,C0019100,Dengue Hemorrhagic Fever,dsyn,2011,21970507,21970507,,231745603,Which diseases or conditions can Shock cause or induce?,0.0948304682970047,0.0,Dengue Hemorrhagic Fever,0,"[1960s]  Shock can cause or induce a variety of diseases or conditions, including:

1. **Multiple Organ Failure (MOF)**: When shock persists, it can lead to inadequate blood flow and oxygen delivery to vital organs, causing them to fail.

2. **Acute Respiratory Distress Syndrome (ARDS)**: Shock can cause inflammation and damage to the lungs, leading to ARDS, a life-threatening condition characterized by impaired gas exchange.

3. **Sepsis**"
C0014644,"Herpesvirus 4, Human",virs,INTERACTS_WITH,C0026896,Myasthenia Gravis,dsyn,2011,24516733,24516733,,30226741,"Which diseases or conditions does Herpesvirus 4, Human significantly interact with?",0.0944831594824791,0.0,Myasthenia Gravis,0,"[1966] Herpesvirus 4, also known as Human Herpesvirus 4 (HHV-4), is closely associated with Epstein-Barr virus (EBV). EBV is known to cause infectious mononucleosis, also known as glandular fever or mono. 

[1966] EBV has also been linked to various types of cancer, including Burkitt's lymphoma, Hodgkin's lymphoma, and nasopharyngeal carcinoma. 

["
C0229664,peripheral blood,bdsu,LOCATION_OF,6343,SCT,aapp,2016,27618621,27618621,,1837799,Which proteins is the anatomical location of peripheral blood?,0.1115592494606971,0.0,SCT,0,"[1965] The proteins found in the anatomical location of peripheral blood are primarily albumin, globulins, and fibrinogen. 

Albumin is the most abundant protein in blood plasma, making up about 60% of the total protein content. It plays a crucial role in maintaining blood volume, transporting hormones, and binding to various substances such as bilirubin and calcium.

Globulins, which account for about 35% of the total protein content, are a group"
C1101610,MicroRNAs,bacs,AFFECTS,C1512810,Focal adhesion pathway,celf,2023,36607339,36607339,,395354004,Which cell types does MicroRNAs primarily affect?,0.206643208861351,0.0,Focal adhesion pathway,0,"MicroRNAs primarily affect messenger RNA (mRNA) in various cell types, including but not limited to, stem cells, immune cells, and cancer cells. 

MicroRNAs are small non-coding RNAs that regulate gene expression by binding to the 3' untranslated region (3' UTR) of target mRNAs, leading to their degradation or repression of translation. This results in the downregulation of specific genes, which can have significant effects on cellular processes"
C3649547,Continuous Renal Replacement Therapy,topp,TREATS,C5203670,COVID-19,dsyn,2020,32788120,32788120,,345128946,Which diseases or conditions is Continuous Renal Replacement Therapy commonly used to treat?,0.1252100765705108,0.0,COVID-19,0,"[1977] Continuous Renal Replacement Therapy (CRRT) is commonly used to treat patients with acute kidney injury (AKI), particularly those with severe kidney dysfunction or failure. 

The scientific mechanism behind CRRT involves the use of a continuous flow of fluid to remove waste products, excess fluids, and electrolytes from the blood. This process is achieved through a combination of filtration and diffusion, where the blood is pumped through a semipermeable membrane, allowing small molecules such as urea"
C0017976,Glycoside Hydrolases,gngm,PRODUCES,C0486805,FRAGMENTS,bdsu,2013,23917065,23917065,,19273081,"In a biomedical context, what is the relationship between Glycoside Hydrolases and medical entities via PRODUCES?",0.1007673293352127,0.0,FRAGMENTS,0,"[1990s] 

Glycoside Hydrolases (GHs) are enzymes that catalyze the hydrolysis of glycosidic bonds between carbohydrates or between a carbohydrate and a non-carbohydrate moiety. In a biomedical context, GHs play a crucial role in various medical entities via the production of bioactive compounds.

The relationship between GHs and medical entities via PRODUCES can be understood as follows:

1. **Production of bioactive compounds**"
C0023981,Longitudinal Studies,resa,USES,C0087111,Therapeutic procedure,topp,2015,25239489,25239489,,1434379,"In a biomedical context, what is the relationship between Longitudinal Studies and medical entities via USES?",0.0946580097079277,0.0,Therapeutic procedure,0,"[1992] 

The relationship between Longitudinal Studies and medical entities via USES (Units of Study, Examination, and Surveillance) is based on the concept of tracking and monitoring the health outcomes of individuals or groups over a prolonged period. Longitudinal Studies involve collecting data at multiple time points, often spanning years or even decades, to examine the development, progression, and impact of various health conditions.

In the context of medical entities, USES refers to the systematic collection and analysis of data"
C0016042,Fibroins,bacs,PART_OF,C0074529,Silk,aapp,2014,24464986,24464986,,18973053,"In a biomedical context, what is the relationship between Fibroins and proteins via PART_OF?",0.332227498292923,0.0,Silk,0,"[1960] 
Fibroins are a type of protein. They are part of the structural proteins, which are a subset of proteins. In the context of the PART_OF relationship, fibroins are part of the larger class of proteins"
C0535298|6376,Fractalkine|CX3CL1,aapp,DISRUPTS,C0007634,Cells,cell,2010,20008269,20008269,,24926021,Which cell types does Fractalkine|CX3CL1 disrupt?,0.4692364931106567,0.0,Cells,0,"[1997] 
Fractalkine, also known as CX3CL1, is a chemokine that disrupts the function of certain immune cells, particularly those involved in the inflammatory response. It primarily interacts with its receptor, CX3CR1, which is expressed on the surface of microglia, a type of glial cell in the brain, as well as on certain subsets of T cells and natural killer cells.

When fractalkine binds to its receptor, it can induce"
C0004112,Astrocytes,cell,LOCATION_OF,C0683143,RNA metabolism,genf,2012,23181008,23181008,,21537593,Which medical entities is the anatomical location of Astrocytes?,0.0375791750848293,0.0,RNA metabolism,0,"[1865] 
The anatomical location of astrocytes is in the central nervous system (CNS), specifically in the brain and spinal cord. Astrocytes are a type of glial cell that play a crucial role in maintaining the health and function of neurons. They are found in the gray matter of the brain and spinal cord, where they surround and support neurons, providing them with nutrients, oxygen, and waste removal. Astrocytes also play a role in regulating the chemical environment around"
C0011399,Dental Pulp,bpoc,PART_OF,C0021156,Incisor,bpoc,2010,20012111,20012111,,26850607,"In a biomedical context, what is the relationship between Dental Pulp and tissues or organs via PART_OF?",0.4254728555679321,0.0,Incisor,0,"[1995] 

The PART_OF relationship in a biomedical context describes the structural organization of the body. In this case, the Dental Pulp is a part of the Tooth. The Dental Pulp is a highly vascularized, loose connective tissue located within the pulp cavity of the tooth. It is composed of odontoblasts, fibroblasts, and other cells, as well as blood vessels and nerves. The PART_OF relationship indicates that the Dental Pulp is a component or"
C0021107,Implantation procedure,topp,USES,C0181663,Liners,medd,2012,23118385,23118385,,21714169,"In a biomedical context, what is the relationship between Implantation procedure and medical entities via USES?",0.1615214049816131,0.0,Liners,0,"[1972] 
The relationship between the implantation procedure and medical entities via uses is related to the concept of ""Uses"" in the context of medical devices and implants. The USES (User, Setting, Equipment, and Supplies) framework is a tool used to analyze and understand the interactions between medical devices, users, and the environment in which they are used.

In the context of implantation procedures, the USES framework can be applied to identify potential risks and hazards associated with the use of"
C1455498|7306,"TYRP1 protein, human|TYRP1",aapp,COEXISTS_WITH,28982,FLVCR1,gngm,2013,23660011,23660011,,19494526,"Which genes commonly co-exists with TYRP1 protein, human|TYRP1?",0.3150908052921295,0.0,FLVCR1,0,"[1996] 
The TYRP1 gene encodes the protein tyrosinase-related protein 1, which is involved in the production of melanin in the skin. Research has identified several genes that commonly co-exist with TYRP1, including:

1. SLC24A4: This gene encodes a transmembrane protein that is involved in melanosome formation and melanin production. SLC24A4 is often co-expressed with TYRP1 in melanocytes"
3107,HLA-C,gngm,AUGMENTS,C1260960,Cytolysis,celf,2014,25012502,25012502,,19330293,"In a biomedical context, what is the relationship between HLA-C and cell types via AUGMENTS?",0.2146651893854141,0.0,Cytolysis,2018,"

In the context of HLA-C and cell types via AUGMENTS, the relationship refers to the association between HLA-C alleles and the augmentation of natural killer (NK) cell activity. HLA-C is a class I major histocompatibility complex (MHC) molecule that plays a crucial role in the immune system by presenting peptides from inside the cell to cytotoxic T cells.

AUGMENTS is a term used to describe the augmentation of NK cell activity by HLA-C"
C0243044|3320,HSP90 Heat-Shock Proteins|HSP90AA1,aapp,COMPARED_WITH,C0243041,Molecular Chaperones,aapp,2014,24560171,24560171,,19082470,"In a biomedical context, what is the relationship between HSP90 Heat-Shock Proteins|HSP90AA1 and proteins via COMPARED_WITH?",1.0,1.0,Molecular Chaperones,0,"[1995] 
The relationship between HSP90 Heat-Shock Proteins (HSP90AA1) and other proteins is mediated by the chaperone function of HSP90. HSP90AA1 is a molecular chaperone that assists in the proper folding, stability, and function of various proteins, particularly those involved in signal transduction pathways. 

HSP90AA1 interacts with a wide range of client proteins, including kinases, transcription factors, and other signaling molecules"
C0871311,Screening Tests,hlca,TREATS,C1397626,fetus; hydrocephalus,dsyn,2012,23089488,23089488,,23470567,Which diseases or conditions is Screening Tests commonly used to treat?,0.1172632798552513,0.0,fetus; hydrocephalus,0,"[1950s] Screening tests are commonly used to detect various diseases and conditions, including:

1. **Cancer**: Screening tests for cancer include mammograms for breast cancer, colonoscopies for colorectal cancer, and Pap tests for cervical cancer. These tests help identify cancer at an early stage when it is more treatable.
2. **Diabetes**: Screening tests for diabetes include blood glucose tests, which measure the level of glucose in the blood. Early detection of diabetes can help prevent complications"
C0014597,Epithelial Cells,cell,PART_OF,C0024109,Lung,bpoc,2021,33179109,33179109,,359508841,"In a biomedical context, what is the relationship between Epithelial Cells and tissues or organs via PART_OF?",0.3026176989078522,0.0,Lung,0,"[1995] 

In the context of biomedical ontologies, the relationship between Epithelial Cells and tissues or organs is described as ""part_of"". This relationship is based on the cellular composition of tissues and organs. Epithelial Cells are a type of cell that form the lining of various organs, glands, and other body surfaces. They are a fundamental component of tissues and organs, such as the skin, lungs, and gut.

The ""part_of"" relationship indicates that Epithelial Cells"
C0039194,T-Lymphocyte,cell,LOCATION_OF,C1436007,Sch 642305,orch,2011,24179673,24179673,,21301238,Which chemicals is the anatomical location of T-Lymphocyte?,0.0239791888743639,0.0,Sch 642305,0,"I couldn't find any information about a specific chemical associated with the anatomical location of T-Lymphocytes. However, T-Lymphocytes are primarily found in the thymus, lymph nodes, spleen, and lymphoid tissues throughout the body. 

If you are referring to the location of T-Lymphocytes in the thymus, it is the medulla of the thymus where T-Lymphocytes mature"
C1167250,lipid raft,celc,AFFECTS,C0887837,Protein Sorting,celf,2021,32770498,32770498,,355176743,Which cell types does lipid raft primarily affect?,0.1391797959804535,0.0,Protein Sorting,0,"[1972] 
Lipid rafts primarily affect cell types that have a high content of cholesterol and sphingolipids, such as the plasma membranes of neurons, T cells, and certain types of epithelial cells. These cell types have a high degree of membrane fluidity and are more susceptible to the formation of lipid rafts. Lipid rafts are also found in the membranes of certain organelles, such as the Golgi apparatus and endosomes"
C0240310,Hypoplasia of the maxilla,cgab,PART_OF,C0205653,Adolescent (age group),aggp,2023,36622004,36622004,,395512285,"In a biomedical context, what is the relationship between Hypoplasia of the maxilla and medical entities via PART_OF?",0.0010083680972456,0.0,Adolescent (age group),0,"[1966] 
Hypoplasia of the maxilla is a congenital condition characterized by underdevelopment of the upper jawbone. In a biomedical context, the relationship between Hypoplasia of the maxilla and medical entities via PART_OF can be explained as follows:

- Hypoplasia of the maxilla is a part of Cleft palate (a congenital condition where the roof of the mouth is incomplete).
- It is also a part of Cleft lip (a congen"
C0055661,chrysin,orch,CAUSES,C0027746,Nerve Degeneration,comd,2016,27690136,27690136,,20845252,Which medical entities can chrysin cause or induce?,0.0758660361170768,0.0,Nerve Degeneration,0,"
Chrysin, a natural flavonoid found in various plants, has been reported to have anti-inflammatory, antioxidant, and anti-cancer properties. However, it can also induce or cause certain medical entities, including:

1. **Hepatotoxicity**: Chrysin has been shown to cause liver damage and hepatotoxicity in some animal studies, which may be due to its ability to induce the production of reactive oxygen species (ROS) and disrupt the balance of"
C0042449,Veins,bpoc,LOCATION_OF,C0877458,thrombosis eye,patf,2023,36617457,36617457,,395466568,Which pathologic functions is the anatomical location of Veins?,0.5530564188957214,0.0,thrombosis eye,0,"[1628] 

The anatomical location of veins is associated with the pathologic function of returning deoxygenated blood to the heart. This is primarily due to the role of veins in the circulatory system, which is to act as a low-pressure, high-capacity blood vessel that collects deoxygenated blood from the body's tissues and returns it to the heart"
C0014544,Epilepsy,dsyn,PROCESS_OF,C0206194,Survivors,humn,2020,30980681,30980681,,337386331,"In a biomedical context, what is the relationship between Epilepsy and patients or groups via PROCESS_OF?",0.1728161126375198,0.0,Survivors,0,"[1990s] 

The relationship between Epilepsy and patients or groups via PROCESS_OF is that of a disease process. Epilepsy is a neurological disorder characterized by recurrent seizures, which are abnormal electrical discharges in the brain. The PROCESS_OF relationship indicates that epilepsy is a process that affects individuals, causing them to experience seizures. This process can be influenced by various factors, such as genetics, brain injury, or infections, and can be managed through various treatments, including medication, surgery"
C0431085,"Tumor cells, uncertain whether benign or malignant",cell,PART_OF,C0014257,Endothelium,tisu,2023,36574698,36574698,,394987876,"In a biomedical context, what is the relationship between Tumor cells, uncertain whether benign or malignant and tissues or organs via PART_OF?",0.0820983201265335,0.0,Endothelium,0,"

In the context of biomedical ontologies, the relationship between tumor cells and the tissues or organs they originate from is described using the ""part_of"" relation. This relation is used to indicate that the tumor cells are a part of the tissue or organ from which they arise. This is based on the understanding that tumor cells are derived from the normal cells of the tissue or organ and are not separate entities.

For example, in the Gene Ontology (GO), the ""part_of"
C1292533,Tissue specimen,tisu,LOCATION_OF,C0042720,Viral Genome,aapp,2022,34905206,34905206,,377210556,Which proteins is the anatomical location of Tissue specimen?,0.1169781759381294,0.0,Viral Genome,0,"I'm not sure I understand the question. Could you please rephrase or provide more context about what you mean by ""anatomical location of Tissue specimen"" and ""proteins""? Are you referring to specific proteins associated with certain tissues or organs in the human body? If so, could you provide more information or clarify your question?"
C0162512,Neostriatum,bpoc,LOCATION_OF,2353,FOS,aapp,2016,27741271,27741271,,11282218,Which proteins is the anatomical location of Neostriatum?,0.0627022534608841,0.0,FOS,0,"[1990s] 
The anatomical location of the Neostriatum is primarily composed of two types of proteins: Enkephalin and Dynorphin. These proteins are associated with the striatal interneurons and are involved in the regulation of dopamine release and the modulation of motor function"
C0087111,Therapeutic procedure,topp,USES,C0995188,cetuximab,aapp,2019,30320363,30320363,,272185652,"In a biomedical context, what is the relationship between Therapeutic procedure and proteins via USES?",0.082461342215538,0.0,cetuximab,0,"[1990] 
The relationship between therapeutic procedures and proteins via USES (Unsaturated Ester Surfactants) is related to the use of liposomes as a drug delivery system. Liposomes are tiny vesicles composed of a phospholipid bilayer, which can encapsulate therapeutic proteins and deliver them to specific sites within the body.

In this context, the therapeutic procedure involves the use of liposomes to deliver proteins, such as enzymes or hormones, to the site of action"
C0596761,Immunosenescence,phsf,AFFECTS,C0301872,Immune response,ortf,2020,32743611,32743611,,345155567,Which medical entities does Immunosenescence primarily affect?,0.82721346616745,1.0,Immune response,0,"[1950s] Immunosenescence primarily affects the immune system, which is the body's defense mechanism against infections and diseases. It is a natural aging process that affects various components of the immune system, including:

1. **T cells**: A type of white blood cell that plays a crucial role in cell-mediated immunity. Immunosenescence leads to a decline in the number and function of T cells, making older adults more susceptible to infections and diseases.
2. **B cells**: Another"
C0902406,discoidin domain receptor 2,aapp,AFFECTS,C0936223,Prostate cancer metastatic,neop,2014,24787381,24787381,,19242270,Which diseases or conditions does discoidin domain receptor 2 primarily affect?,0.1391629725694656,0.0,Prostate cancer metastatic,0,"[1997] 
Discoidin domain receptor 2 (DDR2) is a receptor tyrosine kinase that plays a crucial role in the regulation of cell growth, differentiation, and survival. It is activated by collagen, a major component of the extracellular matrix. 

DDR2 has been implicated in various diseases and conditions, including:

1. Fibrosis: DDR2 is involved in the regulation of fibroblast activity and collagen deposition, which are key processes in fibrotic diseases such"
C0026809,Mus,mamm,LOCATION_OF,C0162772,Reactive Oxygen Species,elii,2015,26288251,26288251,,1665274,Which medical entities is the anatomical location of Mus?,-0.0043858760036528,0.0,Reactive Oxygen Species,0,"[1747]  The anatomical location of the muscle 'Musculus' is in the human body, specifically in the skeletal system"
C0031809,Physical Examination,hlca,TREATS,C0679646,Participant,humn,2018,29198179,29198179,,249231614,Which patients or groups is Physical Examination commonly used to treat?,0.1506793200969696,0.0,Participant,0,"[1900s] Physical Examination is a widely used diagnostic tool in various medical specialties. It is commonly used to assess patients with a range of conditions, including but not limited to:

1. **Cardiovascular diseases**: Physical examination is used to assess heart rate, blood pressure, and rhythm, as well as to evaluate for signs of heart failure, such as edema and jugular venous distension.
2. **Respiratory diseases**: Physical examination is used to assess lung function"
7781,SLC30A3,gngm,ASSOCIATED_WITH,C0036341,Schizophrenia,mobd,2016,27750116,27750116,,15135003,Which diseases or conditions is SLC30A3 most strongly associated with?,0.3177341818809509,0.0,Schizophrenia,0,"
SLC30A3, also known as zinc transporter 10 (ZnT10), is a protein that plays a crucial role in zinc homeostasis within cells. It is primarily involved in the transport of zinc out of the cytosol and into secretory vesicles, where it is stored and eventually released. 

Mutations in the SLC30A3 gene have been associated with a rare genetic disorder known as acrodermatitis enteropathica"
C0171998,noggin,aapp,AUGMENTS,C0814087,Spatial Memory,menp,2023,36596594,36596594,,395243844,"In a biomedical context, what is the relationship between noggin and medical entities via AUGMENTS?",0.0264804977923631,0.0,Spatial Memory,0,"I couldn't find any information on ""AUGMENTS"" in a biomedical context related to noggin. However, I can provide information on noggin and its relationship with medical entities.

Noggin is a protein that plays a crucial role in the regulation of bone morphogenetic protein (BMP) signaling pathways. It acts as an antagonist to BMPs, inhibiting their activity and preventing the formation of bone and cartilage.

In a biomedical context, noggin has been studied in relation to"
C0001511,Adhesions,acab,COEXISTS_WITH,C0027627,Neoplasm Metastasis,neop,2015,26507779,26507779,,19144392,Which diseases or conditions commonly co-exists with Adhesions?,0.1588804721832275,0.0,Neoplasm Metastasis,0,"[1990s]  Adhesions are known to co-exist with various diseases and conditions. Some of the most common ones include:

1. **Inflammatory Bowel Disease (IBD)**: Conditions like Crohn's disease and ulcerative colitis can lead to the formation of adhesions due to chronic inflammation and tissue damage.
2. **Endometriosis**: Adhesions are a common complication of endometriosis, where tissue similar to the lining of the uterus"
C1262216,IgM gammopathy,dsyn,PROCESS_OF,C0030705,Patients,humn,2014,24529728,24529728,,19306464,"In a biomedical context, what is the relationship between IgM gammopathy and patients or groups via PROCESS_OF?",0.2530363798141479,0.0,Patients,0,"[1960s] 
IgM gammopathy, also known as IgM monoclonal gammopathy, is a condition characterized by the overproduction of IgM antibodies. In a biomedical context, IgM gammopathy is often associated with Waldenström's macroglobulinemia, a type of non-Hodgkin lymphoma.

The PROCESS_OF relationship between IgM gammopathy and patients or groups involves the following steps:

1.  **Overproduction of IgM antibodies**"
C0004112,Astrocytes,cell,LOCATION_OF,C2681866|283131,NEAT1 gene|NEAT1,aapp,2024,38180752,38180752,,412024986,Which proteins is the anatomical location of Astrocytes?,0.1881419569253921,0.0,NEAT1 gene|NEAT1,0,"[1990] 
Astrocytes are a type of glial cell in the brain and spinal cord, and they are primarily located in the astrocytic processes that surround neurons, blood vessels, and other glial cells. The main anatomical location of astrocytes is in the brain's white matter, where they form a complex network of processes that ensheath and support neurons"
C1185738,Column,bpoc,PART_OF,C1553702,neighbor,humn,2019,30624836,30624836,,332909006,"In a biomedical context, what is the relationship between Column and patients or groups via PART_OF?",-0.0024851339403539,0.0,neighbor,0,"

In the context of biomedical ontologies, specifically the Open Biological and Biomedical Ontologies (OBO) Foundry, the relationship between a column (or a column in a table) and patients or groups via PART_OF is related to the concept of ""part-whole"" relationships.

In this context, PART_OF is a relation that indicates that one entity (the part) is a component or a subset of another entity (the whole). When applied to a column in a"
C0279626,Squamous cell carcinoma of esophagus,neop,ISA,C0152018,Esophageal carcinoma,neop,2013,23725069,23725069,,18926595,"In a biomedical context, what is the relationship between Squamous cell carcinoma of esophagus and diseases or conditions via ISA?",0.1783838719129562,0.0,Esophageal carcinoma,2013,"I couldn't find any information on ISA in the context of Squamous cell carcinoma of esophagus. However, I found that ISA can refer to Insulin Sensitivity Alteration. 

[2013] 
Insulin sensitivity alteration has been linked to Squamous cell carcinoma of the esophagus. Research has shown that insulin resistance and altered insulin signaling pathways may contribute to the development and progression of esophageal cancer, including Squamous cell carcinoma. This is because insulin-like growth factors (IG"
C0007600,Cell Line,cell,LOCATION_OF,C0005029,Benzamides,orch,2013,23981532,23981532,,19290963,Which chemicals is the anatomical location of Cell Line?,0.1671041995286941,0.0,Benzamides,0,"I'm not aware of any information about a specific chemical associated with the anatomical location of a cell line. Cell lines are typically derived from various tissues in the body, such as skin, muscle, or blood, and can be grown in culture. 

However, if you are referring to the location of cell lines in the body, it would depend on the specific type of cell line. For example:

- Skin cell lines are typically found in the epidermis, the outermost layer of the"
C0064711,lead acetate,inch,CAUSES,C0242606,Oxidative Stress,comd,2020,31734488,31734488,,343786077,Which medical entities can lead acetate cause or induce?,0.3236844837665558,0.0,Oxidative Stress,0,"[1964]  Acetate can cause or induce several medical entities, including:

1. **Acetate-induced hypernatremia**: Acetate can cause an increase in sodium levels in the blood, leading to hypernatremia.
2. **Acetate-induced metabolic acidosis**: Acetate can cause a decrease in bicarbonate levels in the blood, leading to metabolic acidosis.
3. **Acetate-induced lactic acidosis**: Acetate can cause"
C0504097,Endomysium,tisu,PART_OF,C0026845,Muscle,tisu,2019,31142711,31142711,,332819421,"In a biomedical context, what is the relationship between Endomysium and tissues or organs via PART_OF?",1.0,1.0,Muscle,2013,"

In the context of the Foundational Model of Anatomy (FMA), the relationship between Endomysium and tissues or organs is described as PART_OF. This means that Endomysium is a component or a part of the tissues or organs it surrounds. Endomysium is a layer of connective tissue that surrounds individual muscle fibers, providing them with nutrients and support. It is a key component of the muscular system, and its PART_OF relationship with tissues or organs"
C0020616,Hypoglycemic Agents,phsu,TREATS,C1320655,Newly diagnosed diabetes,fndg,2024,38169889,38169889,,411932512,Which clinical findings is Hypoglycemic Agents commonly used to treat?,0.5434576869010925,0.0,Newly diagnosed diabetes,0,"[1921] Hypoglycemic Agents are commonly used to treat Hypoglycemia, which is a condition characterized by an abnormally low level of blood glucose (blood sugar). 

The scientific mechanism behind Hypoglycemic Agents is that they either increase glucose production in the liver, decrease glucose utilization by cells, or enhance insulin sensitivity. This helps to raise blood glucose levels and prevent or treat hypoglycemia"
C0006506,Butylated Hydroxyanisole,orch,CAUSES,C0405581,Testicular dysfunction,dsyn,2020,31710847,31710847,,343570137,Which diseases or conditions can Butylated Hydroxyanisole cause or induce?,0.1518874019384384,0.0,Testicular dysfunction,0,"[1948]  Butylated Hydroxyanisole (BHA) is a synthetic antioxidant that has been linked to various health concerns. Some of the diseases or conditions that BHA may cause or induce include:

1. Cancer: BHA has been classified as a possible human carcinogen by the International Agency for Research on Cancer (IARC). It has been linked to liver and thyroid cancer in animal studies.
2. Neurological damage: BHA has been shown to cause neurological damage"
C0005248,beta Lactoglobulin,aapp,PART_OF,C0007452,Cattle,mamm,2018,29413868,29413868,,249197967,"In a biomedical context, what is the relationship between beta Lactoglobulin and species via PART_OF?",0.5009971857070923,0.0,Cattle,0,"[1995]

In the context of protein classification and evolution, beta-lactoglobulin is a protein found in the whey of milk from ruminant mammals, such as cows, goats, and sheep. The PART_OF relationship between beta-lactoglobulin and species refers to the fact that beta-lactoglobulin is a component of the whey proteins in the milk of these species.

The PART_OF relationship is a type of relationship in the Gene Ontology (GO) that describes the"
C0031678,Phosphoric Monoester Hydrolases,aapp,INHIBITS,C0030933,Peptide Elongation Factor Tu,aapp,2014,24625928,24625928,,19096652,Which proteins does Phosphoric Monoester Hydrolases inhibit?,0.1905351877212524,0.0,Peptide Elongation Factor Tu,0,"[1997] 
Phosphoric Monoester Hydrolases, also known as phosphatases, inhibit phosphate ester bonds in various proteins. They specifically target and cleave the phosphate groups attached to serine, threonine, or tyrosine residues in proteins, thereby inactivating or regulating the activity of these proteins"
C0032098,Plants,plnt,LOCATION_OF,C0661611,castasterone,strd,2015,25433632,25433632,,3162727,Which medical entities is the anatomical location of Plants?,0.2571995556354522,0.0,castasterone,0,"I couldn't find any information about the anatomical location of plants in the human body. However, I found that there are certain medical entities where plants or plant-based materials are used for therapeutic purposes.

[1886]  The first recorded use of plants in medicine dates back to the time of the ancient Egyptians, Greeks, and Romans. They used various plants for medicinal purposes, including the use of opium poppy for pain relief.

[1973]  The use of plants in medicine was"
C0312359,phenylpyruvate tautomerase,aapp,ASSOCIATED_WITH,C0002736,Amyotrophic Lateral Sclerosis,dsyn,2018,28679106,28679106,,37777995,Which diseases or conditions is phenylpyruvate tautomerase most strongly associated with?,0.094280406832695,0.0,Amyotrophic Lateral Sclerosis,0,"[1995] 

Phenylpyruvate tautomerase, also known as phenylalanine tautomerase, is an enzyme that catalyzes the conversion of phenylpyruvate to phenyllactate. It is most strongly associated with phenylketonuria (PKU), a genetic disorder caused by mutations in the PAH gene that leads to the accumulation of phenylalanine in the body. The enzyme is involved in the breakdown of phenylalan"
C0439925,Dichlorophenol,orch,INHIBITS,C0007009,Carbon,elii,2015,25559487,25559487,,18723126,Which medical entities does Dichlorophenol inhibit?,0.1384936571121215,0.0,Carbon,0,"[1940] Dichlorophenol is known to inhibit the enzyme lactate dehydrogenase, which is crucial for the conversion of lactate to pyruvate in the glycolytic pathway. This enzyme plays a significant role in cellular metabolism, particularly in anaerobic conditions"
C0021641,Insulin,aapp,AUGMENTS,C1159527,glucose uptake,celf,2023,36617350,36617350,,395463970,"In a biomedical context, what is the relationship between Insulin and cell types via AUGMENTS?",1.0,1.0,glucose uptake,0,"I couldn't find any information on ""AUGMENTS"" in the context of Insulin and cell types. However, I can provide information on the relationship between Insulin and cell types.

Insulin is a hormone produced by the beta cells of the pancreas that plays a crucial role in glucose metabolism. It binds to its receptor on the surface of various cell types, including adipocytes, muscle cells, and hepatocytes.

The binding of Insulin to its receptor triggers a cascade of intracellular signaling"
55905,RNF114,gngm,INHIBITS,C0530129|7189,TNF receptor-associated factor 6|TRAF6,gngm,2018,28708287,28708287,,36822416,Which genes does RNF114 inhibit?,0.2133045792579651,0.0,TNF receptor-associated factor 6|TRAF6,2015,"

RNF114 is a RING finger protein that has been identified as a tumor suppressor. It inhibits the expression of the oncogene c-Myc, which is involved in cell proliferation and apoptosis. RNF114 also inhibits the expression of the oncogene BCL2, which is involved in cell survival and apoptosis"
C1322783,Digitizers,medd,USES,C0183210,Sensors,medd,2016,25532189,25532189,,21215757,"In a biomedical context, what is the relationship between Digitizers and medical entities via USES?",0.2278626263141632,0.0,Sensors,0,"[1990s] 

In the context of biomedical informatics, digitizers are used to capture and record medical entities, such as anatomical structures, in a digital format. The relationship between digitizers and medical entities via USES (User-Specified Entity Sets) is as follows:

Digitizers, such as 3D scanners or optical digitizers, are used to capture the spatial coordinates of medical entities, such as organs, tissues, or lesions. These captured data are then used to create"
C0021760,interleukin-6,aapp,COEXISTS_WITH,C0002844,Androgens,horm,2022,34986386,34986386,,378190733,Which medical entities commonly co-exists with interleukin-6?,0.0913472548127174,0.0,Androgens,0,"[1986] Interleukin-6 (IL-6) is a cytokine that plays a crucial role in the immune system and inflammation. It is commonly associated with various medical entities, including:

1. **Rheumatoid Arthritis (RA)**: IL-6 is a key mediator of inflammation in RA, contributing to joint damage and disease progression.
2. **Multiple Myeloma**: Elevated IL-6 levels are often found in patients with multiple myeloma, a"
C0497093,Sensitivity test,diap,USES,C0441665,Disk diffusion,lbpr,2011,23548256,23548256,,28701851,"In a biomedical context, what is the relationship between Sensitivity test and medical entities via USES?",-0.0692087411880493,0.0,Disk diffusion,0,"[1966] 
The relationship between sensitivity tests and medical entities via USES (Units, Sensitivity, and Effectiveness of drugs, and Side effects) is based on the concept of pharmacodynamics and pharmacokinetics. 

Sensitivity tests, also known as susceptibility tests, are used to determine the effectiveness of a particular antibiotic or antimicrobial agent against a specific microorganism. The test involves exposing the microorganism to different concentrations of the antibiotic and observing the growth or inhibition of the micro"
C0006826,Malignant Neoplasms,neop,PROCESS_OF,C0239996,industrial worker,humn,2021,33404908,33404908,,361955556,"In a biomedical context, what is the relationship between Malignant Neoplasms and patients or groups via PROCESS_OF?",0.0537305176258087,0.0,industrial worker,0,"[1993] 

The relationship between Malignant Neoplasms and patients or groups via PROCESS_OF is related to the concept of carcinogenesis, which is the process by which normal cells are transformed into cancer cells. This process involves a series of molecular and cellular changes that ultimately lead to the development of malignant neoplasms.

In the context of the biomedical ontology, PROCESS_OF is a relation that describes the causal or mechanistic relationship between a process and its participants. In this case"
C0031469,Phenylephrine,phsu,TREATS,C0034693,Rattus norvegicus,mamm,2010,20013818,20013818,,27995742,Which species is Phenylephrine commonly used to treat?,0.1705913543701172,0.0,Rattus norvegicus,0,"[1927] 

Phenylephrine is an alpha-1 adrenergic receptor agonist. It works by stimulating the alpha-1 receptors in the blood vessels, causing them to constrict or narrow. This constriction increases blood pressure and reduces blood flow to the nasal passages, sinuses, and other areas where it is applied. As a result, phenylephrine is commonly used to treat nasal congestion and sinus pressure associated with the common cold, allergies, and other respiratory"
C1136170,Virulence Factors,bacs,PART_OF,C0599840,microbial,orgm,2011,24031748,24031748,,29246601,"In a biomedical context, what is the relationship between Virulence Factors and medical entities via PART_OF?",0.5965591073036194,0.0,microbial,0,"[1993] 

In the context of biomedical ontologies, the relationship between Virulence Factors and medical entities is often represented using the PART_OF relation. This relation indicates that a virulence factor is a component or a part of a larger medical entity, such as a pathogen or a disease.

For example, the virulence factor ""hemolysin"" is a part of the medical entity ""Staphylococcus aureus"", a type of bacteria. This relation is useful for representing"
C0206529,"Receptors, Metabotropic Glutamate",aapp,AUGMENTS,C0011581,Depressive disorder,mobd,2013,23272921,23272921,,19221312,"In a biomedical context, what is the relationship between Receptors, Metabotropic Glutamate and diseases or conditions via AUGMENTS?",0.2581912577152252,0.0,Depressive disorder,0,"[1992] 
The relationship between metabotropic glutamate receptors (mGluRs) and various diseases or conditions is complex and involves multiple mechanisms. mGluRs are a subtype of glutamate receptors that are involved in the regulation of synaptic transmission and plasticity. They are divided into three main groups: Group I (mGluR1 and mGluR5), Group II (mGluR2 and mGluR3), and Group III (mGlu"
C0079323,Extracellular Matrix Proteins,gngm,INTERACTS_WITH,C0025166,Megakaryocytes,cell,2018,29076144,29076144,,249369792,Which cell types does Extracellular Matrix Proteins significantly interact with?,0.3354909420013428,0.0,Megakaryocytes,0,"[1960s] Collagen, a major component of the Extracellular Matrix (ECM), significantly interacts with various cell types, including:

1. Fibroblasts: These cells produce and maintain the ECM, and collagen fibers play a crucial role in their adhesion, migration, and proliferation.
2. Osteoblasts: These bone-forming cells interact with collagen to regulate bone mineralization and matrix deposition.
3. Chondrocytes: These cartilage-producing cells interact"
C0227230,Body of stomach,bpoc,LOCATION_OF,C1096155,Macrophage Activation Syndrome,dsyn,2023,36607377,36607377,,395354205,Which diseases or conditions is the anatomical location of Body of stomach?,0.1957652270793914,0.0,Macrophage Activation Syndrome,0,"[1683] The body of the stomach is located in the upper left region of the abdominal cavity. It is situated below the diaphragm and above the small intestine. The body of the stomach is closely associated with several organs and structures, including:

1. Esophagus: The esophagus connects the throat to the stomach and passes through the diaphragm to enter the stomach.
2. Liver: The liver is located above the stomach and is separated from it by the diaphragm"
C1520007,Viral Vector,phsu,INTERACTS_WITH,C0282641,Transgenes,gngm,2012,23344177,23344177,,22392403,Which genes does Viral Vector significantly interact with?,0.2373188585042953,0.0,Transgenes,0,"[1990] 
The first viral vectors were developed from retroviruses, which significantly interact with the host genome by integrating into the host DNA through a process called reverse transcription. This integration allows the viral vector to express the transgene in the host cells.

[1994]
Adenoviral vectors were also developed, which primarily interact with the host genome by transfecting the host cells and expressing the transgene from the episomal DNA. However, they can also integrate into the host genome"
C0032594,Polysaccharides,carb,INTERACTS_WITH,C0033684,Proteins,aapp,2020,31626754,31626754,,342801584,Which proteins does Polysaccharides significantly interact with?,1.0,1.0,Proteins,0,"[1995] 
Polysaccharides significantly interact with lectins. Lectins are a class of carbohydrate-binding proteins that can bind to specific polysaccharides. This interaction is often non-covalent and can be reversible. Lectins play a crucial role in various biological processes, including cell-cell recognition, immune responses, and signal transduction. The binding of lectins to polysaccharides can influence cell behavior, such as cell adhesion, migration, and proliferation.

[200"
C0007222,Cardiovascular Diseases,dsyn,PROCESS_OF,C0043210,Woman,humn,2020,32821939,32821939,,345109000,"In a biomedical context, what is the relationship between Cardiovascular Diseases and patients or groups via PROCESS_OF?",0.0695594772696495,0.0,Woman,0,"[1990s] 

The relationship between Cardiovascular Diseases (CVD) and patients or groups can be described through the PROCESS_OF relationship in a biomedical context. This relationship is often referred to as the pathophysiological process or disease progression.

The PROCESS_OF relationship in this context describes the sequence of events or mechanisms that lead to the development and progression of CVD. This can include factors such as:

1. Atherosclerosis: the buildup of plaque in the arteries, leading to reduced blood flow"
C0597305,protists,orgm,ISA,C0684063,Eukaryota,orgm,2019,30473309,30473309,,272503959,"In a biomedical context, what is the relationship between protists and medical entities via ISA?",0.327168196439743,0.0,Eukaryota,2015,"

In the context of biomedical research, the relationship between protists and medical entities via ISA (Integrated Systems Approach) is primarily centered around the understanding of the complex interactions between these microorganisms and their hosts. 

Protists, a diverse group of eukaryotic microorganisms, can be pathogenic or non-pathogenic. Some protists, such as Plasmodium species, are responsible for malaria, while others, like Giardia and Cryptosporidium"
C4019071,Transitional Care,hlca,TREATS,C0018801,Heart failure,dsyn,2022,34983888,34983888,,378165219,Which diseases or conditions is Transitional Care commonly used to treat?,0.2274680137634277,0.0,Heart failure,0,"[1990s] Transitional Care is a model of care that focuses on the transition of patients from one level of care to another, such as from hospital to home or from one healthcare setting to another. It is commonly used to treat patients with chronic conditions, such as heart failure, chronic obstructive pulmonary disease (COPD), diabetes, and hypertension.

The scientific mechanism behind Transitional Care involves a multidisciplinary approach that includes:

1. Comprehensive assessment of the patient's physical, emotional, and"
C0027765,nervous system disorder,dsyn,PROCESS_OF,C0001675,Adult,humn,2013,23791192,23791192,,19172926,"In a biomedical context, what is the relationship between nervous system disorder and patients or groups via PROCESS_OF?",0.1066391393542289,0.0,Adult,0,"[1990s] 

The relationship between nervous system disorder and patients or groups via PROCESS_OF is related to the concept of neuroplasticity. Neuroplasticity refers to the brain's ability to reorganize itself by forming new neural connections throughout life. In the context of nervous system disorders, this process can be both beneficial and detrimental.

Beneficially, neuroplasticity can aid in recovery from neurological injuries or diseases by compensating for damaged areas of the brain. For example"
C0003320,Antigens,bacs,INTERACTS_WITH,C0597357,receptor,aapp,2015,26195305,26195305,,2022547,Which proteins does Antigens significantly interact with?,0.1890982687473297,0.0,receptor,0,"[1993] 
The major histocompatibility complex (MHC) class I and class II proteins are the primary proteins that antigens significantly interact with. 

MHC class I proteins present endogenously synthesized peptides (antigens) to CD8+ T cells, while MHC class II proteins present exogenously derived peptides (antigens) to CD4+ T cells. This interaction between antigens and MHC proteins is crucial for the initiation of the adaptive immune response"
C0023810,Lipopolysaccharides,lipd,PART_OF,C0012984,Canis familiaris,mamm,2017,27698080,27698080,,25068657,"In a biomedical context, what is the relationship between Lipopolysaccharides and species via PART_OF?",0.0331484526395797,0.0,Canis familiaris,0,"[1972] 

Lipopolysaccharides (LPS) are a type of endotoxin found in the outer membrane of Gram-negative bacteria. The relationship between Lipopolysaccharides and species via PART_OF is that Lipopolysaccharides are a component of the outer membrane of Gram-negative bacteria, specifically the outer membrane of the cell envelope of these bacteria. In other words, Lipopolysaccharides are part of the cell envelope of Gram-negative bacteria"
C0010641,Cystathionine beta-Synthase,gngm,INTERACTS_WITH,C0069413,oleuropein,orch,2021,33380566,33380566,,361757057,Which chemicals does Cystathionine beta-Synthase significantly interact with?,0.2498390227556228,0.0,oleuropein,0,"[1980] Cystathionine beta-Synthase significantly interacts with Vitamin B6 (Pyridoxal phosphate), Homocysteine, Serine, and Cystathionine. 

The enzyme Cystathionine beta-Synthase is a crucial component in the transsulfuration pathway, which is responsible for the conversion of homocysteine to cystathionine. This process involves the interaction of the enzyme with its substrates, including homoc"
C0025285,Meninges,bpoc,LOCATION_OF,C0004364,Autoimmune Diseases,dsyn,2015,26163773,26163773,,19241300,Which diseases or conditions is the anatomical location of Meninges?,0.105329044163227,0.0,Autoimmune Diseases,0,"[1861] The anatomical location of the meninges is associated with several diseases and conditions, including:

1. Meningitis: This is an inflammation of the meninges, typically caused by a bacterial or viral infection. The meninges can become inflamed due to the infection, leading to symptoms such as headache, fever, and stiff neck.

2. Encephalitis: This is an inflammation of the brain tissue itself, often caused by a viral infection. The meninges can become"
C0025323,Menorrhagia,patf,PROCESS_OF,C0030705,Patients,humn,2012,24761128,24761128,,23503110,"In a biomedical context, what is the relationship between Menorrhagia and patients or groups via PROCESS_OF?",0.3181638717651367,0.0,Patients,0,"[1990s] 

Menorrhagia is a condition characterized by abnormally heavy or prolonged menstrual bleeding. The relationship between Menorrhagia and patients or groups can be understood through the PROCESS_OF relationship, which involves the underlying physiological and pathological mechanisms.

In this context, the PROCESS_OF relationship between Menorrhagia and patients or groups can be described as follows:

1. **Hormonal Imbalance**: Menorrhagia is often associated with hormonal imbalances, particularly an excess of"
C0588054,Cervical lymph node group,bpoc,LOCATION_OF,C0677930,Primary Neoplasm,neop,2012,23084299,23084299,,20414038,Which diseases or conditions is the anatomical location of Cervical lymph node group?,0.4308832287788391,0.0,Primary Neoplasm,0,"[1902] The cervical lymph node group is located in the neck region. This group of lymph nodes is primarily associated with the following diseases or conditions:

1.  Tonsillitis: Inflammation of the tonsils, which can be caused by bacterial or viral infections.
2.  Pharyngitis: Inflammation of the pharynx, often caused by viral or bacterial infections.
3.  Sinusitis: Inflammation of the paranasal sinuses"
C0007587,Cell Death,celf,AFFECTS,C1516374,Cellular Stress Response,comd,2020,31504521,31504521,,341678494,Which medical entities does Cell Death primarily affect?,0.1642283648252487,0.0,Cellular Stress Response,0,"[1972]  The primary medical entities affected by cell death are various types of cancer, neurodegenerative diseases, and autoimmune disorders. 

Cell death, also known as apoptosis, is a process in which cells undergo programmed self-destruction. This process is essential for maintaining tissue homeostasis and preventing the growth of damaged or unwanted cells. However, when cell death is disrupted, it can contribute to the development and progression of various diseases.

In cancer, uncontrolled cell growth and division can"
C0018571,Hand Injuries,inpo,PROCESS_OF,C0030705,Patients,humn,2022,34991516,34991516,,378247621,"In a biomedical context, what is the relationship between Hand Injuries and patients or groups via PROCESS_OF?",0.4268607199192047,0.0,Patients,0,"[1990]

The relationship between hand injuries and patients or groups via PROCESS_OF is related to the concept of ""occupation"" or ""activity"" in the context of hand injuries. This is based on the work of Armstrong and Chaffin (1990), who proposed a model to explain the relationship between hand injuries and occupations.

According to this model, hand injuries are often the result of a combination of factors, including the type of activity or occupation, the frequency and duration of the activity, and"
C0004391,Autophagy,celf,AFFECTS,C0031843,physiological aspects,phsf,2018,29136322,29136322,,248718174,Which physiologic functions does Autophagy primarily affect?,0.2060342878103256,0.0,physiological aspects,0,"[1963] Autophagy primarily affects several key physiologic functions, including:

1. **Cellular Homeostasis**: Autophagy helps maintain cellular homeostasis by removing damaged organelles and proteins, thereby preventing cellular stress and promoting cellular renewal.

2. **Cell Growth and Differentiation**: Autophagy regulates cell growth and differentiation by controlling the availability of essential nutrients and energy sources.

3. **Cell Survival and Death**: Autophagy plays a crucial role in regulating cell"
C0441122,Pack,medd,USES,C0181024,Gauze,medd,2018,29602626,29602626,,248911448,"In a biomedical context, what is the relationship between Pack and medical entities via USES?",0.306492805480957,0.0,Gauze,0,"I couldn't find any information on ""Pack"" in a biomedical context related to medical entities via USES. However, I found a possible connection to the ""Pack"" in the context of ""Pack years"" or ""Pack-years"" which is a measure of exposure to cigarette smoke.

[1981] 
The Pack-year is a measure of the amount of cigarette smoking a person has done over a period of time. It is calculated by multiplying the number of packs of cigarettes smoked per day by the"
C0392674,Exhaustion,sosy,COEXISTS_WITH,C0042769,Virus Diseases,dsyn,2010,19921188,19921188,,29009823,Which diseases or conditions commonly co-exists with Exhaustion?,0.1701282411813736,0.0,Virus Diseases,2015,"Research has shown that exhaustion often co-exists with various mental health conditions, including depression, anxiety disorders, and post-traumatic stress disorder (PTSD). 

[2018]  Chronic fatigue syndrome (CFS), also known as myalgic encephalomyelitis (ME), is another condition that commonly co-exists with exhaustion. CFS/ME is characterized by persistent and profound fatigue that is not relieved by rest.

[2020]  Studies have"
C2936328,Neglected Diseases,dsyn,PREDISPOSES,C0332149,Possible,fndg,2024,37872790,37872790,,411893284,"In a biomedical context, what is the relationship between Neglected Diseases and clinical findings via PREDISPOSES?",0.0402520298957824,0.0,Possible,0,"I couldn't find any information on ""PREDISPOSES"" in the context of Neglected Diseases and clinical findings. However, I can provide information on the concept of PREDISPOSES in a general sense.

[PREDISPOSES is not a widely recognized term in scientific literature. However, I can provide information on the concept of predisposition in the context of Neglected Diseases.]

In the context of Neglected Diseases, predisposition refers to the factors that increase an individual's susceptibility to a particular"
C0430801,Video EEG,diap,ADMINISTERED_TO,C0008059,Child,humn,2021,33394298,33394298,,361911917,To which patients or groups is Video EEG typically administered?,0.1155869290232658,0.0,Child,0,"[1958] 
Video EEG, also known as digital video-EEG or EEG-video monitoring, is a diagnostic tool that combines electroencephalography (EEG) with video recording. It is typically administered to patients who are suspected of having seizures, epilepsy, or other neurological disorders.

The scientific mechanism involves the use of electrodes placed on the scalp to record the electrical activity of the brain, which is then synchronized with video footage of the patient's behavior. This allows healthcare professionals to correlate"
C0168913,Progranulins,aapp,AFFECTS,C0332149,Possible,fndg,2021,33390170,33390170,,361872009,Which clinical findings does Progranulins primarily affect?,0.1403566002845764,0.0,Possible,0,"
Progranulin primarily affects frontotemporal dementia (FTD) and certain neurodegenerative disorders. The scientific mechanism involves the role of progranulin in regulating inflammation and neuronal survival. Progranulin is a protein that has anti-inflammatory properties and is involved in the clearance of amyloid-beta plaques, which are associated with Alzheimer's disease. Mutations in the GRN gene, which encodes progranulin, have been linked to FTD and other neuro"
C1843272,Relatively mild course,fndg,PROCESS_OF,C0870668,hospitalized patients,humn,2020,32731215,32731215,,345163455,"In a biomedical context, what is the relationship between Relatively mild course and patients or groups via PROCESS_OF?",0.4286282360553741,0.0,hospitalized patients,0,"[1997]

The relationship between a relatively mild course and patients or groups via PROCESS_OF is related to the concept of ""course of illness"" in the context of psychiatric disorders, particularly in the study of schizophrenia. 

The PROCESS_OF relationship refers to the sequence of events or the progression of a disease or disorder. In this context, a relatively mild course of illness implies a less severe progression of symptoms or a slower rate of decline in functioning.

Research by McGorry et al. [1997]"
C0037848,Sperm Motility,celf,AFFECTS,C0033607,Protease Inhibitor,bacs,2014,24210916,24210916,,19175177,Which active substances does Sperm Motility primarily affect?,0.2168200463056564,0.0,Protease Inhibitor,0,"[1990s] 
Sperm motility is primarily affected by several active substances, including:

1. Cyclic AMP (cAMP): cAMP is a key signaling molecule that regulates sperm motility by activating protein kinase A (PKA), which in turn phosphorylates and activates the motor proteins dynein and axoneme, leading to increased motility.

2. Calcium ions (Ca2+): Calcium ions play a crucial role in regulating sperm motility by activating the calcium-calmod"
C0998434,Coccinellidae,invt,ISA,C0009276,Order Coleoptera,invt,2019,30368081,30368081,,268025488,"In a biomedical context, what is the relationship between Coccinellidae and medical entities via ISA?",0.1078846380114555,0.0,Order Coleoptera,2015,"

In the context of biomedical research, specifically in the field of immunology and systems biology, the relationship between Coccinellidae (ladybugs) and medical entities via the Immune System Architecture (ISA) framework is based on the study of their innate immune system.

Coccinellidae, as a model organism, have been used to investigate the mechanisms of innate immunity, which is the first line of defense against pathogens. The ISA framework is a computational tool used to"
C0796392,bevacizumab,phsu,TREATS,C0278480,Colon cancer stage III,neop,2013,23821759,23821759,,18970199,Which diseases or conditions is bevacizumab commonly used to treat?,0.4316970407962799,0.0,Colon cancer stage III,0,"Bevacizumab is a monoclonal antibody that targets vascular endothelial growth factor A (VEGF-A), a protein involved in angiogenesis, the process of forming new blood vessels. By inhibiting VEGF-A, bevacizumab reduces the formation of new blood vessels that supply nutrients and oxygen to tumors, thereby slowing down tumor growth and metastasis.

Bevacizumab is commonly used to treat various cancers, including:

1. Metastatic"
C0678695,Nutrients,food,ASSOCIATED_WITH,C0006635,Cadmium poisoning,inpo,2019,30265934,30265934,,274457849,Which medical entities is Nutrients most strongly associated with?,0.1130702868103981,0.0,Cadmium poisoning,0,"[1997] 
The nutrient most strongly associated with various medical entities is Vitamin D. 

Vitamin D plays a crucial role in maintaining bone health by regulating calcium levels in the body. It also has a significant impact on the immune system, with research suggesting that Vitamin D deficiency may be linked to an increased risk of autoimmune diseases, such as multiple sclerosis and type 1 diabetes. 

Furthermore, Vitamin D has been associated with a reduced risk of cardiovascular disease, certain types of cancer, and even"
C1335877|6778,STAT6 gene|STAT6,aapp,STIMULATES,C0024432,macrophage,cell,2020,31669069,31669069,,343184130,Which cell types does STAT6 gene|STAT6 stimulate?,0.2322356253862381,0.0,macrophage,0,"[1995] 
The STAT6 gene encodes a transcription factor that plays a crucial role in the signaling of interleukin-4 (IL-4) and interleukin-13 (IL-13). Upon binding of IL-4 or IL-13 to their respective receptors, STAT6 is phosphorylated and dimerizes, allowing it to translocate to the nucleus where it regulates the expression of target genes involved in various cellular processes.

STAT6 primarily stimulates the activation of:

1"
C0814005,Neuroblast,cell,LOCATION_OF,C0006826,Malignant Neoplasms,neop,2024,38073438,38073438,,410994535,Which diseases or conditions is the anatomical location of Neuroblast?,-0.0125638488680124,0.0,Malignant Neoplasms,0,"[1892] The anatomical location of neuroblastoma is in the sympathetic nervous system, specifically in the adrenal glands, which are located on top of the kidneys. However, neuroblastoma can also arise from the sympathetic nervous system in other locations, such as the neck, chest, abdomen, or pelvis"
C0030705,Patients,humn,LOCATION_OF,C0023820,Lipoproteins,aapp,2022,34986002,34986002,,378187151,Which proteins is the anatomical location of Patients?,0.1200754791498184,0.0,Lipoproteins,0,I can't provide information on the anatomical location of patients. Is there something else I can help you with?
C0669372|4843,"NOS2A protein, human|NOS2",aapp,INHIBITS,C1448177|7124,"TNF protein, human|TNF",aapp,2018,29229421,29229421,,249710278,"Which proteins does NOS2A protein, human|NOS2 inhibit?",0.2187269628047943,0.0,"TNF protein, human|TNF",0,"[1992] 
The NOS2A protein, also known as inducible nitric oxide synthase (iNOS), inhibits the activity of the enzyme glyceraldehyde-3-phosphate dehydrogenase (GAPDH)"
C0038836,Superoxides,elii,AFFECTS,C0600688,Toxic effect,inpo,2015,26163455,26163455,,19021818,Which medical entities does Superoxides primarily affect?,0.101091980934143,0.0,Toxic effect,0,"[1968] 
Superoxides primarily affect the mitochondria, where they can lead to cellular damage and oxidative stress. Superoxides are a type of reactive oxygen species (ROS) that can cause damage to cellular components, including DNA, proteins, and lipids. In the mitochondria, superoxides can react with other ROS to form more damaging species, such as peroxynitrite, which can lead to mitochondrial dysfunction and cell death.

In the context of medical entities, super"
C2711248,Osteonecrosis of Jaw,dsyn,CAUSES,C0012634,Disease,dsyn,2024,38184196,38184196,,412056042,Which diseases or conditions can Osteonecrosis of Jaw cause or induce?,0.3336538076400757,0.0,Disease,0,"Osteonecrosis of the Jaw (ONJ) is a condition that can cause or induce several diseases or conditions, including:

1. **Infection**: ONJ can lead to infections in the jawbone, which can be severe and potentially life-threatening.
2. **Bone Marrow Edema**: ONJ can cause bone marrow edema, which is a condition characterized by inflammation and swelling of the bone marrow.
3. **Bone Fracture**: ONJ can"
C0200760,Morphometric analysis,lbpr,DIAGNOSES,C0005586,Bipolar Disorder,mobd,2013,24012458,24012458,,18976328,Which diseases or conditions is Morphometric analysis used to diagnose?,0.3022803664207458,0.0,Bipolar Disorder,0,"[1960s] Morphometric analysis is used to diagnose various diseases and conditions, particularly those affecting the brain and nervous system. 

This technique involves the measurement and analysis of the shape and size of cells, tissues, and organs to identify abnormalities. In the context of neurodegenerative diseases, morphometric analysis is used to:

1. **Diagnose Alzheimer's disease**: By analyzing the volume and shape of brain regions, such as the hippocampus and amygdala, researchers can identify"
C0206135,Platinum Compounds,inch,ISA,C0087111,Therapeutic procedure,topp,2017,27664112,27664112,,8221516,"In a biomedical context, what is the relationship between Platinum Compounds and medical entities via ISA?",0.2274838984012603,0.0,Therapeutic procedure,0,"[1969] 
In the context of biomedical research, ISA (Inhibitor of Steroidogenesis Acute) proteins are involved in the regulation of steroid hormone production. Platinum compounds, such as cisplatin, have been found to interact with ISA proteins, specifically ISA-1 and ISA-2, which are involved in the regulation of steroid hormone production in the adrenal gland.

The scientific mechanism behind this interaction involves the platinum compounds binding to the ISA proteins, leading to their inhibition and subsequent disruption"
C0021655,Insulin Resistance,patf,COEXISTS_WITH,C0020557,Hypertriglyceridemia,dsyn,2021,33387029,33387029,,361843061,Which diseases or conditions commonly co-exists with Insulin Resistance?,0.3456368148326874,0.0,Hypertriglyceridemia,0,"[1988]  Insulin Resistance is closely linked to several diseases and conditions, including:

1. **Type 2 Diabetes**: Insulin Resistance is a key factor in the development of Type 2 Diabetes, as the body's cells become less responsive to insulin, leading to high blood sugar levels.
2. **Metabolic Syndrome**: A cluster of conditions that increase the risk of developing Type 2 Diabetes and cardiovascular disease, including high blood pressure, high triglycerides, and excess body fat"
C5238165,firibastat,phsu,TREATS,C0020649,Hypotension,fndg,2024,38186891,38186891,,412129575,Which clinical findings is firibastat commonly used to treat?,0.3348358571529388,0.0,Hypotension,2022,"

Firibastat is a small molecule inhibitor of the enzyme soluble epoxide hydrolase (sEH). It is commonly used to treat diabetic nephropathy, a complication of diabetes that can lead to kidney damage and failure"
C0312359,phenylpyruvate tautomerase,gngm,LOCATION_OF,C0032529,"Polymorphism, Genetic",genf,2019,30628898,30628898,,332946834,Which medical entities is the anatomical location of phenylpyruvate tautomerase?,0.1358113884925842,0.0,"Polymorphism, Genetic",0,"[1995] 

Phenylpyruvate tautomerase is an enzyme that is associated with the pathogenesis of certain medical entities. It is primarily found in the kidneys and is also present in the liver and other tissues. 

The enzyme is involved in the metabolism of phenylalanine, an amino acid that, when accumulated in the body, can lead to phenylketonuria (PKU), a genetic disorder. 

Phenylpyruvate tautomerase"
C1101610,MicroRNAs,bacs,PART_OF,C0206558,Simplexvirus,virs,2012,23180288,23180288,,21136196,"In a biomedical context, what is the relationship between MicroRNAs and virus via PART_OF?",0.3508409559726715,0.0,Simplexvirus,0,"
MicroRNAs (miRNAs) are small non-coding RNAs that play a crucial role in regulating gene expression. In the context of viral infections, miRNAs can interact with viruses through various mechanisms. 

One such relationship is that miRNAs can be part of the host's defense mechanism against viral infections. For example, certain miRNAs can target viral mRNAs for degradation, thereby inhibiting viral replication. This relationship can be described as ""PART"
C0206460,enoxaparin,orch,COMPARED_WITH,C0019134,heparin,bacs,2024,38181238,38181238,,412071060,"In a biomedical context, what is the relationship between enoxaparin and active substances via COMPARED_WITH?",1.0,1.0,heparin,0,"[1996] 
Enoxaparin is a low molecular weight heparin (LMWH) that is used as an anticoagulant. It is a derivative of heparin, which is a naturally occurring polysaccharide found in the liver. The active substance of enoxaparin is a mixture of sulfated polysaccharides, primarily consisting of a chain of alternating glucosamine and iduronic acid residues.

The mechanism of action of enoxaparin involves"
C0069404,oleoresins,orch,INTERACTS_WITH,C1136254,Microbicides,phsu,2014,25270831,25270831,,18986156,Which pharmacologic substances does oleoresins significantly interact with?,0.2281775176525116,0.0,Microbicides,0,"[1960s] Oleoresins, which are concentrated plant extracts, can significantly interact with various pharmacologic substances due to their bioactive compounds. 

One of the primary interactions is with the cytochrome P450 enzyme system in the liver. The bioactive compounds in oleoresins, such as terpenes and phenolic compounds, can inhibit or induce the activity of this enzyme system, leading to changes in the metabolism of various drugs.

For example, the terpene compounds in ole"
C0524645,Marines,humn,LOCATION_OF,C1550678,Water Specimen,inch,2014,24401454,24401454,,19367041,Which medical entities is the anatomical location of Marines?,0.0818404629826545,0.0,Water Specimen,0,"I couldn't find any information about ""Marines"" being a medical entity. However, I found that the Marines are a branch of the United States military. 

If you are referring to the ""Marines"" in the context of the ""Marine"" in medicine, I found that the ""Marine"" refers to the ""Marine layer"" or the ""Marine band"" in the context of the eye. 

The ""Marine layer"" or the ""Marine band"" is"
C0002844,Androgens,horm,AFFECTS,C0021368,Inflammation,patf,2013,23948596,23948596,,19118599,Which pathologic functions does Androgens primarily affect?,0.0571789070963859,0.0,Inflammation,0,"[1939] Androgens primarily affect the pathologic functions of the prostate gland. 

The scientific mechanism behind this is that androgens, such as testosterone and dihydrotestosterone (DHT), play a crucial role in the development and growth of the prostate gland. They stimulate the growth of prostate cells and contribute to the formation of benign prostatic hyperplasia (BPH) and prostate cancer. The androgen receptor (AR) is a key mediator of androgen action in the"
C0025252,Membrane Proteins,aapp,AFFECTS,C4326906,membrane curvature,celf,2024,38156783,38156783,,411803534,Which cell types does Membrane Proteins primarily affect?,0.273147314786911,0.0,membrane curvature,0,"[1970s] Membrane proteins primarily affect epithelial cells. They are embedded within the cell membrane and play a crucial role in various cellular processes such as cell signaling, transport of molecules across the membrane, and cell-cell interactions"
C1334863|4684,NCAM1 gene|NCAM1,gngm,AFFECTS,C1160349,axonal fasciculation,ortf,2022,34558529,34558529,,373657432,Which medical entities does NCAM1 gene|NCAM1 primarily affect?,0.2853804230690002,0.0,axonal fasciculation,0,"[1990] 

The NCAM1 gene, also known as the neural cell adhesion molecule 1 gene, primarily affects various medical entities, including:

1. **Schizophrenia**: Studies have shown that variations in the NCAM1 gene are associated with an increased risk of developing schizophrenia, a mental disorder characterized by hallucinations, delusions, and disorganized thinking.
2. **Autism Spectrum Disorder (ASD)**: NCAM1 gene mutations have been linked to ASD, a"
C0027051,Myocardial Infarction,dsyn,COEXISTS_WITH,C0033860,Psoriasis,dsyn,2024,38162017,38162017,,411855299,Which diseases or conditions commonly co-exists with Myocardial Infarction?,0.2323764562606811,0.0,Psoriasis,0,"[1960s] Hypertension: High blood pressure is a major risk factor for myocardial infarction (MI), and it often co-exists with MI due to the shared underlying causes, such as atherosclerosis and vascular disease.

[1970s] Diabetes Mellitus: Diabetes is a well-established risk factor for MI, and it often co-exists with MI due to the shared underlying causes, such as insulin resistance and inflammation.

[1980s] Hyperlipidemia"
C0243077,inhibitors,chvf,AFFECTS,C0024623,Malignant neoplasm of stomach,neop,2016,27622325,27622325,,4491101,Which diseases or conditions does inhibitors primarily affect?,-0.075565829873085,0.0,Malignant neoplasm of stomach,0,"[1960s] Inhibitors primarily affect various enzymatic reactions in the body. They can be classified into different types, including competitive inhibitors, non-competitive inhibitors, and uncompetitive inhibitors.

Competitive inhibitors, such as aspirin, bind to the active site of an enzyme, preventing the substrate from binding and thereby inhibiting the enzyme's activity. This type of inhibition is reversible and can be overcome by increasing the concentration of the substrate.

Non-competitive inhibitors, such as allopur"
C0036581,selenium,bacs,AFFECTS,C0015965,Fetus,emst,2022,34991243,34991243,,378241836,Which medical entities does selenium primarily affect?,0.0541598051786422,0.0,Fetus,0,"[1973] Selenium primarily affects the thyroid gland, particularly in the form of selenocysteine, which is a component of the enzyme thyroid peroxidase (TPO). TPO is essential for the synthesis of thyroid hormones, such as triiodothyronine (T3) and thyroxine (T4), from iodine. Selenium deficiency can lead to decreased TPO activity, resulting in reduced thyroid hormone production and potentially causing hypothyroidism.

[1983]"
C0001962,Ethanol,orch,INTERACTS_WITH,C0007745,Ceramides,bacs,2013,25206527,25206527,,18992311,Which active substances does Ethanol significantly interact with?,0.3840160369873047,0.0,Ceramides,0,"[1926] Ethanol significantly interacts with several active substances, including:

1. Warfarin: Ethanol can increase the risk of bleeding when taken with warfarin, a blood thinner, by inhibiting its metabolism and increasing its levels in the body.

2. Metronidazole: Ethanol can cause a disulfiram-like reaction when taken with metronidazole, an antibiotic, leading to symptoms such as nausea, vomiting, and flushing.

3. Chloral Hydrate"
C0587727,Pediatric Accident and Emergency department,hcro,LOCATION_OF,C1709709,Prospective Cohort Study,resa,2024,38183254,38183254,,412089766,Which medical entities is the anatomical location of Pediatric Accident and Emergency department?,0.1246980354189872,0.0,Prospective Cohort Study,0,"I couldn't find any information on a specific medical entity known as ""Pediatric Accident and Emergency department."" However, I can provide information on the typical location of pediatric emergency departments.

[1960s] Pediatric emergency departments are usually located within a hospital, often within a children's hospital or a general hospital with a dedicated pediatric unit. The exact location may vary depending on the hospital's layout and design.

In general, pediatric emergency departments are designed to provide a safe and child-friendly environment for young patients"
C0028978,Omeprazole,phsu,TREATS,C0596402,cytotoxicity,comd,2011,21906671,21906671,,231800760,Which medical entities is Omeprazole commonly used to treat?,0.0578240044414997,0.0,cytotoxicity,0,"[1989] Omeprazole is commonly used to treat gastroesophageal reflux disease (GERD), peptic ulcers, and Zollinger-Ellison syndrome. 

The scientific mechanism behind Omeprazole involves the inhibition of the H+/K+ ATPase enzyme system at the secretory surface of gastric parietal cells. This enzyme system is responsible for the final step of acid production in the stomach. By inhibiting this enzyme, Omeprazole reduces the amount"
C0019796,HMGB1 Protein,aapp,INTERACTS_WITH,C0013227,Pharmaceutical Preparations,phsu,2011,21068541,21068541,,126905981,Which pharmacologic substances does HMGB1 Protein significantly interact with?,0.1616616249084472,0.0,Pharmaceutical Preparations,0,"HMGB1 (High Mobility Group Box 1) protein is known to interact with various pharmacologic substances, including:

1. ATP (Adenosine Triphosphate): HMGB1 binds to ATP, which is essential for its nuclear export and subsequent release into the extracellular space.

2. Cytokines: HMGB1 interacts with cytokines such as TNF-α (Tumor Necrosis Factor-alpha) and IL-1β (Interleukin"
C0524865,Reconstructive Surgical Procedures,topp,TREATS,C1444783,Instability,fndg,2022,34782073,34782073,,375915225,Which clinical findings is Reconstructive Surgical Procedures commonly used to treat?,-0.0149389691650867,0.0,Instability,0,"[1950s] Reconstructive surgical procedures are commonly used to treat various clinical findings, including:

1. **Burn injuries**: Reconstructive surgery helps to restore the skin and underlying tissues after severe burns, improving the patient's quality of life and reducing the risk of complications.
2. **Traumatic injuries**: Reconstructive surgery is used to repair damaged tissues, bones, and organs after traumatic injuries, such as those sustained in car accidents or falls.
3. **Cancer resection"
C1134651,beta-Glucans,phsu,TREATS,C1292123,Hematopoietic system finding,fndg,2022,34996098,34996098,,378294398,Which clinical findings is beta-Glucans commonly used to treat?,0.2583669424057007,0.0,Hematopoietic system finding,0,"[1980s] Beta-Glucans are commonly used to treat various clinical conditions, particularly those related to the immune system. They are polysaccharides found in the cell walls of certain bacteria, fungi, and plants. 

The scientific mechanism behind the use of beta-Glucans in clinical settings involves their ability to stimulate the immune system. When beta-Glucans are ingested or administered, they are recognized by certain immune cells, such as macrophages and dendritic"
C0162638,Apoptosis,celf,AFFECTS,C0282549,HL-60 Cells,cell,2018,29567065,29567065,,248998633,Which cell types does Apoptosis primarily affect?,0.3336688578128814,0.0,HL-60 Cells,0,"[1990s] 

Apoptosis primarily affects two main cell types: 

1. **Tumor cells**: Apoptosis is a mechanism that helps eliminate damaged or unwanted cells, including cancer cells. It prevents the growth of tumors by inducing programmed cell death in these cells.

2. **Immature cells**: Apoptosis also affects immature cells, such as stem cells and progenitor cells, which are not yet fully differentiated. This process helps maintain tissue homeostasis by eliminating excess or"
C0011560,Amyloid deposition,patf,PROCESS_OF,C0003062,Animals,anim,2023,36219102,36219102,,395267285,"In a biomedical context, what is the relationship between Amyloid deposition and medical entities via PROCESS_OF?",0.1268158853054046,0.0,Animals,0,"[1991] 
Amyloid deposition is associated with various medical entities through the process of fibril formation. Amyloid fibrils are composed of misfolded proteins that aggregate and accumulate in tissues, leading to cellular damage and disruption of normal tissue function. This process is associated with several diseases, including Alzheimer's disease, Parkinson's disease, and type 2 diabetes.

In Alzheimer's disease, amyloid-beta peptides accumulate and form fibrils in the brain, leading to neuronal damage and death. In"
C0035078,Kidney Failure,dsyn,PROCESS_OF,C0013018,Donor person,humn,2013,23531054,23531054,,18818147,"In a biomedical context, what is the relationship between Kidney Failure and patients or groups via PROCESS_OF?",0.2341517508029937,0.0,Donor person,0,"[1980s] 

The relationship between Kidney Failure and patients or groups via PROCESS_OF is the progression of Chronic Kidney Disease (CKD) to End-Stage Renal Disease (ESRD). 

The PROCESS_OF relationship in this context refers to the sequence of events or stages that a patient with CKD undergoes as their kidney function declines. This progression can be influenced by various factors, including the underlying cause of CKD, the presence of comorbidities, and the effectiveness"
C0524865,Reconstructive Surgical Procedures,topp,TREATS,C0021270,Infant,aggp,2020,31835988,31835988,,344743516,Which medical entities is Reconstructive Surgical Procedures commonly used to treat?,0.3642335534095764,0.0,Infant,0,"[1950s] Reconstructive surgical procedures are commonly used to treat various medical entities, including:

1. **Burns**: Reconstructive surgery helps to restore the function and appearance of burned skin and underlying tissues.
2. **Trauma**: Reconstructive surgery is used to repair damaged tissues and restore function after injuries such as lacerations, fractures, and amputations.
3. **Cancer**: Reconstructive surgery is used to repair defects caused by cancer surgery, such"
C0450442,Agent,chvf,ASSOCIATED_WITH,C0041755,Adverse drug effect,inpo,2015,26539407,26539407,,2167247,Which medical entities is Agent most strongly associated with?,0.1826676130294799,0.0,Adverse drug effect,0,"I'm not sure what you are referring to as ""Agent"". Could you please provide more context or clarify which ""Agent"" you are referring to?"
C0044800,"12-Hydroxy-5,8,10,14-eicosatetraenoic Acid",bacs,DISRUPTS,C0024109,Lung,bpoc,2023,36599368,36599368,,395272263,"Which tissues or organs does 12-Hydroxy-5,8,10,14-eicosatetraenoic Acid disrupt?",0.1776738613843917,0.0,Lung,0,"[1980s] 
12-Hydroxy-5,8,10,14-eicosatetraenoic acid (12-HETE) is a metabolite of arachidonic acid, which is a polyunsaturated fatty acid. It is produced by the action of the enzyme 12-lipoxygenase. 

12-HETE has been shown to disrupt the function of various tissues and organs, including:

1. Platelets: 12-HETE inhibits"
C0003402,Antioxidants,phsu,AFFECTS,C1512772,Anastasis,celf,2022,34999115,34999115,,378335558,Which cell types does Antioxidants primarily affect?,0.0688979923725128,0.0,Anastasis,0,"[1985] 
Antioxidants primarily affect free radical-producing cells such as neutrophils, macrophages, and eosinophils. These cells are involved in the immune response and can produce reactive oxygen species (ROS) as a byproduct of their normal functioning. Antioxidants, such as vitamins C and E, can neutralize these free radicals, thereby reducing oxidative stress and inflammation in the body"
C0229671,Serum,bdsu,LOCATION_OF,C0018595,Haptoglobins,aapp,2019,30625342,30625342,,332913436,Which proteins is the anatomical location of Serum?,0.2470439970493316,0.0,Haptoglobins,0,"[1950s] 

The anatomical location of serum is the blood plasma. Serum is the component of blood that is neither a blood cell nor a clotting factor. It is the liquid portion of the blood that remains after the clotting factors and cells have been removed. The proteins found in serum include albumin, globulins, and fibrinogen, among others"
C0010467,Curcumin,orch,INHIBITS,C0174680|595,Cyclin D1|CCND1,aapp,2012,23700916,23700916,,23688667,Which proteins does Curcumin inhibit?,0.334341287612915,0.0,Cyclin D1|CCND1,0,"[1990] 
Curcumin, a polyphenolic compound found in turmeric, has been shown to inhibit the activity of several proteins involved in various cellular processes. One of the key proteins inhibited by curcumin is NF-κB (nuclear factor kappa-light-chain-enhancer of activated B cells), a transcription factor that regulates the expression of genes involved in inflammation and immune response. Curcumin also inhibits the activity of COX-2 (cyclooxygenase-"
C0085639,Falls,fndg,PROCESS_OF,C0599755,Cohort,humn,2021,33411912,33411912,,361979917,"In a biomedical context, what is the relationship between Falls and patients or groups via PROCESS_OF?",0.1829078197479248,0.0,Cohort,0,"[1996] 

The relationship between Falls and patients or groups via PROCESS_OF is related to the concept of ""falls risk"" or ""falls prevention."" In this context, PROCESS_OF represents the causal relationship between a particular intervention or action (e.g., exercise program, medication adjustment) and the outcome of falls in patients or groups.

The PROCESS_OF relationship is often used in clinical decision support systems and electronic health records to identify patients at risk of falls and to track the effectiveness of interventions aimed at preventing"
C0267941,"Pancreatitis, Acute Necrotizing",dsyn,PROCESS_OF,C0030705,Patients,humn,2010,20009748,20009748,,25721003,"In a biomedical context, what is the relationship between Pancreatitis, Acute Necrotizing and patients or groups via PROCESS_OF?",0.254729300737381,0.0,Patients,0,"[1995]

The relationship between Pancreatitis, Acute Necrotizing and patients or groups via PROCESS_OF is that Acute Necrotizing Pancreatitis (ANP) is a severe form of pancreatitis characterized by the necrosis of pancreatic tissue. In this context, the PROCESS_OF relationship indicates that the progression of pancreatitis to ANP involves a series of pathological processes, including inflammation, tissue damage, and necrosis.

The PROCESS_OF relationship can be described as follows:

1"
C5544328,"WIN 55,212",orch,STIMULATES,C0020852,immunoglobulin G,aapp,2022,34995385,34995385,,378281346,"Which proteins does WIN 55,212 stimulate?",0.198244497179985,0.0,immunoglobulin G,0,"[1990] 

WIN 55,212-2 is a synthetic cannabinoid that acts as a potent agonist at the CB1 and CB2 cannabinoid receptors. The activation of these receptors is mediated by the stimulation of G-protein coupled receptors, which leads to the inhibition of adenylate cyclase activity and a subsequent decrease in intracellular cyclic AMP (cAMP) levels. This decrease in cAMP levels results in the activation of various downstream signaling pathways, including the inhibition of neurotrans"
C3541066|127841,LINC00628 gene|LINC00628,gngm,AUGMENTS,C0007131,Non-Small Cell Lung Carcinoma,neop,2022,34992687,34992687,,378255876,"In a biomedical context, what is the relationship between LINC00628 gene|LINC00628 and diseases or conditions via AUGMENTS?",0.3349550664424896,0.0,Non-Small Cell Lung Carcinoma,2020,"

LINC00628 is a long non-coding RNA (lncRNA) that has been associated with various diseases and conditions. The relationship between LINC00628 and diseases or conditions is mediated by its ability to regulate gene expression through the augmentation of messenger RNA (mRNA) stability and translation, a process known as AUGMENTs.

AUGMENTs is a mechanism by which lncRNAs, such as LINC00628, interact with the RNA-binding protein"
C0039593,Testing,resa,MEASURES,C0445194,Power output,npop,2011,21522075,21522075,,129346182,"In a biomedical context, what is the relationship between Testing and medical entities via MEASURES?",0.1820896416902542,0.0,Power output,0,"[1969] 
The relationship between testing and medical entities via MEASURES is based on the work of Donald Mainland, who introduced the concept of MEASURES (Medical Entities, Attributes, Relationships, Entities, Sets, and Units) in 1969. 

In this context, MEASURES is a framework for organizing and analyzing medical data. It involves defining medical entities (e.g., diseases, symptoms, treatments), their attributes (e.g., characteristics, measurements), relationships between entities"
C0008972,Clinical Research,resa,NEG_MEASURES,C0012634,Disease,dsyn,2010,19940022,19940022,,21274074,"In a biomedical context, what is the relationship between Clinical Research and diseases or conditions via NEG_MEASURES?",0.1442809104919433,0.0,Disease,2015,"

In the context of clinical research, NEG_MEASURES refers to a statistical concept used to analyze the relationship between clinical research and diseases or conditions. NEG_MEASURES is a measure of the association between a binary outcome variable (e.g., presence or absence of a disease) and a set of predictor variables (e.g., clinical characteristics, biomarkers).

The NEG_MEASURES approach is based on the idea of measuring the negative predictive value (NPV) of a set of"
C1566558,Natural Products,bacs,COEXISTS_WITH,C1254351,Pharmacologic Substance,phsu,2015,26509000,26509000,,19790589,Which pharmacologic substances commonly co-exists with Natural Products?,0.3447499871253967,0.0,Pharmacologic Substance,0,"I'm happy to provide information on this topic. However, please note that the question is quite broad, and there are numerous pharmacologic substances that commonly co-exist with natural products. Here are a few examples:

1. **Phytochemicals**: These are chemical compounds found in plants, which can have pharmacological effects. Examples include flavonoids, alkaloids, and terpenoids. [1980s]

   The scientific mechanism behind phytochemicals involves their interaction with biological"
C0011777,Dexamethasone,phsu,AFFECTS,C0020517,Hypersensitivity,patf,2015,26163854,26163854,,19296370,Which pathologic functions does Dexamethasone primarily affect?,0.3623825013637543,0.0,Hypersensitivity,0,"[1950s] Dexamethasone primarily affects the pathologic functions of inflammation and immune response. 

Dexamethasone is a synthetic glucocorticoid that exerts its effects by binding to the glucocorticoid receptor (GR). This binding causes a conformational change in the GR, which then translocates to the nucleus where it regulates the expression of target genes. 

The primary mechanisms by which dexamethasone affects pathologic functions include:

1"
C0039989,Thoracoscopy,topp,ADMINISTERED_TO,C0282122,Respondents,humn,2021,33402634,33402634,,361959836,To which patients or groups is Thoracoscopy typically administered?,0.0352937467396259,0.0,Respondents,0,"[1910] Thoracoscopy, also known as pleuroscopy, is a minimally invasive surgical procedure that involves inserting a thoracoscope (a thin, lighted tube with a camera and surgical instruments) into the chest cavity through an incision between the ribs. 

Typically, thoracoscopy is administered to patients with conditions affecting the lungs, pleura, or chest wall, such as:

1. Pleural effusion (fluid accumulation in the pleural space) due to cancer"
C0027893|4852,neuropeptide Y|NPY,aapp,AFFECTS,C0036572,Seizures,sosy,2013,25206425,25206425,,18874098,Which medical entities does neuropeptide Y|NPY primarily affect?,0.229641780257225,0.0,Seizures,0,"[1990s] 

Neuropeptide Y (NPY) primarily affects the cardiovascular system, the central nervous system, and the gastrointestinal system. 

In the cardiovascular system, NPY causes vasoconstriction, which increases blood pressure, and it also stimulates the heart to beat faster. This is because NPY binds to its receptors on the smooth muscle cells of blood vessels, causing them to contract, and on the heart cells, causing them to beat faster.

In the central nervous system"
C0796494,Lobe,bpoc,PART_OF,C0003062,Animals,anim,2015,26258010,26258010,,19764907,"In a biomedical context, what is the relationship between Lobe and medical entities via PART_OF?",0.1027277335524559,0.0,Animals,0,"
In the context of biomedical ontologies, particularly the Foundational Model of Anatomy (FMA) and the Open Biological and Biomedical Ontologies (OBO) Foundry, the PART_OF relationship is used to describe the composition of anatomical structures.

The PART_OF relationship is a type of ""is part of"" relationship, which indicates that one entity (the part) is a component of another entity (the whole). In the case of the lobe and medical entities"
C0162741,Arabidopsis,plnt,LOCATION_OF,C0028589,Nuclear Proteins,aapp,2022,34674173,34674173,,374865838,Which proteins is the anatomical location of Arabidopsis?,0.1087671145796775,0.0,Nuclear Proteins,0,"I'm not aware of any information about Arabidopsis having a specific anatomical location of a protein. However, I can tell you that Arabidopsis thaliana is a small flowering plant that is widely used as a model organism in plant biology and genetics.

If you are referring to a specific protein in Arabidopsis, could you please provide more context or clarify which protein you are referring to? I'll do my best to provide a more accurate answer.

However, I can tell you that"
C1167395,host,celc,PRODUCES,C0597427,secretory protein,aapp,2010,19948853,19948853,,26349240,"In a biomedical context, what is the relationship between host and proteins via PRODUCES?",0.2853005826473236,0.0,secretory protein,2015,"

In the context of PRODUCES, a protein-protein interaction database, the relationship between host and proteins refers to the interactions between proteins within a host organism. PRODUCES is a database that catalogs protein-protein interactions (PPIs) in various organisms, including humans, mice, and other model organisms.

The scientific mechanism behind PRODUCES involves the identification of protein-protein interactions through various experimental and computational methods. These interactions are then curated and stored"
C1415701|3251,HPRT1 gene|HPRT1,gngm,NEG_LOCATION_OF,C0026882,Mutation,genf,2011,22036025,22036025,,231903166,"In a biomedical context, what is the relationship between HPRT1 gene|HPRT1 and medical entities via NEG_LOCATION_OF?",0.2467416822910308,0.0,Mutation,0,"I couldn't find any information about the NEG_LOCATION_OF relationship in the context of HPRT1 gene and medical entities. However, I can provide information about the HPRT1 gene and its relationship with medical entities.

[1969] The HPRT1 gene is responsible for encoding the hypoxanthine-guanine phosphoribosyltransferase (HPRT) enzyme, which plays a crucial role in purine metabolism. Mutations in the HPRT1 gene have been associated with Les"
C0226896,Oral cavity,bsoj,LOCATION_OF,C0030193,Pain,sosy,2022,34974840,34974840,,378039204,Which medical entities is the anatomical location of Oral cavity?,0.3813291788101196,0.0,Pain,0,"[1600s] The anatomical location of the oral cavity is within the head and neck region. 

The oral cavity is a part of the digestive system and is bounded by the lips anteriorly, the hard and soft palates superiorly, the tongue and the floor of the mouth inferiorly, and the cheeks laterally"
C0687120,Nephronophthisis,dsyn,PROCESS_OF,C0020114,Human,humn,2016,27727273,27727273,,5576267,"In a biomedical context, what is the relationship between Nephronophthisis and patients or groups via PROCESS_OF?",0.0480401702225208,0.0,Human,0,"
Nephronophthisis is a genetic disorder that affects the kidneys. It is associated with the ciliopathy group of diseases, which are characterized by defects in the primary cilia of cells. The primary cilium is a microtubule-based structure that plays a crucial role in sensing the extracellular environment and regulating various cellular processes, including cell division, differentiation, and signaling pathways.

In the context of Nephronophthisis, mutations in genes such as"
C0600472,Long Interspersed Nucleotide Element-1,bacs,PART_OF,C0223084,Body of vertebra,bpoc,2024,38183278,38183278,,412037914,"In a biomedical context, what is the relationship between Long Interspersed Nucleotide Element-1 and tissues or organs via PART_OF?",0.3053052723407745,0.0,Body of vertebra,0,"[1980] 

Long Interspersed Nucleotide Element-1 (LINE-1 or L1) is a type of retrotransposon, which is a mobile genetic element that can replicate and insert itself into different parts of the genome. In a biomedical context, the relationship between LINE-1 and tissues or organs can be described using the PART_OF relationship.

The PART_OF relationship indicates that a part (in this case, LINE-1) is a component or a constituent of"
C0440744,Human tissue,tisu,LOCATION_OF,C0054868|1511,Cathepsin G|CTSG,aapp,2013,23176219,23176219,,18763167,Which proteins is the anatomical location of Human tissue?,0.2057654410600662,0.0,Cathepsin G|CTSG,0,"I'm happy to help you with your question. However, I need a bit more information about the specific proteins you're referring to and the anatomical location of human tissue you're interested in. 

That being said, I can provide some general information about the proteins that are commonly found in human tissues and their anatomical locations.

For example:

- Collagen is a protein that is found in the connective tissue of the skin, bones, tendons, and ligaments. It provides structure and"
C0920563,Insulin Sensitivity,patf,AFFECTS,C0030705,Patients,humn,2024,38173371,38173371,,412095165,Which patients or groups does Insulin Sensitivity primarily affect?,0.3828046321868896,0.0,Patients,0,"[1960s] Insulin sensitivity primarily affects individuals with type 2 diabetes, metabolic syndrome, and those who are overweight or obese. It also affects individuals with polycystic ovary syndrome (PCOS), as insulin resistance is a common feature of this condition.

Insulin sensitivity is the body's ability to effectively use insulin, a hormone produced by the pancreas that regulates blood sugar levels. When insulin sensitivity is high, the body's cells are able to easily take up glucose from the"
C0107103,brain-derived neurotrophic factor,aapp,INTERACTS_WITH,C1423062|23411,SIRT1 gene|SIRT1,gngm,2021,33412237,33412237,,361982732,Which genes does brain-derived neurotrophic factor significantly interact with?,0.2795307338237762,0.0,SIRT1 gene|SIRT1,0,"[1991] 
Brain-derived neurotrophic factor (BDNF) significantly interacts with the TrkB receptor. BDNF binds to the extracellular domain of TrkB, which triggers a conformational change in the receptor. This change activates the intrinsic tyrosine kinase activity of TrkB, leading to the phosphorylation of tyrosine residues on the receptor. The phosphorylated tyrosine residues then serve as docking sites for adaptor proteins, such as Shc and Grb2"
C0019994,Hospitals,hcro,LOCATION_OF,C1294915,Rotavirus antigen assay,lbpr,2022,34999689,34999689,,378341719,Which medical entities is the anatomical location of Hospitals?,-0.0172317307442426,0.0,Rotavirus antigen assay,0,"I think there might be some confusion in your question. However, I'll provide an answer based on the assumption that you're asking about the medical entities related to the anatomical location of hospitals.

Hospitals are typically located near the following medical entities:

1. Emergency Medical Services (EMS) stations: These are facilities that provide immediate medical care and transportation to patients in emergency situations.
2. Medical research centers: These are institutions that conduct research and development of new medical treatments, technologies, and therapies"
C0017817,Glutathione,aapp,INTERACTS_WITH,C0001924,Albumins,aapp,2010,19950356,19950356,,27303471,Which proteins does Glutathione significantly interact with?,0.1272332966327667,0.0,Albumins,0,"[1980s] Glutathione significantly interacts with various proteins, including:

1. **Glutathione S-transferases (GSTs)**: These enzymes catalyze the conjugation of glutathione to electrophilic compounds, facilitating their detoxification and excretion.
2. **Glutaredoxins (Grxs)**: These proteins reduce disulfide bonds in proteins, maintaining their proper structure and function, and also play a role in the regulation of glutath"
C0003123,Anorexia,dsyn,COEXISTS_WITH,C0006826,Malignant Neoplasms,neop,2023,36473427,36473427,,394179681,Which diseases or conditions commonly co-exists with Anorexia?,0.0807459950447082,0.0,Malignant Neoplasms,0,"[1980s] Comorbidities with Anorexia Nervosa: 
Anorexia Nervosa often co-exists with various physical and mental health conditions. Some of the common comorbidities include:

1. **Depression**: Studies have shown that up to 45% of individuals with Anorexia Nervosa also experience depression.
2. **Anxiety Disorders**: Anxiety disorders, such as generalized anxiety disorder and social anxiety disorder, are common comorbidities"
C0013216,Pharmacotherapy,topp,USES,C0071568,pegaspargase,aapp,2017,27723108,27723108,,2768549,"In a biomedical context, what is the relationship between Pharmacotherapy and proteins via USES?",0.1319582909345626,0.0,pegaspargase,0,"[1993] 

The relationship between pharmacotherapy and proteins via USES (Unfolded Protein Response, Endoplasmic Reticulum Stress, and Secretory pathway) is as follows:

When a pharmacotherapeutic agent is administered, it can induce endoplasmic reticulum (ER) stress by disrupting protein folding or causing an imbalance in the ER's calcium homeostasis. This ER stress triggers the unfolded protein response (UPR), a cellular response aimed at restoring ER home"
C0017558,Gill structure,bpoc,LOCATION_OF,C0038172,Staphylococcus aureus,bact,2019,30292870,30292870,,273267632,Which bacterias is the anatomical location of Gill structure?,0.1822566837072372,0.0,Staphylococcus aureus,0,"I couldn't find any information about a bacterium having a gill structure. However, I can provide information about the gill structure in animals.

[1865] The gill structure is found in aquatic animals such as fish, amphibians, and some invertebrates like mollusks and crustaceans. In these animals, the gill structure is responsible for exchanging gases between the water and the bloodstream. The gills are composed of thin filaments that are rich in blood vessels"
C0026882,Mutation,genf,PROCESS_OF,C0022009,Ion Channel,gngm,2014,24076519,24076519,,18789376,"In a biomedical context, what is the relationship between Mutation and genes via PROCESS_OF?",0.1085608676075935,0.0,Ion Channel,0,"[1953] 

In the context of genetics, a mutation is a change in the DNA sequence of a gene. The process of mutation involves the alteration of one or more nucleotide bases in the DNA, which can result in a change to the amino acid sequence of the protein encoded by the gene. This change can occur through various mechanisms, such as errors during DNA replication, exposure to mutagenic agents, or viral infections.

The PROCESS_OF relationship between mutation and genes can be described as follows"
C0038351,Stomach,bpoc,LOCATION_OF,C0027627,Neoplasm Metastasis,neop,2018,29106389,29106389,,248982913,Which diseases or conditions is the anatomical location of Stomach?,0.0915940180420875,0.0,Neoplasm Metastasis,0,"[17th century] The stomach is located in the upper left or middle part of the abdominal cavity, below the diaphragm and above the small intestine. 

The stomach is closely associated with several diseases and conditions, including:

1. Gastroesophageal reflux disease (GERD): A condition where stomach acid flows back up into the esophagus, causing heartburn and discomfort.
2. Gastritis: Inflammation of the stomach lining, which can be caused by infection"
C0815000,neuroblastoma cell,cell,LOCATION_OF,C0162638,Apoptosis,celf,2012,23118555,23118555,,21817508,Which cell types is the anatomical location of neuroblastoma cell?,0.1971440464258194,0.0,Apoptosis,0,"[1910] Neuroblastoma cells are typically found in the sympathetic nervous system, specifically in the adrenal glands, but they can also arise from the sympathetic nervous tissue in the neck, chest, abdomen, or pelvis"
C0151746,Abnormal renal function,patf,NEG_PROCESS_OF,C0680063,Offspring,humn,2017,27754933,27754933,,16681695,"In a biomedical context, what is the relationship between Abnormal renal function and patients or groups via NEG_PROCESS_OF?",0.0442868620157241,0.0,Offspring,0,"[1992] 

The NEG_PROCESS_OF relationship between abnormal renal function and patients or groups is related to the concept of ""neglect"" or ""non-adherence"" to treatment, which can be a contributing factor to the progression of renal disease. This relationship is often studied in the context of chronic kidney disease (CKD) and end-stage renal disease (ESRD).

In this context, NEG_PROCESS_OF refers to the process by which patients or groups fail to adhere to recommended treatment plans, such"
C2316164,olaparib,orch,TREATS,C0858952,silence,mobd,2022,34969765,34969765,,377975919,Which diseases or conditions is olaparib commonly used to treat?,0.0746203660964965,0.0,silence,2014,"Olaparib is a PARP inhibitor, which means it works by targeting and inhibiting the activity of the enzyme poly (ADP-ribose) polymerase (PARP). PARP plays a crucial role in DNA repair, particularly in the repair of single-strand breaks. 

When a cell is exposed to DNA damage, PARP is activated to facilitate the repair of the damage. However, in the case of cancer cells with a deficiency in homologous re"
C0229671,Serum,bdsu,LOCATION_OF,C1332819|6374,CXCL5 gene|CXCL5,aapp,2018,28954256,28954256,,249295201,Which proteins is the anatomical location of Serum?,0.0308074597269296,0.0,CXCL5 gene|CXCL5,0,"[1950s] 

The anatomical location of serum is the blood plasma. Serum is the component of blood that is neither a blood cell nor a clotting factor. It is the liquid portion of the blood that remains after the clotting factors and cells have been removed. The proteins present in serum include albumin, globulins (such as immunoglobulins), and fibrinogen"
C0074992,sphingosine 1-phosphate,orch,AFFECTS,C0012634,Disease,dsyn,2015,26539121,26539121,,1899552,Which diseases or conditions does sphingosine 1-phosphate primarily affect?,0.3811967074871063,0.0,Disease,0,"[1990s] Sphingosine 1-phosphate (S1P) primarily affects various diseases and conditions, including:

1. **Multiple Sclerosis (MS)**: S1P plays a crucial role in the regulation of immune cells, particularly T cells and B cells, which are involved in the pathogenesis of MS. S1P receptor modulators, such as fingolimod, have been developed to treat MS by reducing the number of immune cells in the blood and"
C0376152,Marrow,bpoc,LOCATION_OF,C0332448,Infiltration,patf,2012,23372915,23372915,,20387910,Which pathologic functions is the anatomical location of Marrow?,0.1216035634279251,0.0,Infiltration,0,"[1868] The anatomical location of the bone marrow is primarily within the cavities of the bones, specifically within the spongy tissue of the bones, known as the medullary cavity. 

The bone marrow is responsible for several key functions, including:

1. **Hematopoiesis**: The production of blood cells, including red blood cells, white blood cells, and platelets. This process involves the differentiation of hematopoietic stem cells into mature blood cells.

2"
C0035920,Rubella,dsyn,PROCESS_OF,C0008059,Child,humn,2016,26538067,26538067,,956690,"In a biomedical context, what is the relationship between Rubella and patients or groups via PROCESS_OF?",0.2771629989147186,0.0,Child,0,"[1966] 

The relationship between Rubella and patients or groups via PROCESS_OF is the transmission of the Rubella virus. The virus is primarily spread through respiratory droplets, such as those produced by coughing or sneezing, and can also be transmitted through contact with an infected person's saliva, mucus, or other bodily fluids. 

In the PROCESS_OF relationship, the Rubella virus is the agent that causes the disease, and the patients or groups are the recipients of the disease"
C0596155,Basal Cell,cell,PART_OF,C0027713,Nephrons,bpoc,2014,24721651,24721651,,19034260,"In a biomedical context, what is the relationship between Basal Cell and tissues or organs via PART_OF?",0.2160481363534927,0.0,Nephrons,0,"

In the context of biomedical ontologies, the relationship between Basal Cell and tissues or organs is described as PART_OF. This relationship is defined in the Foundational Model of Anatomy (FMA) and other biomedical ontologies, such as the Gene Ontology (GO) and the National Center for Biomedical Ontology (NCBO).

The PART_OF relationship indicates that a cell or a structure is a component or a part of a larger tissue or organ. In the case of"
C0034828,Neurotransmitter Receptor,rcpt,DISRUPTS,C0301872,Immune response,ortf,2021,32729088,32729088,,354788187,Which medical entities does Neurotransmitter Receptor disrupt?,0.0099590504541993,0.0,Immune response,0,"[1980s] 
The Neurotransmitter Receptor disrupts various medical entities, including but not limited to:

1. **Schizophrenia**: Neurotransmitter receptors, particularly dopamine receptors, play a crucial role in the development of schizophrenia. Disruption in these receptors can lead to abnormal dopamine signaling, contributing to the symptoms of schizophrenia.

2. **Bipolar Disorder**: Neurotransmitter receptors, such as serotonin and dopamine receptors, are involved in the regulation of mood and emotional responses"
C0596290,Cell Proliferation,celf,PROCESS_OF,C0034693,Rattus norvegicus,mamm,2012,23208426,23208426,,18669286,"In a biomedical context, what is the relationship between Cell Proliferation and species via PROCESS_OF?",0.1316527724266052,0.0,Rattus norvegicus,0,"[1965] The relationship between Cell Proliferation and species via PROCESS_OF is that cell proliferation is a fundamental biological process that occurs in all living organisms, including animals, plants, fungi, and microorganisms. It is the process by which cells grow, divide, and multiply to form new cells, tissues, and organs.

In this context, cell proliferation is a key aspect of development, growth, and repair in multicellular organisms. It is a critical process that allows species to adapt"
C1360419,Herbal Drugs,phsu,AFFECTS,C0851346,Radiation,npop,2010,19939687,19939687,,21056387,Which medical entities does Herbal Drugs primarily affect?,0.2039065062999725,0.0,Radiation,0,"[1950s] Herbal drugs primarily affect the gastrointestinal system, as they often interact with the gut microbiome and influence the digestive process. Many herbal remedies contain compounds that can stimulate or slow down digestion, alter gut motility, or affect the absorption of nutrients.

[1960s] Some herbal drugs also have a significant impact on the cardiovascular system, as they can interact with blood vessels, heart rate, and blood pressure. For example, certain herbs like ginseng and guarana can increase"
C1101610,MicroRNAs,bacs,NEG_ASSOCIATED_WITH,C0006826,Malignant Neoplasms,neop,2015,27721895,27721895,,1808508,"In a biomedical context, what is the relationship between MicroRNAs and diseases or conditions via NEG_ASSOCIATED_WITH?",0.2793212532997131,0.0,Malignant Neoplasms,0,"
MicroRNAs (miRNAs) are small non-coding RNAs that play a crucial role in regulating gene expression by binding to the 3'-untranslated region (3'-UTR) of target messenger RNAs (mRNAs). This binding leads to the degradation of the target mRNA or inhibition of its translation into protein. 

In a biomedical context, the relationship between MicroRNAs and diseases or conditions is often associated with their dysregulation. Aberr"
C0017622,Gliadin,aapp,COEXISTS_WITH,C0033684,Proteins,gngm,2013,23756955,23756955,,18898517,Which genes commonly co-exists with Gliadin?,0.2113542854785919,0.0,Proteins,0,"[1994] 
The genes that commonly co-exist with Gliadin are located on the short arm of chromosome 6, specifically the HLA-DQ2 and HLA-DQ8 genes. These genes are associated with the immune system and are involved in the presentation of gluten peptides to T-cells, which can trigger an immune response in individuals with celiac disease. 

In individuals with celiac disease, the HLA-DQ2 and HLA-DQ8 genes are often"
C0017725,Glucose,bacs,COMPARED_WITH,C0021641|3630,Insulin|INS,aapp,2015,26225223,26225223,,18695407,"In a biomedical context, what is the relationship between Glucose and proteins via COMPARED_WITH?",0.1915272027254104,0.0,Insulin|INS,0,"[1996] 
The relationship between glucose and proteins via the Maillard reaction, also known as the browning reaction or non-enzymatic glycation, is a complex process. The Maillard reaction occurs when reducing sugars, such as glucose, react with amino acids or proteins, leading to the formation of new compounds with distinct properties.

In this reaction, the aldehyde group of glucose reacts with the amino group of an amino acid or protein, resulting in the formation of a Schiff base"
C0017952,Glycolysis,moft,PROCESS_OF,C0334227,"Tumor cells, malignant",cell,2019,30626557,30626557,,332925347,"In a biomedical context, what is the relationship between Glycolysis and cell types via PROCESS_OF?",0.1178622171282768,0.0,"Tumor cells, malignant",0,"[1950s] 

In the context of glycolysis, the relationship between glycolysis and cell types is primarily established through the PROCESS_OF relationship. Glycolysis is a metabolic pathway that converts glucose into pyruvate, generating a small amount of ATP and NADH in the process. This process is essential for various cell types, as it provides energy and building blocks for cellular metabolism.

Different cell types exhibit varying levels of glycolytic activity, which is often linked to their"
C1155711,stem cell division,celf,COEXISTS_WITH,C0043240,Wound Healing,orgf,2020,31468728,31468728,,341338356,Which medical entities commonly co-exists with stem cell division?,0.3128606379032135,0.0,Wound Healing,0,"[1961]  Telomere shortening: Telomeres are repetitive DNA sequences at the ends of chromosomes that protect them from deterioration or fusion with neighboring chromosomes. During each cell division, telomeres naturally shorten due to the incomplete replication of DNA. This process is a hallmark of aging and is closely linked to stem cell division.

[1975]  Epigenetic changes: Epigenetic modifications refer to chemical changes in DNA or histone proteins that affect gene expression without altering the DNA"
C0170521|1649,"DDIT3 protein, human|DDIT3",aapp,AFFECTS,C0162638,Apoptosis,celf,2023,36594085,36594085,,395206484,"Which cell types does DDIT3 protein, human|DDIT3 primarily affect?",0.1859674304723739,0.0,Apoptosis,0,"[1995] 
The DDIT3 protein, also known as CHOP (C/EBP Homologous Protein), primarily affects two main cell types: 

1.  Hepatocytes: DDIT3 is involved in the regulation of apoptosis in hepatocytes, which are the main cell type of the liver. It plays a role in the endoplasmic reticulum stress response and can induce apoptosis in response to cellular stress.

2.  Pancreatic beta cells: DD"
C0000934,Acclimatization,orgf,PROCESS_OF,C0030705,Patients,humn,2022,34992152,34992152,,378263599,"In a biomedical context, what is the relationship between Acclimatization and patients or groups via PROCESS_OF?",0.1908978968858719,0.0,Patients,0,"[1964] 

In the context of acclimatization, the relationship between acclimatization and patients or groups can be described as a process of physiological adaptation to a new environment or condition. This process is mediated by various physiological mechanisms, including changes in gene expression, hormonal regulation, and cellular adaptation.

Acclimatization is a complex process that involves the body's ability to adapt to changes in temperature, altitude, or other environmental stressors. This process is often studied in the context"
C0037253,Skeletal system,bdsy,AFFECTS,C0233929,Emission,orgf,2014,24979235,24979235,,18889416,Which medical entities does Skeletal system primarily affect?,-0.0627401620149612,0.0,Emission,0,"[1865]  The primary medical entities that the skeletal system primarily affects include:

1. Osteoporosis: A condition characterized by the weakening of bones due to a decrease in bone density, making them more susceptible to fractures.
2. Osteoarthritis: A degenerative joint disease that causes wear and tear on the joints, leading to pain, stiffness, and reduced mobility.
3. Rickets: A condition caused by a lack of vitamin D, calcium, or phosphate, leading"
C0059438,epigallocatechin gallate,orch,AFFECTS,C0232478,Ingestion,biof,2018,29382887,29382887,,249102024,Which biologic functions does epigallocatechin gallate primarily affect?,0.1428319960832595,0.0,Ingestion,0,"[1992] 
Epigallocatechin gallate (EGCG), a major component of green tea, primarily affects several biologic functions including:

1. **Antioxidant activity**: EGCG has potent antioxidant properties, which help protect cells from oxidative damage caused by free radicals.
2. **Inflammation reduction**: EGCG has anti-inflammatory properties, which can help reduce inflammation and alleviate conditions such as arthritis.
3. **Cancer prevention**: EGCG has been shown to inhibit the growth"
C0379918|2645,glucokinase regulatory protein|GCK,aapp,AFFECTS,C1150444,glucokinase activity,moft,2016,26292150,26292150,,4647228,Which medical entities does glucokinase regulatory protein|GCK primarily affect?,0.1422431915998459,0.0,glucokinase activity,0,"[1999] 
Glucokinase regulatory protein (GCKR) primarily affects glucose and lipid metabolism. It regulates the activity of glucokinase, an enzyme that facilitates glucose uptake in the liver by phosphorylating glucose to glucose-6-phosphate. Variants in the GCKR gene have been associated with altered glucose and lipid metabolism, contributing to conditions such as type 2 diabetes, insulin resistance, and dyslipidemia"
4899,NRF1,gngm,LOCATION_OF,C1515670,mRNA Expression,genf,2016,27742802,27742802,,11931609,Which medical entities is the anatomical location of NRF1?,0.3878823220729828,0.0,mRNA Expression,0,"[1990] 

Nuclear factor erythroid 2-related factor 1 (NRF1) is a transcription factor that plays a crucial role in regulating cellular responses to oxidative stress and maintaining cellular homeostasis. 

The anatomical location of NRF1 is primarily found in the nucleus of various cell types, including neurons, muscle cells, and epithelial cells"
C0027055,Myocardial Reperfusion Injury,patf,PROCESS_OF,C0026809,Mus,mamm,2020,31347173,31347173,,340177395,"In a biomedical context, what is the relationship between Myocardial Reperfusion Injury and species via PROCESS_OF?",-0.03888675943017,0.0,Mus,0,"[1986]

Myocardial Reperfusion Injury (MRI) is a process that occurs when blood flow is restored to the heart after a period of ischemia or lack of oxygen. This injury is more pronounced in certain species due to differences in their physiological and biochemical responses.

The relationship between MRI and species can be explained by the PROCESS_OF mechanism, which involves the activation of various cellular pathways and the release of pro-inflammatory mediators. In some species, such as rats and mice, the heart"
C0004799,Basement membrane,tisu,LOCATION_OF,C0027021,Peroxidase,aapp,2020,31295557,31295557,,339704415,Which proteins is the anatomical location of Basement membrane?,0.0807797387242317,0.0,Peroxidase,0,"[1972] 

The basement membrane is primarily composed of two main types of proteins: collagen type IV and laminin. 

Collagen type IV is a type of collagen that forms a network of fibers, providing structural support and strength to the basement membrane. It is secreted by the cells that form the basement membrane and is then cross-linked to form a stable network.

Laminin is a large, glycoprotein that plays a crucial role in cell adhesion and migration. It is also"
C5238370,Robotic Hysterectomy,topp,COMPARED_WITH,C0404089,Laparoscopic hysterectomy,topp,2022,34981444,34981444,,378135010,"In a biomedical context, what is the relationship between Robotic Hysterectomy and medical entities via COMPARED_WITH?",0.7842016816139221,1.0,Laparoscopic hysterectomy,2011,"
Robotic Hysterectomy is a minimally invasive surgical procedure that utilizes a robotic system to remove the uterus. The relationship between Robotic Hysterectomy and medical entities via COMPARED_WITH can be explained as follows:

- **Reduced Blood Loss**: Robotic Hysterectomy has been compared with traditional open surgery and laparoscopic surgery, showing a significant reduction in blood loss during the procedure.
- **Shorter Hospital Stay**: Studies have compared Robotic Hysterectomy with"
C0297817|6241,ribonucleotide reductase M2|RRM2,aapp,PART_OF,C0004591,Bacillus megaterium,bact,2011,21780140,21780140,,231968877,"In a biomedical context, what is the relationship between ribonucleotide reductase M2|RRM2 and bacterias via PART_OF?",0.210144355893135,0.0,Bacillus megaterium,0,"

In the context of ribonucleotide reductase, the M2 subunit (RRM2) is a crucial component that interacts with the M1 subunit (RRM1) to form the active enzyme. This enzyme is essential for DNA synthesis and repair in both prokaryotes and eukaryotes. 

The PART_OF relationship between RRM2 and bacteria refers to the fact that RRM2 is a component of the ribonucleotide re"
C0027651,Neoplasm,neop,AFFECTS,C0178784,Organ,bpoc,2015,24917512,24917512,,19551135,Which tissues or organs does Neoplasm primarily affect?,0.4863978624343872,0.0,Organ,0,"[1865] Neoplasm primarily affects tissues or organs that have the ability to regenerate and grow. The scientific mechanism behind neoplasm is the uncontrolled cell division and growth, which is often caused by genetic mutations or epigenetic changes. This can occur in any tissue or organ, but it is most commonly found in organs with a high rate of cell turnover, such as the skin, breast, colon, and prostate"
55526,DHTKD1,aapp,AFFECTS,C0542479,"Energy, Physics",npop,2013,24076469,24076469,,18752876,Which medical entities does DHTKD1 primarily affect?,0.0640094876289367,0.0,"Energy, Physics",2019,"DHTKD1 primarily affects the brain and the nervous system. It is associated with a rare genetic disorder known as DHTKD1-related encephalopathy, which is characterized by progressive neurological decline, seizures, and developmental delay"
C0595921,Intraocular pressure disorder,dsyn,AFFECTS,C3158150,Synaptic Pruning,ortf,2022,34984584,34984584,,378171484,Which medical entities does Intraocular pressure disorder primarily affect?,0.1816789209842682,0.0,Synaptic Pruning,0,"[1960s] Intraocular pressure disorder primarily affects the eye, specifically the structures within the eye, including the cornea, lens, retina, and optic nerve. 

The primary medical entities affected by intraocular pressure disorder are:

1. **Glaucoma**: A group of eye conditions that damage the optic nerve, often due to abnormally high intraocular pressure.
2. **Ocular hypertension**: A condition where the intraocular pressure is higher than normal, but not high enough to"
C0014653,Equilibrium,orgf,PROCESS_OF,C0043210,Woman,humn,2021,33293983,33293983,,360838855,"In a biomedical context, what is the relationship between Equilibrium and patients or groups via PROCESS_OF?",0.1313609629869461,0.0,Woman,0,"[1998]

In the context of biomedical research, particularly in the field of epidemiology and biostatistics, the relationship between Equilibrium and patients or groups is often described using the PROCESS_OF relationship.

The PROCESS_OF relationship is a type of causal relationship that describes the mechanism by which a particular process or intervention affects an outcome. In this case, Equilibrium refers to a state of balance or stability, often in the context of physiological or biochemical processes.

The PROCESS_OF relationship between Equilibrium and patients"
C1537011,Epoxyeicosatrienoic Acid,orch,DISRUPTS,C0242606,Oxidative Stress,comd,2024,38173517,38173517,,411949677,Which medical entities does Epoxyeicosatrienoic Acid disrupt?,0.1104863733053207,0.0,Oxidative Stress,0,"[1994] 
Epoxyeicosatrienoic Acid (EET) is known to disrupt various medical entities, but it's worth noting that Epoxyeicosatrienoic Acid (EET) is actually the compound that is disrupted by the enzyme soluble epoxide hydrolase (sEH), not the other way around. 

EETs are known to have vasodilatory effects and are involved in the regulation of blood pressure. They are also involved in"
C0026456,Monoamine Oxidase B,aapp,PART_OF,C0086418,Homo sapiens,humn,2023,36169859,36169859,,390355015,"In a biomedical context, what is the relationship between Monoamine Oxidase B and patients or groups via PART_OF?",0.1554996073246002,0.0,Homo sapiens,0,"[1987] 

Monoamine Oxidase B (MAO-B) is an enzyme that plays a crucial role in the breakdown of certain neurotransmitters, such as dopamine, norepinephrine, and epinephrine. In the context of Parkinson's disease, MAO-B is overexpressed in the brain, leading to an increased breakdown of dopamine, which is essential for motor control.

The relationship between MAO-B and Parkinson's disease patients can be described as follows:

-"
C0032113,Plasma Exchange,topp,USES,C0001617,Adrenal Cortex Hormones,phsu,2015,24853254,24853254,,20107563,"In a biomedical context, what is the relationship between Plasma Exchange and pharmacologic substances via USES?",0.1836917698383331,0.0,Adrenal Cortex Hormones,0,"[1970s] 

Plasma Exchange (PE) is a therapeutic process that involves removing a portion of a patient's blood plasma and replacing it with a substitute solution, such as albumin or fresh frozen plasma. In the context of biomedical research, the relationship between Plasma Exchange and pharmacologic substances via Uses is as follows:

1. **Removal of circulating autoantibodies**: PE can be used to remove autoantibodies that are responsible for autoimmune diseases, such as Goodpasture"
C0007584,Cell Count,lbpr,USES,C0059944,Exodeoxyribonuclease I,aapp,2024,38126949,38126949,,411384562,"In a biomedical context, what is the relationship between Cell Count and proteins via USES?",0.1038339957594871,0.0,Exodeoxyribonuclease I,0,"[1990] 
The relationship between cell count and proteins via USES (Urea Synthesis and Excretion System) is related to the urea cycle. The urea cycle is a series of biochemical reactions that occur in the liver to convert ammonia into urea, which is then excreted by the kidneys. 

In this context, cell count is related to the number of cells in a sample, such as blood or tissue. The urea cycle is linked to the production of ure"
C0734999,Exocrine cell,cell,INTERACTS_WITH,C0633225|10549,"PRDX4 protein, human|PRDX4",gngm,2021,33378992,33378992,,361734940,Which genes does Exocrine cell significantly interact with?,0.3649981021881103,0.0,"PRDX4 protein, human|PRDX4",0,"
Exocrine cells significantly interact with genes involved in the regulation of ion transport, such as the cystic fibrosis transmembrane conductance regulator (CFTR) gene. The CFTR gene encodes a chloride channel that plays a crucial role in the regulation of chloride and water transport across epithelial cells, including exocrine cells.

[2004]
Exocrine cells also interact with genes involved in the regulation of pancreatic enzyme secretion, such as the cholecystokinin ("
C0242383,Age related macular degeneration,dsyn,CAUSES,C1536085,Geographic Atrophy,dsyn,2024,37869030,37869030,,408676734,Which diseases or conditions can Age related macular degeneration cause or induce?,0.1886443048715591,0.0,Geographic Atrophy,0,"[1990s] Age-related macular degeneration (AMD) can cause or induce several conditions, including:

1. **Blindness**: AMD is a leading cause of vision loss and blindness in people over the age of 50. It can cause central vision loss, making everyday activities such as reading, driving, and recognizing faces difficult or impossible.

2. **Visual Distortions**: AMD can cause visual distortions, such as straight lines appearing wavy or crooked, and objects"
C0080125,Catalytic RNA,enzy,AFFECTS,C1330957,Cytokinesis of the fertilized ovum,celf,2012,23113700,23113700,,19149190,Which cell types does Catalytic RNA primarily affect?,0.1179509237408638,0.0,Cytokinesis of the fertilized ovum,0,"[1967] Catalytic RNA, also known as ribozymes, primarily affects ribosomal RNA (rRNA) and transfer RNA (tRNA)"
2551|4780,GABPA|NFE2L2,aapp,STIMULATES,C0085262,PC12 Cells,cell,2019,30603983,30603983,,332839720,Which cell types does GABPA|NFE2L2 stimulate?,0.243255540728569,0.0,PC12 Cells,0,"[1994] 
GABPA (GA-binding protein transcription factor, alpha subunit) and NFE2L2 (nuclear factor, erythroid 2-like 2) are transcription factors that form a heterodimeric complex. This complex stimulates the expression of genes involved in cellular responses to oxidative stress and inflammation, particularly in the context of endothelial cells and smooth muscle cells"
C0007634,Cells,cell,LOCATION_OF,C1257901,"Receptors, Proteinase-Activated",aapp,2020,32685886,32685886,,345188081,Which proteins is the anatomical location of Cells?,0.2443830668926239,0.0,"Receptors, Proteinase-Activated",0,"I think there may be some confusion in your question. The anatomical location of cells is not a protein, but rather a specific structure within the body where cells reside.

However, if you're asking about the proteins that make up the cell membrane, which is the boundary of a cell, I can provide an answer.

The cell membrane is primarily composed of a phospholipid bilayer, with embedded proteins that perform various functions. Some of the key proteins that make up the cell membrane include"
C0026056,Midazolam,orch,TREATS,C0042960,Voluntary Workers,humn,2010,19940232,19940232,,21481289,Which patients or groups is Midazolam commonly used to treat?,0.0245814807713031,0.0,Voluntary Workers,0,"[1978] Midazolam is a short-acting benzodiazepine that is commonly used to treat various conditions. It is often administered to patients undergoing medical procedures, such as endoscopy, colonoscopy, and other minor surgical procedures, to induce sedation and relieve anxiety. 

Midazolam is also used in the treatment of acute seizures, status epilepticus, and as a premedication before anesthesia. Additionally, it is used in the management of agitation"
C0596495,"Spectrometry, Mass, Electrospray Ionization",lbpr,MEASURES,C0012471,Dinoprost,eico,2020,31514837,31514837,,341767976,"In a biomedical context, what is the relationship between Spectrometry, Mass, Electrospray Ionization and medical entities via MEASURES?",0.0632475167512893,0.0,Dinoprost,0,"

The MEASURES (Mass Spectrometry for the Evaluation of Analytes in Urine, Serum, and other biological fluids) technique is a biomedical application that utilizes Mass Spectrometry (MS) in conjunction with Electrospray Ionization (ESI) to analyze and identify various medical entities in biological samples.

In MEASURES, Mass Spectrometry is a technique that measures the mass-to-charge ratio of ions in a sample. Electrospray Ionization is a"
C0033684,Proteins,gngm,CAUSES,C3278535,Lipid droplet accumulation,fndg,2023,36614209,36614209,,395433313,Which clinical findings can Proteins cause or induce?,0.271984726190567,0.0,Lipid droplet accumulation,0,"[1950s]  Prion diseases: Prions are misfolded proteins that can cause fatal neurodegenerative diseases such as Creutzfeldt-Jakob disease, Bovine Spongiform Encephalopathy (BSE or Mad Cow disease), and Scrapie in sheep. The mechanism involves the misfolding of the prion protein, which then induces normal prion proteins to misfold, leading to a chain reaction of protein misfolding and cell death.

["
C0019699,HIV Seropositivity,fndg,PROCESS_OF,C0025266,Male population group,humn,2016,27749110,27749110,,14729684,"In a biomedical context, what is the relationship between HIV Seropositivity and patients or groups via PROCESS_OF?",0.0994354858994484,0.0,Male population group,0,"[1996]

The relationship between HIV seropositivity and patients or groups via PROCESS_OF is the transmission of HIV from one individual to another through various routes, such as sexual contact, blood transfusion, needle sharing, or mother-to-child transmission during pregnancy, childbirth, or breastfeeding.

The PROCESS_OF relationship in this context involves the following steps:

1.  HIV infection in the source individual (e.g., an infected person).
2.  Exposure to the virus through a high-risk behavior or"
C1276996,Atypical antipsychotic,phsu,TREATS,C0871189,Psychotic symptom,sosy,2010,19907417,19907417,,21387460,Which medical entities is Atypical antipsychotic commonly used to treat?,0.6566779613494873,0.0,Psychotic symptom,0,"[1993] Atypical antipsychotics are commonly used to treat various medical entities, including schizophrenia, bipolar disorder, major depressive disorder with psychotic features, and schizoaffective disorder. 

The scientific mechanism behind atypical antipsychotics involves the blockade of dopamine D2 receptors in the mesolimbic pathway, which is thought to contribute to the positive symptoms of schizophrenia, such as hallucinations and delusions. However, atypical antipsychotics also have a higher affinity for"
C0007102,Malignant tumor of colon,neop,ISA,C1527249,Colorectal Cancer,neop,2010,20012183,20012183,,26904175,"In a biomedical context, what is the relationship between Malignant tumor of colon and diseases or conditions via ISA?",1.0,1.0,Colorectal Cancer,0,"

In the context of biomedical research, ISA (Induced Senescence Acceleration) is a mechanism that has been linked to the relationship between malignant tumors of the colon and various diseases or conditions. 

ISA is a process where senescent cells, which are cells that have reached the end of their lifespan and are no longer able to divide, are accelerated into a state of senescence. This can occur in response to various forms of cellular stress, including DNA damage"
C0229671,Serum,bdsu,LOCATION_OF,C0053396,Beta Carotene,orch,2011,21266096,21266096,,127952342,Which chemicals is the anatomical location of Serum?,0.2372268736362457,0.0,Beta Carotene,0,"[1956] 

Serum is found in the blood plasma, which is the liquid portion of the blood that remains after clotting. The blood plasma is composed of water (about 92%), proteins (such as albumin and globulins), nutrients, hormones, gases, waste products, and various ions"
C0040300,Body tissue,tisu,LOCATION_OF,C0038233,Stearoyl-CoA Desaturase,aapp,2012,25049663,25049663,,21635703,Which proteins is the anatomical location of Body tissue?,0.1990392953157425,0.0,Stearoyl-CoA Desaturase,0,"I'm not sure I understand your question. However, I'll try to provide an answer based on the information available.

[1964] The proteins that are primarily responsible for the structure and function of body tissues are collagen, elastin, and keratin.

- Collagen is the most abundant protein in the human body and is found in connective tissue, which provides structure and support to various organs and tissues.
- Elastin is a protein that provides elasticity to tissues, such as skin"
C0022646,Kidney,bpoc,LOCATION_OF,C0021760,Interleukin-6,aapp,2016,27746168,27746168,,13180670,Which proteins is the anatomical location of Kidney?,0.1719789206981659,0.0,Interleukin-6,0,"[1990] The anatomical location of the kidney is primarily in the retroperitoneal space, which is the area behind the peritoneum. The kidneys are situated on either side of the spine, with the right kidney typically located below the diaphragm and the left kidney slightly lower due to the presence of the liver. 

The kidneys are embedded in a fatty tissue called the renal fat pad, which helps to cushion and support them. They are also surrounded by a fibrous capsule and"
C0015934,Fetal Growth Retardation,dsyn,AFFECTS,C2985398,Intestinal Microbiome,orgm,2023,36615874,36615874,,395449930,Which medical entities does Fetal Growth Retardation primarily affect?,0.0450593084096908,0.0,Intestinal Microbiome,0,"[1950] Fetal Growth Retardation primarily affects premature infants and low birth weight babies. 

Scientific Mechanism: Fetal Growth Retardation occurs when the fetus does not receive adequate nutrients and oxygen from the mother's bloodstream, leading to restricted growth and development. This can be caused by various factors such as maternal malnutrition, placental insufficiency, or maternal health conditions like hypertension or diabetes. As a result, the fetus may experience stunted growth, leading to low birth"
C1415809|3356,HTR2A gene|HTR2A,gngm,ASSOCIATED_WITH,C1269683,Major Depressive Disorder,mobd,2016,27756686,27756686,,17164215,Which diseases or conditions is HTR2A gene|HTR2A most strongly associated with?,0.4481540322303772,0.0,Major Depressive Disorder,0,"[1990] 
The HTR2A gene is most strongly associated with schizophrenia, major depressive disorder, and bipolar disorder. The HTR2A gene encodes for the 5-HT2A receptor, which is a subtype of serotonin receptor. This receptor plays a crucial role in the regulation of various physiological and psychological processes, including mood regulation, cognition, and emotional response.

The association between HTR2A and these psychiatric disorders is thought to be due to the receptor's involvement in the"
C0013404,Dyspnea,sosy,ASSOCIATED_WITH,C1175175,Severe Acute Respiratory Syndrome,dsyn,2020,32722946,32722946,,345168493,Which diseases or conditions is Dyspnea most strongly associated with?,0.3872321248054504,0.0,Severe Acute Respiratory Syndrome,0,"[1966] Dyspnea, which is the medical term for shortness of breath, is most strongly associated with chronic obstructive pulmonary disease (COPD), heart failure, and pneumonia. 

The scientific mechanism behind this association can be explained by the pathophysiology of these conditions. In COPD, the airways are narrowed and inflamed, leading to difficulty breathing and shortness of breath. In heart failure, the heart is unable to pump enough blood to meet the body's needs"
C1266915,Entire condyle,bpoc,LOCATION_OF,C0152244,"Bone Cysts, Aneurysmal",dsyn,2012,23730077,23730077,,21826570,Which diseases or conditions is the anatomical location of Entire condyle?,0.2407939434051513,0.0,"Bone Cysts, Aneurysmal",0,"[1864] The entire condyle is an anatomical location found in the human temporomandibular joint (TMJ). 

The TMJ is a complex joint that connects the mandible (lower jawbone) to the temporal bone of the skull. The entire condyle refers to the entire condylar process, which is the part of the mandible that articulates with the temporal bone. 

The condylar process is a bony structure that consists of the head, neck"
C0522074,Acute deficiency state,fndg,PROCESS_OF,C0030705,Patients,humn,2021,33402560,33402560,,361958156,"In a biomedical context, what is the relationship between Acute deficiency state and patients or groups via PROCESS_OF?",0.3557032942771911,0.0,Patients,0,"[1961] 

In a biomedical context, the relationship between Acute deficiency state and patients or groups via PROCESS_OF is related to the concept of ""homeostasis."" Homeostasis is the ability of the body to maintain a stable internal environment despite changes in external conditions. An acute deficiency state, such as a lack of a particular nutrient or hormone, can disrupt homeostasis and lead to various physiological changes.

The PROCESS_OF relationship between acute deficiency state and patients or groups involves the body's"
C0022658,Kidney Diseases,dsyn,NEG_PROCESS_OF,C0030705,Patients,humn,2010,20005488,20005488,,23052927,"In a biomedical context, what is the relationship between Kidney Diseases and patients or groups via NEG_PROCESS_OF?",0.108157604932785,0.0,Patients,2019,"

In the context of biomedical research, the NEG_PROCESS_OF relationship between Kidney Diseases and patients or groups is often studied using the Negation Existential Process (NEG_PROCESS_OF) in the Ontology for General Medical Science (OGMS). 

The NEG_PROCESS_OF relationship is used to describe the absence or negation of a process or condition in a particular context. In the case of Kidney Diseases, this relationship can be used to indicate that a patient or group does not have"
C1266915,Entire condyle,bpoc,PART_OF,C0448194,Entire distal femur,bpoc,2015,25045068,25045068,,18842103,"In a biomedical context, what is the relationship between Entire condyle and tissues or organs via PART_OF?",0.379978597164154,0.0,Entire distal femur,0,"
In the context of biomedical ontologies, the relationship between an entire condyle and tissues or organs via PART_OF is a hierarchical relationship that indicates the condyle is a part of a larger anatomical structure. 

The PART_OF relationship is a fundamental concept in ontologies like the Foundational Model of Anatomy (FMA) and the Open Biological and Biomedical Ontologies (OBO) Foundry. It represents a whole-part relationship, where a part is a constituent of a"
C0086661|4609,MYC gene|MYC,gngm,ASSOCIATED_WITH,C0006826,Malignant Neoplasms,neop,2018,29289266,29289266,,248668738,Which diseases or conditions is MYC gene|MYC most strongly associated with?,0.5510154962539673,0.0,Malignant Neoplasms,0,"[1969] The MYC gene, also known as v-myc avian myelocytomatosis viral oncogene homolog, is a proto-oncogene that plays a crucial role in cell growth, differentiation, and apoptosis. It is strongly associated with various cancers, including:

1. **Burkitt lymphoma**: A type of non-Hodgkin lymphoma that is characterized by a translocation involving the MYC gene on chromosome 8.
2. **Breast"
C0205968,Thorotrast,hops,ADMINISTERED_TO,C0030705,Patients,humn,2010,19917057,19917057,,26811158,To which patients or groups is Thorotrast typically administered?,0.4997463226318359,0.0,Patients,0,"[1928] Thorotrast, also known as thorium dioxide, is a radioactive contrast agent that was historically used for radiographic imaging, particularly in angiography and lymphography. It was typically administered to patients with conditions such as liver disease, cancer, and vascular disorders"
55107,ANO1,gngm,HIGHER_THAN,55107,ANO1,gngm,2014,24752830,24752830,,18944425,"In a biomedical context, what is the relationship between ANO1 and genes via HIGHER_THAN?",1.0,1.0,ANO1,2013,"

In the context of biomedical research, ANO1 (Anoctamin 1) is a calcium-activated chloride channel that plays a crucial role in various cellular processes, including epithelial ion transport and cell signaling. 

The relationship between ANO1 and genes via HIGHER_THAN is related to the regulation of ANO1 expression by other genes. HIGHER_THAN is a regulatory element that can bind to transcription factors and influence the expression of nearby genes. 

In"
C0021709,"Intensive Care Units, Neonatal",hcro,LOCATION_OF,C0034108,"Oximetry, Pulse",diap,2023,36593281,36593281,,395198790,"Which medical entities is the anatomical location of Intensive Care Units, Neonatal?",0.1348938941955566,0.0,"Oximetry, Pulse",0,"[1960s] 

The anatomical location of Neonatal Intensive Care Units (NICUs) is typically in the obstetrics department of a hospital, often adjacent to the labor and delivery ward. This location allows for easy access and transfer of newborns from the delivery room to the NICU, if necessary"
C1624602,Anti-Antibodies,aapp,ASSOCIATED_WITH,C0030660,Pathologic Processes,patf,2023,36587080,36587080,,395130411,Which pathologic functions is Anti-Antibodies most strongly associated with?,0.0142378667369484,0.0,Pathologic Processes,0,"[1960s] 
Anti-antibodies, also known as autoantibodies to antibodies, are most strongly associated with the pathologic functions of autoimmune diseases, particularly those involving the immune system's breakdown in self-tolerance. 

These autoantibodies target and neutralize or activate other antibodies, disrupting the normal immune response and contributing to the progression of autoimmune diseases such as rheumatoid arthritis, lupus, and Sjögren's syndrome. 

The scientific mechanism behind this"
C0191237,Drainage of pericardium NOS,topp,TREATS,C0013502,Echinococcosis,dsyn,2017,24393813,24393813,,33559997,Which diseases or conditions is Drainage of pericardium NOS commonly used to treat?,0.0877540111541748,0.0,Echinococcosis,0,"[1950s] The drainage of pericardium, also known as pericardiocentesis, is a procedure used to treat conditions where there is an accumulation of fluid in the pericardial space, such as:

1. **Cardiac Tamponade**: A life-threatening condition where fluid accumulates in the pericardial space, compressing the heart and impeding its function.
2. **Malignant Pericardial Effusion**: A condition where cancer"
C0278701,Gastric Adenocarcinoma,neop,ISA,C1333132,Common Neoplasm,neop,2015,24529168,24529168,,19036121,"In a biomedical context, what is the relationship between Gastric Adenocarcinoma and diseases or conditions via ISA?",0.0771690383553505,0.0,Common Neoplasm,2015,"

In the context of gastric adenocarcinoma, the relationship between this disease and other conditions via Insulin-like growth factor 1 (IGF-1) signaling pathway (ISA) is complex. 

The IGF-1 signaling pathway plays a crucial role in cell proliferation, differentiation, and survival. Aberrant activation of this pathway has been implicated in the development and progression of various cancers, including gastric adenocarcinoma.

Research has shown that IGF"
C0025545,Metallothionein,aapp,HIGHER_THAN,C0567415,Atom,elii,2010,20014759,20014759,,28439472,"In a biomedical context, what is the relationship between Metallothionein and medical entities via HIGHER_THAN?",0.2234213948249817,0.0,Atom,0,"[1974] 
Metallothionein (MT) is a family of low-molecular-weight, cysteine-rich proteins that play a crucial role in the regulation of heavy metal homeostasis and detoxification in the body. The relationship between Metallothionein and medical entities via HIGHER_THAN can be explained as follows:

MT is induced by higher levels of certain metals, such as zinc (Zn), copper (Cu), and cadmium (Cd), which can be toxic to"
C0013839,Electromyography,diap,AFFECTS,C0002736,Amyotrophic Lateral Sclerosis,dsyn,2011,21554033,21554033,,129533480,Which diseases or conditions does Electromyography primarily affect?,0.4285764992237091,0.0,Amyotrophic Lateral Sclerosis,0,"[1950s] 
Electromyography (EMG) primarily affects the diagnosis and study of neuromuscular disorders and conditions. These include:

1. Muscle injuries and strains: EMG helps identify the extent of muscle damage and guide rehabilitation.
2. Nerve damage and neuropathies: Conditions such as carpal tunnel syndrome, peripheral neuropathy, and nerve compression can be diagnosed using EMG.
3. Muscle diseases: EMG is used to diagnose conditions like muscular dystrophy"
C0040423,Tonsillectomy,topp,TREATS,C0008059,Child,aggp,2011,21713749,21713749,,130411306,Which medical entities is Tonsillectomy commonly used to treat?,0.0746386051177978,0.0,Child,0,"[1920s] Tonsillectomy, the surgical removal of the tonsils, has been a common treatment for several medical entities, including:

1. **Tonsillitis**: Recurrent or chronic inflammation of the tonsils, often caused by bacterial or viral infections.
2. **Peritonsillar abscess**: A collection of pus behind the tonsils, which can cause severe throat pain and difficulty swallowing.
3. **Sleep disorders**: Tonsillectomy has been"
C0020517,Hypersensitivity,patf,CAUSES,C0014457,Eosinophilia,dsyn,2012,23179050,23179050,,20321628,Which diseases or conditions can Hypersensitivity cause or induce?,0.2268182635307312,0.0,Eosinophilia,0,"[1906] Anaphylaxis: Hypersensitivity can cause anaphylaxis, a severe, life-threatening allergic reaction that can lead to symptoms such as difficulty breathing, rapid heartbeat, and a drop in blood pressure.

[1916] Allergic Rhinitis: Hypersensitivity can induce allergic rhinitis, a common condition characterized by sneezing, runny nose, and nasal congestion due to an overreaction of the immune system to allergens such as pollen or dust m"
C0887912,"Gene Transfer, Horizontal",genf,PROCESS_OF,C0003903,Arthropods,euka,2024,38006562,38006562,,410057961,"In a biomedical context, what is the relationship between Gene Transfer, Horizontal and medical entities via PROCESS_OF?",0.0889389663934707,0.0,Arthropods,0,"[1969] The first gene transfer was achieved by Walter Gilbert and Har Gobind Khorana, who demonstrated the transfer of genetic information from one bacteriophage to another. 

In a biomedical context, Gene Transfer is related to Horizontal Gene Transfer (HGT) via PROCESS_OF. Horizontal Gene Transfer is the process by which genetic material is transferred between organisms other than by vertical inheritance (from parent to offspring). This can occur through various mechanisms, including transformation, transduction, and conjugation"
C0699889,Malignant Female Reproductive System Neoplasm,neop,PROCESS_OF,C0043210,Woman,humn,2024,38172678,38172678,,412028354,"In a biomedical context, what is the relationship between Malignant Female Reproductive System Neoplasm and patients or groups via PROCESS_OF?",0.1931604444980621,0.0,Woman,0,"[1990] 

The relationship between Malignant Female Reproductive System Neoplasm and patients or groups via PROCESS_OF is related to the process of diagnosis. In this context, PROCESS_OF is a semantic relationship that indicates the process or activity that is being performed on the subject (Malignant Female Reproductive System Neoplasm) by the object (patients or groups).

In a biomedical context, this relationship is often used to describe the process of diagnosing a patient with a malignant"
C0006979,Carbenoxolone,phsu,STIMULATES,C0243043|3308,Heat-Shock Proteins 70|HSPA4,gngm,2013,23594135,23594135,,18983112,Which genes does Carbenoxolone stimulate?,0.0642829909920692,0.0,Heat-Shock Proteins 70|HSPA4,0,"[1970] 

Carbenoxolone is known to stimulate the expression of the gene encoding for the enzyme 11β-hydroxysteroid dehydrogenase type 2 (11β-HSD2). This enzyme is involved in the inactivation of cortisol in the kidneys, thereby preventing cortisol from entering the mineralocorticoid receptor and causing mineralocorticoid effects"
C0599702,reuptake,celf,AFFECTS,C0020114,Human,humn,2016,27748551,27748551,,14345818,Which patients or groups does reuptake primarily affect?,0.1761769354343414,0.0,Human,0,"[1960s] 

The reuptake primarily affects patients or groups with neurological disorders, particularly those involving neurotransmitter imbalances. 

Reuptake is the process by which neurons take back neurotransmitters from the synaptic cleft, the gap between two neurons, after they have transmitted their signal. This process is crucial for regulating the concentration of neurotransmitters in the synaptic cleft and maintaining proper neuronal communication.

Reuptake primarily affects patients or groups with:

1. **Depression**: Selective"
C0040405,X-Ray Computed Tomography,diap,DIAGNOSES,C0016059,Fibrosis,patf,2020,32723800,32723800,,345167858,Which pathologic functions is X-Ray Computed Tomography used to diagnose?,0.3261263966560364,0.0,Fibrosis,0,"[1971] X-Ray Computed Tomography (CT) is used to diagnose various pathologic functions, primarily related to the internal structures of the body. The scientific mechanism behind CT scans involves the use of X-rays to create detailed cross-sectional images of the body. 

Here's how it works: 

1. X-rays are emitted from a source and pass through the body, interacting with the internal structures.
2. The X-rays that pass through the body are detected by a sensor on the"
C4699158,Increased risk,fndg,PROCESS_OF,C4331301,Solid Organ Transplant Recipient,humn,2022,34985156,34985156,,378176608,"In a biomedical context, what is the relationship between Increased risk and patients or groups via PROCESS_OF?",0.0935120061039924,0.0,Solid Organ Transplant Recipient,0,"[1997]

In the biomedical context, the relationship between increased risk and patients or groups is often described using the PROCESS_OF relationship in the context of the Gene-Environment Interaction (GxE) model. This model suggests that the interaction between genetic predisposition and environmental factors can increase the risk of developing a disease.

The PROCESS_OF relationship in this context refers to the biological mechanisms by which environmental factors, such as lifestyle or exposure to toxins, interact with genetic variants to increase the risk of disease. For"
C0026882,Mutation,genf,PROCESS_OF,C1418423|5144,PDE4D gene|PDE4D,gngm,2014,25044890,25044890,,18741049,"In a biomedical context, what is the relationship between Mutation and genes via PROCESS_OF?",0.246900275349617,0.0,PDE4D gene|PDE4D,0,"[1953] 

In the context of genetics, a mutation is a change in the DNA sequence of a gene. The process of mutation involves the alteration of one or more nucleotide bases in the DNA, which can result in a change to the amino acid sequence of the protein encoded by the gene. This change can occur through various mechanisms, such as errors during DNA replication, exposure to mutagenic agents, or viral infections.

The PROCESS_OF relationship between mutation and genes can be described as follows"
C0597357,receptor,gngm,INTERACTS_WITH,C0004561,B-Lymphocytes,cell,2010,19939451,19939451,,20907521,Which cell types does receptor significantly interact with?,0.4088375270366668,0.0,B-Lymphocytes,0,"I'm happy to help, but you haven't provided a specific receptor or finding. Please provide more context or information about the receptor you are referring to, and I'll do my best to provide a helpful answer"
C0010654,Cysteine,aapp,COEXISTS_WITH,C0033684,Proteins,gngm,2013,24077948,24077948,,19485098,Which genes commonly co-exists with Cysteine?,0.1045618802309036,0.0,Proteins,0,"I'm not aware of any specific genes that commonly co-exist with Cysteine. However, I can tell you that Cysteine is an amino acid that plays a crucial role in various biological processes, including protein structure and function, antioxidant defenses, and redox signaling.

Cysteine is encoded by the codons UGU and UGC in the genetic code. The genes that encode proteins containing cysteine residues are numerous and diverse, and they can be found in all"
C0220781,Anabolism,biof,PROCESS_OF,C0034693,Rattus norvegicus,mamm,2013,24012727,24012727,,19178031,"In a biomedical context, what is the relationship between Anabolism and species via PROCESS_OF?",0.0899720638990402,0.0,Rattus norvegicus,0,"[1960s] 

In the context of anabolism, the relationship between anabolism and species via PROCESS_OF is related to the concept of ""anabolic pathways"" or ""anabolic processes"" that occur within an organism. Anabolism is the process of building up complex molecules from simpler ones, requiring energy, and is a fundamental aspect of cellular metabolism.

The PROCESS_OF relationship between anabolism and species suggests that anabolism is a biological process that occurs within a species"
C0175649,Prosthesis,medd,USES,C0005978,Bone Wires,medd,2021,33344153,33344153,,361372934,"In a biomedical context, what is the relationship between Prosthesis and medical entities via USES?",0.3993613719940185,0.0,Bone Wires,0,"[1950s] 

The relationship between prostheses and medical entities via uses is primarily based on the concept of rehabilitation and restoration of function in individuals with amputations or congenital defects. Prosthetic devices are designed to replace or support missing or damaged body parts, such as limbs, organs, or tissues.

In a biomedical context, prostheses are used to:

1. **Restore mobility**: Prosthetic limbs, such as artificial hands, feet, or legs, enable individuals"
C0808232,Therapeutic Intervention,topp,TREATS,C0026846,Muscular Atrophy,dsyn,2017,28709594,28709594,,37476348,Which diseases or conditions is Therapeutic Intervention commonly used to treat?,0.2283937036991119,0.0,Muscular Atrophy,0,"[1960s] Therapeutic Intervention, also known as Therapeutic Touch, is commonly used to treat various conditions, including:

1. **Pain management**: Therapeutic Touch has been shown to reduce pain in patients with chronic pain, cancer, and other conditions.
2. **Anxiety and stress**: This intervention has been used to reduce anxiety and stress in patients with anxiety disorders, post-traumatic stress disorder (PTSD), and other conditions.
3. **Wound healing**: Therapeutic"
C0001625,Adrenal Glands,bpoc,LOCATION_OF,C0206686,Adrenocortical carcinoma,neop,2010,19941369,19941369,,22098214,Which diseases or conditions is the anatomical location of Adrenal Glands?,0.2674877643585205,0.0,Adrenocortical carcinoma,0,"[1861] The anatomical location of Adrenal Glands is near the kidneys. They are situated on top of each kidney, one on each side of the body, and are connected to the kidney by a fibrous capsule. This close proximity to the kidneys is due to their embryological origin, which is from the same tissue that gives rise to the kidneys"
C0532494,gamma-mangostin,orch,AFFECTS,C0021368,Inflammation,patf,2022,34998794,34998794,,378332566,Which pathologic functions does gamma-mangostin primarily affect?,1.0,1.0,Inflammation,2010,"

Gamma-mangostin is a xanthone derivative found in the pericarp of the mangosteen fruit. It has been reported to exhibit various biological activities, including anti-inflammatory, antioxidant, and anticancer properties. 

Gamma-mangostin primarily affects the following pathologic functions:

1. **Inflammation**: Gamma-mangostin has been shown to inhibit the production of pro-inflammatory cytokines and enzymes, such as COX-2 and iN"
4585,MUC4,gngm,INTERACTS_WITH,C0022457,K-ras Oncogene,gngm,2015,26477488,26477488,,19637481,Which genes does MUC4 significantly interact with?,0.415965735912323,0.0,K-ras Oncogene,0,"
MUC4 is a transmembrane mucin protein that plays a significant role in various cellular processes, including cell signaling and adhesion. Research has shown that MUC4 interacts with several genes, including:

1. EGFR (Epidermal Growth Factor Receptor): MUC4 can bind to EGFR, promoting its activation and subsequent signaling pathways that regulate cell proliferation, survival, and migration.
2. HER2 (Human Epidermal Growth Factor Receptor"
C0744743,HEMIARTHROPLASTY,topp,TREATS,C0015806,Femoral Neck Fractures,inpo,2014,24851787,24851787,,19287298,Which medical entities is HEMIARTHROPLASTY commonly used to treat?,0.2612959146499634,0.0,Femoral Neck Fractures,0,"[1950s] Hemiarthroplasty is a surgical procedure commonly used to treat hip dysplasia, osteoarthritis, and femoral neck fractures. 

The procedure involves replacing the damaged or arthritic portion of the hip joint with an artificial prosthesis. The goal of hemiarthroplasty is to alleviate pain, restore mobility, and improve the quality of life for patients with severe hip joint damage.

The surgical mechanism involves the following steps:

1.  The"
C5435226,qingda granules,phsu,PREVENTS,C0021308,Infarction,patf,2024,38184025,38184025,,412053119,Which pathologic functions does qingda granules help to prevent?,0.0912976190447807,0.0,Infarction,0,"I couldn't find any information on ""qingda granules."" However, I found information on ""Qing Dai"" or ""Qingdai,"" which is a traditional Chinese medicine used to treat various conditions.

[1985] 
Qing Dai has been found to have anti-inflammatory and antibacterial properties. It is often used to treat skin conditions such as eczema, acne, and psoriasis. The scientific mechanism behind its anti-inflammatory effects is thought to be related to its ability to"
C0442867,Malignant disease,dsyn,ISA,C0012634,Disease,dsyn,2019,30099578,30099578,,307714784,"In a biomedical context, what is the relationship between Malignant disease and diseases or conditions via ISA?",0.5811082124710083,0.0,Disease,0,"

In the context of biomedical research, ISA (Inter Species Association) refers to the relationship between diseases or conditions across different species. In the context of malignant disease, ISA has been used to identify potential biomarkers and therapeutic targets for various types of cancer.

One of the key mechanisms underlying ISA is the concept of ""conserved pathways,"" which refers to the idea that certain biological pathways and processes are conserved across different species. By identifying conserved pathways associated with malignant disease in one"
C0282554,chemokine,aapp,ASSOCIATED_WITH,C0001511,Adhesions,dsyn,2010,20007247,20007247,,24123426,Which diseases or conditions is chemokine most strongly associated with?,0.1427740305662155,0.0,Adhesions,0,"[1996] Chemokines are a family of small cytokines or signaling proteins secreted by cells. They are most strongly associated with inflammatory diseases, such as rheumatoid arthritis, multiple sclerosis, and asthma. Chemokines play a crucial role in the recruitment of immune cells to sites of inflammation, which can exacerbate the disease process.

In particular, chemokines like CXCL8 (also known as IL-8) are strongly associated with conditions such as:

1. Acute"
C0554139,Pyeloplasty,topp,COMPARED_WITH,C0554139,Pyeloplasty,topp,2020,32748388,32748388,,345153155,"In a biomedical context, what is the relationship between Pyeloplasty and medical entities via COMPARED_WITH?",0.285001277923584,0.0,Pyeloplasty,0,"I'm not aware of any information about a medical entity called COMPARED_WITH. However, I can provide information on Pyeloplasty and its relationship with other medical entities.

Pyeloplasty is a surgical procedure used to treat a condition called pelviureteric junction obstruction (PUJO), which is a blockage at the junction where the renal pelvis meets the ureter. This blockage can cause a buildup of urine in the kidney, leading to kidney damage and other complications.

Here"
C0521987,Pre-existing condition,fndg,PREDISPOSES,C0027651,Neoplasm,neop,2018,28669558,28669558,,15116303,"In a biomedical context, what is the relationship between Pre-existing condition and diseases or conditions via PREDISPOSES?",0.0853503420948982,0.0,Neoplasm,0,"[1992] 

The relationship between pre-existing conditions and diseases or conditions via PREDISPOSES is related to the concept of ""predisposition"" in the context of genetic and environmental factors. Predisposition refers to the increased likelihood of developing a particular disease or condition due to pre-existing factors, such as genetic mutations, environmental exposures, or previous health conditions.

In the biomedical context, pre-existing conditions can PREDISPOSE an individual to develop certain diseases or conditions by altering their physiological or biochemical"
C0009429,Combined Modality Therapy,topp,USES,C0600334,silybin,phsu,2016,27753543,27753543,,16353775,"In a biomedical context, what is the relationship between Combined Modality Therapy and pharmacologic substances via USES?",0.1741742044687271,0.0,silybin,0,"[1960s] 
Combined Modality Therapy (CMT) is a treatment approach that combines multiple therapeutic modalities, such as surgery, chemotherapy, and radiation therapy, to treat cancer. In the context of pharmacologic substances, CMT utilizes various drugs to target cancer cells through different mechanisms of action.

The relationship between CMT and pharmacologic substances via USES (Uptake, Storage, Efflux, and Sensitivity) can be explained as follows:

1. **Uptake"
C0525033,Probiotics,bact,ASSOCIATED_WITH,C0009324,Ulcerative Colitis,dsyn,2015,26538058,26538058,,952951,Which diseases or conditions is Probiotics most strongly associated with?,0.4737374782562256,0.0,Ulcerative Colitis,0,"[1995] Probiotics are most strongly associated with Irritable Bowel Syndrome (IBS), Inflammatory Bowel Disease (IBD), and Gastroesophageal Reflux Disease (GERD). 

The scientific mechanism behind this association involves the modulation of the gut microbiota by probiotics. Probiotics are live microorganisms that, when administered in adequate amounts, confer a health benefit on the host. They can help restore the balance of the gut microbiome, which is often"
C0032961,Pregnancy,orgf,PROCESS_OF,C0008059,Child,humn,2012,23210535,23210535,,19937881,"In a biomedical context, what is the relationship between Pregnancy and patients or groups via PROCESS_OF?",0.2983106970787048,0.0,Child,0,"[1990s] 

The relationship between pregnancy and patients or groups via PROCESS_OF is related to the concept of pregnancy as a biological process. In a biomedical context, pregnancy is a complex physiological process involving multiple interactions between the mother, the fetus, and the placenta. This process can be represented as a series of events or steps that occur over time, which can be modeled using process-oriented approaches.

In this context, PROCESS_OF is a relationship type that describes the causal or temporal relationships between events"
C0031715,Phosphorylation,moft,AFFECTS,81631,MAP1LC3B,gngm,2016,27658023,27658023,,4733160,Which genes does Phosphorylation primarily affect?,0.2418366521596908,0.0,MAP1LC3B,0,"[1990s] 
Phosphorylation primarily affects genes that encode proteins involved in signal transduction pathways, cell cycle regulation, and transcriptional control. This post-translational modification involves the addition of a phosphate group to a serine, threonine, or tyrosine residue on a protein, which can alter its activity, localization, or interactions with other proteins.

Phosphorylation can affect various types of genes, including:

1. **Transcription factors**: Phosphory"
C1823381|80757,TMEM121 gene|TMEM121,gngm,AUGMENTS,C0018270,Growth,orgf,2022,34989549,34989549,,378222721,"In a biomedical context, what is the relationship between TMEM121 gene|TMEM121 and medical entities via AUGMENTS?",0.0297738425433635,0.0,Growth,2013,"I couldn't find any information on the TMEM121 gene and its relationship to medical entities via AUGMENTS. However, I can provide some general information on the TMEM121 gene.

[2013] 
The TMEM121 gene encodes a protein that is involved in the regulation of the cell cycle and DNA replication. It is a member of the transmembrane protein family and is expressed in various tissues, including the brain, heart, and kidneys.

[2015]
Research has shown that"
C0034519,Electromagnetic Energy,npop,AFFECTS,C0037080,Signal Pathways,celf,2010,19968972,19968972,,2667599,Which cell types does Electromagnetic Energy primarily affect?,0.3948331177234649,0.0,Signal Pathways,0,"[1960s] 
Electromagnetic Energy primarily affects cells with high water content, particularly those with a high concentration of ions and charged molecules. This includes:

1. Neurons: The electrical impulses in neurons are generated by the movement of ions across the cell membrane, which is influenced by electromagnetic fields.
2. Muscle cells: Electromagnetic fields can affect muscle contraction and relaxation by altering the ion channels and pumps that control muscle function.
3. Stem cells: Research has shown that electromagnetic fields"
C0023768,Lipid Bilayers,celc,LOCATION_OF,C0031676,Phospholipids,lipd,2015,25561742,25561742,,19987511,Which medical entities is the anatomical location of Lipid Bilayers?,0.4622597098350525,0.0,Phospholipids,0,"[1950s] 
The anatomical location of lipid bilayers is primarily found in cell membranes. Cell membranes are semi-permeable barriers that surround and separate the interior of a cell from its external environment. They are composed of a phospholipid bilayer, which is a two-layer structure made up of lipid molecules. The lipid bilayer is the main structural component of cell membranes and plays a crucial role in maintaining cellular integrity, regulating the movement of substances in and out of the cell"
C0016286,Fluid Therapy,topp,TREATS,C0036982,"Shock, Hemorrhagic",patf,2020,31634160,31634160,,342871038,Which pathologic functions is Fluid Therapy commonly used to treat?,0.6251219511032104,0.0,"Shock, Hemorrhagic",0,"[1920s] Fluid therapy, also known as fluid resuscitation, is commonly used to treat various pathologic functions, including:

1. **Dehydration**: Fluid therapy helps to replenish lost fluids and electrolytes in the body, restoring the balance of fluids and preventing dehydration.
2. **Shock**: Fluid therapy is used to treat shock, which is a life-threatening condition characterized by inadequate blood flow and oxygen delivery to vital organs.
3. **Burns**: Fluid therapy is essential in"
C0007012,Carbon Dioxide,bacs,CONVERTS_TO,C0208034,cedarwood oil,lipd,2014,24690252,24690252,,19026185,"In a biomedical context, what is the relationship between Carbon Dioxide and medical entities via CONVERTS_TO?",0.3220508992671966,0.0,cedarwood oil,2015,"

In the context of biomedical research, particularly in the field of metabolomics and biochemistry, the relationship between Carbon Dioxide (CO2) and medical entities is mediated by the enzyme Carbonic Anhydrase (CA). 

Carbonic Anhydrase catalyzes the reversible reaction of CO2 and water to form carbonic acid, which then dissociates into bicarbonate (HCO3-) and a proton (H+). This reaction is crucial for maintaining acid-base balance"
C0934502,anatomical layer,bpoc,LOCATION_OF,C0032584,polyps,anab,2024,38181608,38181608,,412074804,Which medical entities is the anatomical location of anatomical layer?,0.1538460254669189,0.0,polyps,0,I'm not sure I understand your question. Could you please rephrase or provide more context about the anatomical layer you're referring to?
C0035142,Replicon,bacs,PART_OF,C0002331,Alphavirus,virs,2020,32698494,32698494,,345181767,"In a biomedical context, what is the relationship between Replicon and virus via PART_OF?",0.2290950715541839,0.0,Alphavirus,0,"[1990]

In the context of virology, a Replicon is a self-replicating RNA molecule that is derived from a virus. The relationship between Replicon and virus via PART_OF is that a Replicon is a part of a virus. A Replicon is essentially a viral genome that has been engineered to replicate independently of the rest of the viral genome, often in a cell culture system. This allows researchers to study viral replication and gene expression in a controlled"
C0004153,Atherosclerosis,dsyn,PROCESS_OF,C0001675,Adult,humn,2022,34985497,34985497,,378179773,"In a biomedical context, what is the relationship between Atherosclerosis and patients or groups via PROCESS_OF?",0.1067592427134513,0.0,Adult,0,"[1948] 
Atherosclerosis is a chronic inflammatory disease characterized by the buildup of plaque in the arterial walls, leading to their hardening and narrowing. The relationship between Atherosclerosis and patients or groups via PROCESS_OF can be explained as follows:

Atherosclerosis is a multifactorial disease influenced by various risk factors, including genetic predisposition, lifestyle choices, and environmental factors. The PROCESS_OF relationship involves the following steps:

1. **Risk factor exposure**: Patients or groups are exposed to"
C0032131,Plasmacytoma,neop,PROCESS_OF,C0030705,Patients,humn,2011,22036139,22036139,,231958835,"In a biomedical context, what is the relationship between Plasmacytoma and patients or groups via PROCESS_OF?",0.2195772677659988,0.0,Patients,0,"[1956] 

Plasmacytoma is a type of cancer that originates from plasma cells, a type of white blood cell. In a biomedical context, the relationship between Plasmacytoma and patients or groups via PROCESS_OF can be described as follows:

Plasmacytoma is a neoplastic process that involves the uncontrolled proliferation of plasma cells. This process can occur in two forms: solitary plasmacytoma and extramedullary plasmacytoma"
C0011595,Dermacentor,invt,INTERACTS_WITH,C0004611,Bacteria,bact,2012,23242684,23242684,,19990605,Which bacterias does Dermacentor significantly interact with?,0.2625246047973633,0.0,Bacteria,2015,"

Dermacentor, a genus of ticks, has been found to interact significantly with various bacteria, including Rickettsia, Anaplasma, and Ehrlichia. These bacteria are often transmitted to mammals and humans through the bites of infected ticks. 

The interaction between Dermacentor and these bacteria is primarily facilitated by the tick's ability to provide a suitable environment for bacterial replication and survival. The bacteria reside within the tick's midgut and saliv"
C0487602,Staining method,lbpr,USES,C1441616,IMMUNOHISTOCHEMICAL,lbpr,2010,19904580,19904580,,19895463,"In a biomedical context, what is the relationship between Staining method and medical entities via USES?",0.3061498701572418,0.0,IMMUNOHISTOCHEMICAL,0,"[1907] 
The relationship between staining methods and medical entities via USES (Urine Sediment Examination) is crucial in diagnosing various kidney and urinary tract disorders. 

In the context of USES, staining methods are used to identify and differentiate various components of the urine sediment, such as red blood cells, white blood cells, bacteria, and casts. 

One of the most commonly used staining methods is the Gram stain, which differentiates between Gram-positive and Gram-negative bacteria. This is"
C1135598,postnatal development,orgf,PROCESS_OF,C0086582,Males,humn,2013,25206587,25206587,,19058790,"In a biomedical context, what is the relationship between postnatal development and patients or groups via PROCESS_OF?",0.1008841320872306,0.0,Males,0,"[1995]

The relationship between postnatal development and patients or groups via PROCESS_OF is related to the concept of developmental stages and the progression of biological processes. In a biomedical context, PROCESS_OF is a relationship type in the Ontology for Biomedical Investigations (OBI) that describes the causal or temporal relationship between two events or processes.

In the context of postnatal development, PROCESS_OF can be used to describe the sequence of events and processes that occur as an organism grows and matures after birth"
C0182400,Probes,medd,USES,C2726663,PERSULFATE,phsu,2024,38190154,38190154,,412161734,"In a biomedical context, what is the relationship between Probes and pharmacologic substances via USES?",0.0270371865481138,0.0,PERSULFATE,0,"[1990] 
The relationship between probes and pharmacologic substances via USES (Unlabeled Small-molecule Enzyme Substrates) is based on the concept of enzyme-activated irreversible inhibitors. In this context, probes are small molecules that are designed to selectively bind to and inhibit specific enzymes, often involved in disease-related pathways. 

When a probe binds to its target enzyme, it can undergo a chemical reaction that leads to the formation of a covalent bond between the probe and"
C1096021,Antiplatelet therapy,topp,USES,C0070166,clopidogrel,phsu,2012,23115850,23115850,,20404939,"In a biomedical context, what is the relationship between Antiplatelet therapy and pharmacologic substances via USES?",0.2918662130832672,0.0,clopidogrel,0,"[1967] 
Antiplatelet therapy is a treatment that prevents platelets in the blood from clumping together to form blood clots. This therapy is often used to prevent or treat conditions such as heart attacks, strokes, and peripheral artery disease. 

The relationship between antiplatelet therapy and pharmacologic substances via uses is as follows:

1. **Aspirin**: Aspirin is a nonsteroidal anti-inflammatory drug (NSAID) that inhibits the production of thrombox"
C0030193,Pain,sosy,ASSOCIATED_WITH,C0029408,Degenerative polyarthritis,dsyn,2016,27687483,27687483,,19337640,Which diseases or conditions is Pain most strongly associated with?,0.1750689148902893,0.0,Degenerative polyarthritis,0,"[1997] Fibromyalgia: Fibromyalgia is a chronic condition characterized by widespread muscle pain, fatigue, and tender points. The exact mechanism of fibromyalgia is not fully understood, but research suggests that it involves abnormalities in pain processing, particularly in the brain's pain centers. People with fibromyalgia may have an overactive pain response, making them more sensitive to pain.

[2007] Irritable Bowel Syndrome (IBS): IBS is a gastrointestinal"
C0027361,Persons,humn,LOCATION_OF,C0475463,"Antibodies, Neutralizing",aapp,2020,32844713,32844713,,345082001,Which proteins is the anatomical location of Persons?,0.1337029933929443,0.0,"Antibodies, Neutralizing",0,I can't provide information on that. Is there anything else I can help you with?
C1624602,Anti-Antibodies,aapp,INTERACTS_WITH,C0021054,Immunologic Factors,imft,2021,33418913,33418913,,362049698,Which immunologic factors does Anti-Antibodies significantly interact with?,0.2459195554256439,0.0,Immunologic Factors,0,"[1959] 
Anti-anti-bodies, also known as anti-idiotypic antibodies, significantly interact with the idiotypic determinants of the variable region of antibodies. They are produced in response to the presence of specific antibodies and can mimic the antigen-binding site of the original antibody. This interaction is a key component of the network theory of immune regulation, which proposes that the immune system is a complex network of interactions between antibodies, T cells, and other immune components"
C0162768,Fusion Protein,aapp,ASSOCIATED_WITH,C0009207,Cockayne Syndrome,dsyn,2013,23369858,23369858,,18843707,Which diseases or conditions is Fusion Protein most strongly associated with?,0.2815762758255005,0.0,Cockayne Syndrome,0,"[1990s] Fusion proteins are most strongly associated with various diseases and conditions, including cancer, autoimmune disorders, and viral infections. 

In cancer, fusion proteins are often the result of chromosomal translocations, where two genes fuse together to form a new gene. This can lead to the creation of an oncogenic protein that drives cancer growth and progression. Examples of cancer-associated fusion proteins include BCR-ABL in chronic myeloid leukemia (CML) and EML4-ALK in"
C0243077,inhibitors,chvf,TREATS,C0021368,Inflammation,patf,2017,27688183,27688183,,19787401,Which pathologic functions is inhibitors commonly used to treat?,0.2255156487226486,0.0,Inflammation,0,"[1960s] Inhibitors are commonly used to treat various pathologic functions, particularly those related to enzyme activity. Enzymes are biological molecules that catalyze chemical reactions in the body. Inhibitors are substances that bind to enzymes and reduce their activity, thereby slowing down or blocking the chemical reactions they catalyze.

Inhibitors can be used to treat a wide range of conditions, including:

1. Cancer: Inhibitors can target specific enzymes involved in cancer cell growth"
C0027651,Neoplasm,neop,PRODUCES,C0053917,Bombesin Receptor,aapp,2015,26445336,26445336,,1349486,"In a biomedical context, what is the relationship between Neoplasm and proteins via PRODUCES?",0.1794074177742004,0.0,Bombesin Receptor,0,"[1960s] 

In the context of neoplasm (cancer) and proteins, the relationship is established through the process of protein synthesis and degradation. Neoplastic cells, which are cancerous cells, exhibit uncontrolled cell growth and division. This process involves the production of various proteins that are essential for cell proliferation, survival, and metastasis.

The PRODUCES relationship refers to the production of specific proteins that are involved in the development and progression of cancer. These proteins can"
C0543467,Operative Surgical Procedures,topp,PRECEDES,C0016642,"Fracture Fixation, Internal",topp,2016,27686641,27686641,,18913325,"In a biomedical context, what is the relationship between Operative Surgical Procedures and medical entities via PRECEDES?",0.0666075572371482,0.0,"Fracture Fixation, Internal",0,"[1988]

The PRECEDES model, developed by Green and Kreuter in 1988, is a framework used to plan and evaluate health promotion and disease prevention programs. In a biomedical context, the PRECEDES model relates Operative Surgical Procedures to medical entities through the following steps:

1. **P** - Problem identification and diagnosis: Identify the medical entity or disease that requires surgical intervention.
2. **R** - Research for and identification of educational and environmental interventions for health promotion and"
C0077678,ubiquitin-protein ligase,aapp,AFFECTS,C2936252,Plant Immunity,phsf,2022,34988630,34988630,,378213485,Which physiologic functions does ubiquitin-protein ligase primarily affect?,0.1222701743245124,0.0,Plant Immunity,0,"[1993] 
Ubiquitin-protein ligase, also known as E3 ligase, primarily affects the physiologic functions of protein degradation, cell cycle regulation, and signal transduction. 

The mechanism involves the attachment of ubiquitin molecules to specific target proteins, marking them for degradation by the proteasome. This process is crucial for regulating protein levels, removing damaged or misfolded proteins, and controlling various cellular processes such as cell division, apoptosis, and response to stress"
C0040732,Transplantation,topp,USES,C1322797,Covered Stents,medd,2020,31537181,31537181,,341974901,"In a biomedical context, what is the relationship between Transplantation and medical entities via USES?",0.1915353387594223,0.0,Covered Stents,0,"[1967] The first successful human kidney transplant was performed by Dr. Joseph Murray and Dr. David Hume. 

In a biomedical context, the relationship between transplantation and medical entities via uses is as follows:

Transplantation is a medical procedure where a healthy organ or tissue is transferred from a donor to a recipient. The uses of transplantation include:

1. **Organ replacement**: Replacing a diseased or damaged organ with a healthy one, such as a kidney transplant for end-stage renal disease"
C0206131,Adipocytes,cell,LOCATION_OF,6517,SLC2A4,aapp,2015,25561724,25561724,,19966070,Which proteins is the anatomical location of Adipocytes?,-0.0161910038441419,0.0,SLC2A4,0,"[1964] 
The anatomical location of Adipocytes is primarily in the adipose tissue, which is found in various parts of the body, including subcutaneous tissue (just beneath the skin), visceral fat (around organs), and other areas such as the bone marrow and around blood vessels"
C0969698,Reactive Nitrogen Species,bacs,INHIBITS,C0018061,Gonadotropins,gngm,2012,23241221,23241221,,19164601,Which genes does Reactive Nitrogen Species inhibit?,0.2205212563276291,0.0,Gonadotropins,0,"[1998] 
Reactive Nitrogen Species (RNS) can inhibit the activity of various enzymes and proteins involved in cellular processes. One of the key genes that RNS can inhibit is the enzyme nitric oxide synthase (NOS), which is responsible for producing nitric oxide (NO), a type of RNS. 

However, the more direct answer to your question would be that RNS can inhibit the activity of the enzyme glyceraldehyde-3-phosphate dehydrogenase"
C0243114,purification,lbpr,USES,C0008569,Thin Layer Chromatography,lbpr,2020,31470274,31470274,,341354508,"In a biomedical context, what is the relationship between purification and medical entities via USES?",0.1316791325807571,0.0,Thin Layer Chromatography,0,"[1968] 
The relationship between purification and medical entities via USES (Urine Sediment Examination) is based on the principle of identifying and quantifying various substances present in urine. Purification of urine samples is essential to accurately detect and analyze medical entities such as proteins, glucose, ketones, bilirubin, and other compounds.

The process involves using various techniques such as centrifugation, filtration, and chromatography to remove contaminants and impurities from the urine sample. This purification step"
C0029976,"Blastocyst Implantation, natural",orgf,PROCESS_OF,C0025914,House mice,mamm,2013,23624836,23624836,,18803764,"In a biomedical context, what is the relationship between Blastocyst Implantation, natural and species via PROCESS_OF?",0.0380542017519474,0.0,House mice,0,"[1984]

The relationship between Blastocyst Implantation, natural and species via PROCESS_OF is as follows: 

In natural implantation, the blastocyst, a stage of embryonic development, adheres to the endometrium (the uterine lining) of the mother. This process is mediated by various molecular interactions between the blastocyst and the endometrium, including the expression of specific genes and the production of growth factors and cytokines.

In species via PROCESS_OF"
C0019236,Herbicides,hops,COEXISTS_WITH,C0012854,DNA,bacs,2020,31734485,31734485,,343786051,Which active substances commonly co-exists with Herbicides?,0.2887093722820282,0.0,DNA,0,"[1962] DDT (Dichlorodiphenyltrichloroethane) was a common co-existence with herbicides like 2,4-D and 2,4,5-T. However, the most well-known combination is 2,4-D and 2,4,5-T with Dioxin, a byproduct of the trichlorophenoxyacetic acid synthesis. 

[1970s] The combination of 2,4"
C0677850,Adjuvant Therapy,topp,TREATS,C0014474,Ependymoma,neop,2024,38165413,38165413,,411890069,Which diseases or conditions is Adjuvant Therapy commonly used to treat?,0.3475106656551361,0.0,Ependymoma,0,"[1950s] Adjuvant therapy is commonly used to treat various types of cancer, particularly breast cancer, colon cancer, and melanoma. The primary goal of adjuvant therapy is to eliminate any remaining cancer cells after the primary treatment, such as surgery, to prevent recurrence and improve survival rates.

The scientific mechanism behind adjuvant therapy involves the use of chemotherapy, hormone therapy, or radiation therapy to target and kill cancer cells that may have been left behind during surgery. This approach can"
C1335131,Sarcoma of orbit,neop,PROCESS_OF,C0012984,Canis familiaris,mamm,2021,33390595,33390595,,361875427,"In a biomedical context, what is the relationship between Sarcoma of orbit and species via PROCESS_OF?",0.0795938000082969,0.0,Canis familiaris,0,"[1990s] 

The relationship between Sarcoma of the orbit and species via PROCESS_OF is not directly established. However, I can provide information on the relationship between Sarcoma of the orbit and species in a broader context.

Sarcomas are a group of rare and aggressive cancers that can occur in various parts of the body, including the orbit (the bony cavity that houses the eye). The development of Sarcoma of the orbit is influenced by a combination of genetic and environmental factors"
C0858952,silence,mobd,AFFECTS,C0037083,Signal Transduction,celf,2022,34975151,34975151,,378041836,Which cell types does silence primarily affect?,0.1272933483123779,0.0,Signal Transduction,0,"[1990s] Silence primarily affects inhibitory interneurons in the brain. These interneurons release neurotransmitters such as GABA (gamma-aminobutyric acid) and glycine, which are responsible for inhibiting the activity of other neurons. When inhibitory interneurons are silenced or dysfunctional, it can lead to an imbalance in neural activity, potentially contributing to various neurological and psychiatric disorders"
C0030705,Patients,humn,LOCATION_OF,C0669365|4846,"NOS3 protein, human|NOS3",aapp,2012,23085347,23085347,,21067045,Which proteins is the anatomical location of Patients?,0.363743782043457,0.0,"NOS3 protein, human|NOS3",0,I can't provide information on the anatomical location of patients. Is there something else I can help you with?
C1280903,Exploration procedure,topp,TREATS,C0013658,Educational Status,fndg,2021,33389465,33389465,,361865037,Which clinical findings is Exploration procedure commonly used to treat?,0.0982837080955505,0.0,Educational Status,0,"I'm not aware of any information about an ""Exploration procedure"" being used to treat a specific clinical finding. However, I can provide information on some common exploration procedures used in various medical fields.

In general, an exploration procedure is a medical examination or investigation used to gather more information about a patient's condition. It can be used to diagnose or rule out various conditions.

Here are a few examples of exploration procedures used to treat specific clinical findings:

1. Laparoscopy: This is a"
C0679057,memory consolidation,menp,PROCESS_OF,C0025266,Male population group,humn,2016,26448203,26448203,,3676157,"In a biomedical context, what is the relationship between memory consolidation and patients or groups via PROCESS_OF?",-0.0180139727890491,0.0,Male population group,0,"

The relationship between memory consolidation and patients or groups via PROCESS_OF is related to the concept of neural reorganization and synaptic plasticity. Memory consolidation is the process by which short-term memories are converted into long-term memories. This process involves changes in the strength and connectivity of neural synapses.

Research has shown that memory consolidation can be influenced by various factors, including sleep, emotions, and cognitive load. For example, sleep plays an essential role in memory consolidation, with studies suggesting that"
C0000970,Acetaminophen,orch,COEXISTS_WITH,C0445115,Normal saline,inch,2018,28681267,28681267,,39039752,Which medical entities commonly co-exists with Acetaminophen?,0.1446076333522796,0.0,Normal saline,0,"[1960s]  Liver disease, such as cirrhosis, is a common co-existing medical entity with acetaminophen (APAP) toxicity. This is because individuals with pre-existing liver damage are more susceptible to the hepatotoxic effects of APAP. 

[1980s]  Alcoholism is another common co-existing medical entity with APAP toxicity. Chronic alcohol consumption can lead to liver damage and increase the risk of APAP-induced liver failure.

[1990s]"
C0087111,Therapeutic procedure,topp,USES,C1414300|1942,EFNA1 gene|EFNA1,aapp,2016,27725905,27725905,,4582878,"In a biomedical context, what is the relationship between Therapeutic procedure and proteins via USES?",0.1631228476762771,0.0,EFNA1 gene|EFNA1,0,"[1990] 
The relationship between therapeutic procedures and proteins via USES (Unsaturated Ester Surfactants) is related to the use of liposomes as drug delivery systems. Liposomes are tiny vesicles composed of a phospholipid bilayer, which can encapsulate therapeutic proteins and deliver them to specific sites within the body.

In this context, the therapeutic procedure involves the use of liposomes to deliver proteins, such as enzymes or hormones, to target cells or tissues. The"
C1513095,Melanoma Cell,cell,LOCATION_OF,C0040085,Thymidylate Synthase,aapp,2012,23249808,23249808,,23709797,Which proteins is the anatomical location of Melanoma Cell?,0.2566248178482055,0.0,Thymidylate Synthase,0,"
The anatomical location of melanoma cells is often found in the epidermis, specifically in the basal layer, which is the layer of skin cells closest to the dermis. The proteins that are typically found in melanoma cells include:

1. S100 protein: This protein is often overexpressed in melanoma cells and is used as a marker for the disease.
2. Melan-A (Mart-1): This protein is a melanocyte-specific protein that is"
C0474643,Antibody titer measurement,lbpr,USES,C3889436|1437|3918,LAMC2 wt Allele|CSF2|LAMC2,aapp,2022,34937737,34937737,,377569068,"In a biomedical context, what is the relationship between Antibody titer measurement and proteins via USES?",0.0619712769985199,0.0,LAMC2 wt Allele|CSF2|LAMC2,0,"[1959] 

The relationship between antibody titer measurement and proteins via USES (Enzyme-Linked Immunosorbent Assay) is based on the principle of antigen-antibody binding. In this context, the antibody titer measurement is used to quantify the amount of antibodies present in a sample. 

The process involves the following steps:

1. A protein antigen is immobilized onto a solid surface, such as a microplate well.
2. A sample containing antibodies is"
C3854325,Janus kinase inhibitor,phsu,TREATS,C0030705,Patients,podg,2022,34993729,34993729,,378297154,Which medical entities is Janus kinase inhibitor commonly used to treat?,0.2480375468730926,0.0,Patients,0,"[1993] 
Janus kinase (JAK) inhibitors are commonly used to treat various medical entities, particularly those related to autoimmune diseases and inflammatory conditions. The primary mechanism of action involves the inhibition of Janus kinase enzymes, which play a crucial role in the signaling pathways of cytokines, such as interferons and interleukins.

When activated, JAK enzymes phosphorylate and activate downstream signaling molecules, leading to the transcription of genes involved in inflammation and immune responses. By inhibiting JAK"
C0038760,Sulfonamides,orch,AUGMENTS,C1136180,Disease Resistance,orgf,2012,23118736,23118736,,21950455,"In a biomedical context, what is the relationship between Sulfonamides and medical entities via AUGMENTS?",0.144917145371437,0.0,Disease Resistance,0,"[1936] 

Sulfonamides are a class of antimicrobials that inhibit bacterial growth by competing with para-aminobenzoic acid (PABA) for the enzyme dihydropteroate synthetase, which is essential for the synthesis of folic acid in bacteria. 

In the context of medical entities via Augmentin, the relationship is as follows: 

Augmentin is a combination antibiotic that consists of amoxicillin (a beta-lactam"
C0330498,Brassica oleracea,plnt,LOCATION_OF,C0751973,Proteome,aapp,2018,29505761,29505761,,249099658,Which proteins is the anatomical location of Brassica oleracea?,0.0919191241264343,0.0,Proteome,0,"I couldn't find any information about the anatomical location of Brassica oleracea being a protein. However, I can tell you that Brassica oleracea is a plant species that includes cabbage, broccoli, cauliflower, and other vegetables. 

If you are asking about the location of Brassica oleracea in the plant, it is typically found in the root or the stem of the plant. However, I couldn't find any specific information about a protein being the anatomical location of Brass"
C0074175,schizandrin B,orch,INHIBITS,C0035696,"RNA, Messenger",bacs,2016,27733273,27733273,,7881918,Which active substances does schizandrin B inhibit?,0.2199065387248993,0.0,"RNA, Messenger",0,"[1995] Schizandrin B has been found to inhibit the activity of the enzyme 5-alpha-reductase. This enzyme is involved in the conversion of testosterone to dihydrotestosterone (DHT), a potent form of testosterone that plays a significant role in the development of androgenetic alopecia (male pattern baldness) and benign prostatic hyperplasia (BPH)"
C0026882,Mutation,genf,PROCESS_OF,503542,SPRN,gngm,2010,19917049,19917049,,26801153,"In a biomedical context, what is the relationship between Mutation and genes via PROCESS_OF?",0.0797919631004333,0.0,SPRN,0,"[1953] 

In the context of genetics, a mutation is a change in the DNA sequence of a gene. The process of mutation involves the alteration of one or more nucleotide bases in the DNA sequence, which can result in a change to the amino acid sequence of the protein encoded by the gene. This change can occur through various mechanisms, such as errors during DNA replication, exposure to mutagenic agents, or viral infections.

The PROCESS_OF relationship between mutation and genes can be described as"
C0010854,Cytosol,celc,PART_OF,C0684063,Eukaryota,orgm,2014,25271403,25271403,,19290034,"In a biomedical context, what is the relationship between Cytosol and medical entities via PART_OF?",0.4297994077205658,0.0,Eukaryota,0,"[1993] 
The relationship between Cytosol and medical entities via PART_OF is based on the cellular structure and function. Cytosol is the region between the cell membrane and the nuclear envelope, where various cellular processes take place. In a biomedical context, medical entities such as organelles (e.g., mitochondria, ribosomes), proteins, and other molecules are part of the cytosol, as they are suspended within it and perform their functions.

This relationship is established"
C1185738,Column,bpoc,NEG_LOCATION_OF,C0002191|5345,alpha 1-Antitrypsin|SERPINF2,aapp,2010,19949774,19949774,,26900916,"In a biomedical context, what is the relationship between Column and proteins via NEG_LOCATION_OF?",0.2221913635730743,0.0,alpha 1-Antitrypsin|SERPINF2,2017,"I couldn't find any information about the NEG_LOCATION_OF relationship between columns and proteins in a biomedical context. However, I found that the UniProt Knowledgebase uses a column called NEG_LOCATION_OF to describe the location of a protein feature, such as a modification or a binding site, that is not located at a specific position in the protein sequence.

[2017]

In the UniProt Knowledgebase, the NEG_LOCATION_OF column is used to indicate that a protein feature is not located at a specific position"
C0005847,Blood Vessels,bpoc,PART_OF,C0035298,Retina,bpoc,2018,27641955,27641955,,13930700,"In a biomedical context, what is the relationship between Blood Vessels and tissues or organs via PART_OF?",0.1699847728013992,0.0,Retina,0,"

In the context of biomedical ontologies, the relationship between blood vessels and the tissues or organs they supply is described using the ""part_of"" relationship. This relationship indicates that a blood vessel is a component or a part of a larger tissue or organ. For example, the aorta is a part of the cardiovascular system, which is a part of the circulatory system. This hierarchical organization is essential for understanding the structure and function of the body's systems and organs.

In the"
C0026882,Mutation,genf,CAUSES,C0013264,"Muscular Dystrophy, Duchenne",dsyn,2016,27735844,27735844,,8930686,Which diseases or conditions can Mutation cause or induce?,0.3151735663414001,0.0,"Muscular Dystrophy, Duchenne",0,"[1953]  The discovery of the structure of DNA by James Watson and Francis Crick revealed the fundamental basis of genetic inheritance and mutation. A mutation is a change in the DNA sequence of an organism, which can occur due to various factors such as errors during DNA replication, exposure to mutagenic agents, or viral infections.

Mutations can cause or induce a wide range of diseases and conditions, including:

1. **Cancer**: Mutations in tumor suppressor genes or oncogenes"
C0001206,Acromegaly,dsyn,AFFECTS,C0027651,Neoplasm,neop,2016,26227953,26227953,,20094780,Which diseases or conditions does Acromegaly primarily affect?,0.173580914735794,0.0,Neoplasm,0,"[1960] Acromegaly primarily affects the endocrine system, particularly the pituitary gland. It is a disorder that occurs when the pituitary gland produces excess growth hormone (GH) after normal growth has stopped. This excess GH causes the body's tissues and organs to grow abnormally, leading to various symptoms and complications.

The primary conditions and diseases affected by acromegaly include:

1. **Joint problems**: Excess GH can cause joint pain, stiffness, and swelling"
C0751265,Learning Disabilities,mobd,PROCESS_OF,C0870892,Middle School Students,humn,2011,22485052,22485052,,232154060,"In a biomedical context, what is the relationship between Learning Disabilities and patients or groups via PROCESS_OF?",0.2087647467851638,0.0,Middle School Students,0,"[1997] 

The relationship between Learning Disabilities and other patients or groups via PROCESS_OF is related to the concept of comorbidity. Comorbidity refers to the co-occurrence of one or more additional conditions coexisting with a primary condition. In the context of Learning Disabilities, comorbidity can involve the presence of other neurodevelopmental disorders, mental health conditions, or physical health conditions.

For example, individuals with Learning Disabilities may also experience Attention Deficit Hyperactivity Disorder (ADHD"
C0007634,Cells,cell,PART_OF,C0030274,Pancreas,bpoc,2022,34820013,34820013,,376335729,"In a biomedical context, what is the relationship between Cells and tissues or organs via PART_OF?",0.2272645682096481,0.0,Pancreas,0,"

In the context of biomedical ontologies, the relationship between cells and tissues or organs is described using the ""part_of"" relation. This relation is used to describe the hierarchical organization of biological structures, where a cell is considered a part of a tissue, and a tissue is considered a part of an organ.

For example, a hepatocyte (liver cell) is part of the liver tissue, and the liver tissue is part of the liver organ. This hierarchical organization is essential"
C0538927,celecoxib,orch,PREVENTS,C0016059,Fibrosis,patf,2017,27628899,27628899,,8191966,Which pathologic functions does celecoxib help to prevent?,0.3295514285564422,0.0,Fibrosis,0,"[1999] Celecoxib is a nonsteroidal anti-inflammatory drug (NSAID) that selectively inhibits the enzyme cyclooxygenase-2 (COX-2). COX-2 is involved in the production of prostaglandins, which are pro-inflammatory mediators. By inhibiting COX-2, celecoxib reduces the production of prostaglandins, thereby preventing various pathologic functions associated with inflammation, such as pain, fever, and swelling"
C0003316,Epitopes,imft,INTERACTS_WITH,8744,TNFSF9,gngm,2013,23690480,23690480,,19083687,Which genes does Epitopes significantly interact with?,0.1324073374271392,0.0,TNFSF9,0,"[1990s] 
Epitopes significantly interact with Major Histocompatibility Complex (MHC) genes. The MHC genes encode proteins that display peptide fragments (epitopes) from pathogens to T-cells, which then trigger an immune response. This interaction is crucial for the adaptive immune system to recognize and respond to foreign substances.

[2000s] 
Epitopes also interact with T-cell receptor (TCR) genes. The TCR genes encode proteins that recognize and bind"
C0178417,Loss of capacity for enjoyment,mobd,PROCESS_OF,C0687744,Social group NOS,humn,2010,19944570,19944570,,23920930,"In a biomedical context, what is the relationship between Loss of capacity for enjoyment and patients or groups via PROCESS_OF?",0.1222419962286949,0.0,Social group NOS,2015,"

The relationship between Loss of capacity for enjoyment and patients or groups via PROCESS_OF is related to the concept of ""anhedonia"" in the context of depression and other mental health disorders. Anhedonia is a symptom characterized by a loss of interest or pleasure in activities that were once enjoyed.

In the context of the Systematized Nomenclature of Medicine Clinical Terms (SNOMED CT), the relationship between Loss of capacity for enjoyment and patients or groups via PROCESS_OF can be"
C0006104,Brain,bpoc,PART_OF,C0033147,Primates,mamm,2011,23933658,23933658,,28017167,"In a biomedical context, what is the relationship between Brain and species via PART_OF?",0.1945255249738693,0.0,Primates,0,"[1993] 

The PART_OF relationship between the brain and species is based on the concept of holism in biology, which states that a whole organism is composed of various parts that work together to form the entire system. In this context, the brain is considered a part of the organism, and the organism is a part of the species.

This relationship is rooted in the idea of hierarchical organization, where the brain is a component of the central nervous system, which is a component of the organism"
C0015684,Fatty Acids,orch,COEXISTS_WITH,C0040648,TRANSCRIPTION FACTOR,aapp,2024,38172664,38172664,,411943281,Which proteins commonly co-exists with Fatty Acids?,0.1994587779045105,0.0,TRANSCRIPTION FACTOR,0,"[1964] The proteins that commonly co-exist with fatty acids are known as fatty acid-binding proteins (FABPs). 

FABPs are a family of small cytoplasmic proteins that play a crucial role in the intracellular transport and storage of fatty acids. They have a high affinity for fatty acids and are involved in various cellular processes, including lipid metabolism, energy production, and cell signaling.

There are several types of FABPs, including:

1. Liver FABP"
C0023882,Little's Disease,dsyn,CAUSES,C0409224,Ochronotic arthropathy,dsyn,2011,21874298,21874298,,131291732,Which diseases or conditions can Little's Disease cause or induce?,0.2601295709609985,0.0,Ochronotic arthropathy,0,"[1887] Little's Disease, also known as Congenital Talipes Equinovarus (CTEV), is a congenital deformity of the foot. It can cause or induce various conditions and diseases, including:

1. **Foot deformity**: The most common condition associated with Little's Disease is a foot deformity, where the foot is twisted inward and downward.
2. **Muscle weakness**: The disease can lead to muscle weakness in the foot and ankle, making it difficult"
C0023185,Learning,menp,NEG_PROCESS_OF,C0238703,athlete,humn,2015,25559908,25559908,,18946750,"In a biomedical context, what is the relationship between Learning and patients or groups via NEG_PROCESS_OF?",0.0996749475598335,0.0,athlete,2018,"I couldn't find any information on ""NEG_PROCESS_OF"" in a biomedical context. However, I can provide information on a related concept.

[2018] 
In the context of machine learning and biomedical research, the concept of ""NEG_PROCESS_OF"" might be related to the ""NEGATIVE_PROCESS_OF"" relationship in the Ontology for Biomedical Investigations (OBI). 

The OBI is an ontology that provides a framework for describing the processes and experiments involved in biomedical research. The ""NEG"
C0240417,Form of muscle,fndg,PROCESS_OF,C1257890,Population Group,humn,2013,23822577,23822577,,19294261,"In a biomedical context, what is the relationship between Form of muscle and patients or groups via PROCESS_OF?",0.0403106436133384,0.0,Population Group,0,"[1990]

In the context of biomechanics and motor control, the relationship between muscle form and function is often described using the concept of ""muscle architecture"" or ""muscle morphology."" This includes parameters such as muscle fiber length, pennation angle, and fascicle length.

The PROCESS_OF relationship in this context refers to the biomechanical processes that govern how muscle form influences muscle function. Specifically, it involves the mechanical and physiological processes that occur within the muscle tissue, such as force"
C0015392,Eye,bpoc,LOCATION_OF,C0086543,Cataract,acab,2021,33387006,33387006,,361842572,Which medical entities is the anatomical location of Eye?,0.0877866148948669,0.0,Cataract,0,"[The human body has been studied for thousands of years, with the earliest recorded description of the eye's anatomy dating back to ancient civilizations such as the Egyptians and Greeks. However, the modern understanding of the eye's anatomy is attributed to the work of Andreas Vesalius in the 16th century.]

The anatomical location of the eye is the orbit, which is a bony cavity in the skull. The orbit is a pyramid-shaped space that houses the eyeball, along with several other important"
C0038317,Steroids,orch,PREDISPOSES,C0086132,Depressive Symptoms,sosy,2021,33393686,33393686,,361906143,"In a biomedical context, what is the relationship between Steroids and medical entities via PREDISPOSES?",0.0650561451911926,0.0,Depressive Symptoms,0,"I couldn't find any information on ""PREDISPOSES"" being a medical entity or a term related to steroids in a biomedical context. However, I can provide information on how steroids can predispose individuals to certain medical conditions.

[1960s] 
Steroids, particularly glucocorticoids, can predispose individuals to osteoporosis by suppressing the activity of osteoblasts (cells responsible for bone formation) and increasing the activity of osteoclasts (cells responsible for bone res"
C0456179,Left ventricular pressure,lbtr,COEXISTS_WITH,C0456189,Left ventricular systolic pressure,lbtr,2010,19949891,19949891,,26990711,Which medical entities commonly co-exists with Left ventricular pressure?,0.4680593013763428,0.0,Left ventricular systolic pressure,0,"[1960s]  The medical entities that commonly co-exist with left ventricular hypertrophy (LVH) or left ventricular pressure overload include:

1. **Hypertension**: High blood pressure is a major cause of left ventricular hypertrophy, as the heart muscle thickens to pump blood against the increased pressure.
2. **Aortic Stenosis**: Narrowing of the aortic valve can lead to left ventricular hypertrophy as the heart muscle thickens to compensate"
C0227531,Ito cell,cell,LOCATION_OF,C0162638,Apoptosis,celf,2012,23346212,23346212,,23553015,Which cell types is the anatomical location of Ito cell?,0.3163564503192901,0.0,Apoptosis,0,"[1970] 

Ito cells, also known as hepatic stellate cells, are a type of cell located in the liver. They are found in the perisinusoidal space, also known as the space of Disse, which is the area between the hepatocytes and the sinusoidal endothelial cells. Ito cells are responsible for storing vitamin A and play a crucial role in liver fibrosis"
28982,FLVCR1,gngm,NEG_AFFECTS,C1513776,Mutate,genf,2014,24851608,24851608,,19199473,"In a biomedical context, what is the relationship between FLVCR1 and medical entities via NEG_AFFECTS?",0.1505361944437027,0.0,Mutate,2010,"I couldn't find any information about the NEG_AFFECTS relationship between FLVCR1 and medical entities. However, I found that FLVCR1 is a gene that encodes a protein involved in the regulation of iron homeostasis and the transport of bilirubin and other organic anions.

[2010] A study published in the Journal of Biological Chemistry found that FLVCR1 is involved in the transport of bilirubin and other organic anions, and that it plays a"
C0079595,Imaging Techniques,topp,TREATS,C0003868,"Arthritis, Gouty",dsyn,2012,23083049,23083049,,19833938,Which diseases or conditions is Imaging Techniques commonly used to treat?,0.2166750580072403,0.0,"Arthritis, Gouty",0,"[1950s] 
Imaging techniques, such as X-rays, computed tomography (CT) scans, magnetic resonance imaging (MRI), and ultrasound, are commonly used to diagnose and monitor various diseases and conditions, rather than treat them directly. However, some imaging techniques can be used to guide minimally invasive procedures, such as biopsies, tumor ablations, and vascular interventions.

Some examples of diseases and conditions that imaging techniques are commonly used to diagnose and monitor include:

1. Cancer"
C1325847,Sensitization,menp,NEG_PROCESS_OF,C0030705,Patients,humn,2010,20004060,20004060,,22100420,"In a biomedical context, what is the relationship between Sensitization and patients or groups via NEG_PROCESS_OF?",0.2722924649715423,0.0,Patients,0,"I couldn't find any information on ""NEG_PROCESS_OF"" in a biomedical context. However, I can provide information on sensitization and its relationship with patients or groups.

Sensitization in a biomedical context often refers to the process by which an individual becomes more reactive or sensitive to a particular substance, such as an allergen or an irritant. This can occur through various mechanisms, including:

1. Allergic sensitization: This involves the activation of immune cells, such as T-cells"
C0521974,"Diet, High-Fat",topp,PREVENTS,C0020456,Hyperglycemia,dsyn,2023,36591890,36591890,,395183947,"Which diseases or conditions does Diet, High-Fat help to prevent?",0.3286971151828766,0.0,Hyperglycemia,0,"[1965] 
The Seven Countries Study, led by Ancel Keys, found a correlation between high-fat diets and a lower risk of heart disease. The study suggested that a diet high in fat, particularly saturated fat, may help to prevent heart disease by increasing levels of high-density lipoprotein (HDL) cholesterol, also known as ""good"" cholesterol.

[1980s] 
Research also suggests that high-fat diets may help to prevent certain types of cancer, such as breast"
C0014597,Epithelial Cells,cell,LOCATION_OF,C0014442,Enzymes,orch,2015,26225992,26225992,,19120016,Which chemicals is the anatomical location of Epithelial Cells?,0.1781030446290969,0.0,Enzymes,0,"[1960s] Epithelial cells are primarily found in various anatomical locations throughout the body, including the skin, respiratory, gastrointestinal, and genitourinary tracts. They line the surfaces and cavities of organs and glands, forming a barrier between the internal and external environments.

The primary location of epithelial cells can be categorized into several types:

1. **Squamous epithelium**: Found in the skin, esophagus, and other areas where a barrier is needed"
C1737238,Extracorporeal Shockwave Therapy,topp,TREATS,C4553743,"Spasticity, CTCAE",fndg,2022,34927035,34927035,,377418834,Which clinical findings is Extracorporeal Shockwave Therapy commonly used to treat?,0.1609974652528762,0.0,"Spasticity, CTCAE",0,"[1990s] Extracorporeal Shockwave Therapy (ESWT) is commonly used to treat various musculoskeletal conditions, including:

1. Plantar fasciitis: ESWT is used to reduce pain and inflammation in the plantar fascia, a band of tissue that supports the arch of the foot.
2. Tendinopathy: ESWT is used to treat chronic tendinopathy, a condition characterized by inflammation and degeneration of tendons.
3. Achilles"
C1522240,Process,phpr,CAUSES,C0750433,"Wound, non-healed",dsyn,2022,34820586,34820586,,376341724,Which diseases or conditions can Process cause or induce?,0.2099803835153579,0.0,"Wound, non-healed",0,"I'm happy to provide information on the diseases or conditions that can be caused or induced by various processes. However, I need more specific information about the process you are referring to. 

If you could provide more context or clarify which process you are asking about, I'll do my best to provide a detailed and accurate answer.

Some examples of processes that can cause or induce diseases or conditions include:

- Oxidative stress: [1985] 
  Oxidative stress occurs when there is an"
C0041178,trophoblast,emst,PART_OF,C0086418,Homo sapiens,humn,2024,38019387,38019387,,410340796,"In a biomedical context, what is the relationship between trophoblast and patients or groups via PART_OF?",0.1693689525127411,0.0,Homo sapiens,0,"[1980]

In the context of biomedical ontologies, the relationship between trophoblast and patients or groups via PART_OF is established in the Foundational Model of Anatomy (FMA) and other ontologies. 

Trophoblast is a part of the placenta, which is a part of the uterus, which is a part of the female reproductive system, and so on. This hierarchical relationship is represented using the PART_OF relation, indicating that the trophoblast is a component"
C0037098,Silicon Dioxide,bodm,INHIBITS,C0030230,Palladium,elii,2015,25462742,25462742,,1506778,Which medical entities does Silicon Dioxide inhibit?,0.0552957728505134,0.0,Palladium,0,"[1960s] Silicon Dioxide, also known as silica, has been found to inhibit the growth of various microorganisms, including bacteria, viruses, and fungi. 

The scientific mechanism behind this inhibition is thought to be related to the physical properties of Silicon Dioxide, such as its high surface area and reactivity. When Silicon Dioxide comes into contact with microorganisms, it can cause physical damage to their cell membranes and disrupt their metabolic processes. Additionally, Silicon Dioxide can also induce the"
C0007584,Cell Count,lbpr,USES,C1334332|3936,LCP1 gene|LCP1,aapp,2022,34991157,34991157,,378240874,"In a biomedical context, what is the relationship between Cell Count and proteins via USES?",0.1034436523914337,0.0,LCP1 gene|LCP1,0,"[1990] 
The relationship between cell count and proteins via USES (Urea Synthesis and Excretion System) is related to the urea cycle. In this context, cell count is often used as an indicator of cellular health and proliferation. The urea cycle is a critical metabolic pathway that converts ammonia (NH3) into urea (CO(NH2)2), which is then excreted by the kidneys.

The relationship between cell count and proteins via USES can be"
C0052927,baicalein,orch,TREATS,C0021368,Inflammation,patf,2024,38178132,38178132,,411982225,Which pathologic functions is baicalein commonly used to treat?,1.0,1.0,Inflammation,0,"[1995] Baicalein, a flavonoid compound found in the root of Scutellaria baicalensis, has been studied for its potential therapeutic effects on various pathologic functions. 

Baicalein has been shown to exhibit anti-inflammatory, antioxidant, and anti-cancer properties. It is commonly used to treat conditions such as:

1. Inflammatory diseases: Baicalein has been found to inhibit the production of pro-inflammatory cytokines and enzymes, which contribute to"
10135,NAMPT,aapp,AFFECTS,C0277889,Increased diastolic arterial pressure,fndg,2018,29475075,29475075,,249251871,Which clinical findings does NAMPT primarily affect?,0.1111724153161048,0.0,Increased diastolic arterial pressure,0,"NAMPT (Nicotinamide phosphoribosyltransferase) primarily affects NAD+ levels in the body. It is a key enzyme involved in the biosynthesis of NAD+ from nicotinamide. NAD+ is a crucial coenzyme found in all living cells, playing a vital role in energy metabolism, DNA repair, and other cellular processes. 

NAMPT's primary clinical findings include its association with various age-related diseases, such as type"
C0024109,Lung,bpoc,LOCATION_OF,C0008679,Chronic Disease,dsyn,2012,23116792,23116792,,20904951,Which diseases or conditions is the anatomical location of Lung?,0.0422408990561962,0.0,Chronic Disease,0,"[1600s] The anatomical location of the lungs is in the thoracic cavity, specifically within the pleural cavity, which is a space between the lungs and the chest wall. The lungs are situated on either side of the heart, with the right lung having three lobes and the left lung having two lobes.

The lungs are protected by the rib cage, which provides a rigid framework for the chest cavity. The diaphragm, a dome-shaped muscle, separates the chest cavity from"
C1398078,gaucher's,dsyn,PROCESS_OF,C0030705,Patients,humn,2011,21298757,21298757,,128126673,"In a biomedical context, what is the relationship between gaucher's and patients or groups via PROCESS_OF?",0.134061262011528,0.0,Patients,0,"[1901] 

Gaucher's disease is a genetic disorder caused by a deficiency of the enzyme glucocerebrosidase. This deficiency leads to the accumulation of glucocerebroside in various organs, including the spleen, liver, and bone marrow. 

In a biomedical context, the relationship between Gaucher's disease and patients or groups can be described as follows:

- Gaucher's disease is a hereditary disorder, meaning it is passed down from parents to offspring through genes"
C0812229|7474,WNT5A gene|WNT5A,gngm,INHIBITS,C0812297|2290,FOXG1 gene|FOXG1,gngm,2021,33389683,33389683,,361867266,Which genes does WNT5A gene|WNT5A inhibit?,0.2253348529338836,0.0,FOXG1 gene|FOXG1,0,"[1999] 
The WNT5A gene is known to inhibit the canonical Wnt/β-catenin signaling pathway, which is a key pathway involved in cell proliferation, differentiation, and survival. 

However, WNT5A also activates the non-canonical Wnt signaling pathways, such as the planar cell polarity (PCP) pathway and the calcium (Ca2+) signaling pathway. 

In terms of specific genes, WNT5A has been shown to inhibit the expression of"
C0020538,Hypertensive disease,dsyn,COEXISTS_WITH,C0033687,Proteinuria,dsyn,2010,20007737,20007737,,24541951,Which diseases or conditions commonly co-exists with Hypertensive disease?,0.3538046181201935,0.0,Proteinuria,0,"[1990s]  The co-existence of diseases with Hypertensive disease is often due to the shared underlying risk factors, such as age, obesity, physical inactivity, and family history. Some common conditions that commonly co-exist with Hypertensive disease include:

1.  **Diabetes Mellitus**: Insulin resistance and hyperglycemia can contribute to the development of hypertension, and vice versa.
2.  **Hyperlipidemia**: Elevated levels of low-density lip"
C0034693,Rattus norvegicus,mamm,LOCATION_OF,C0023810,Lipopolysaccharides,lipd,2012,23337818,23337818,,18813799,Which medical entities is the anatomical location of Rattus norvegicus?,0.1100222244858741,0.0,Lipopolysaccharides,0,"I couldn't find any information about the anatomical location of Rattus norvegicus. However, I can tell you that Rattus norvegicus, also known as the brown rat or common rat, is a species of rodent. 

If you are asking about the anatomical location of the brown rat in the human body, it is often used as a model organism in medical research. In this context, the brown rat is not a medical entity itself but rather a tool"
C0010418,Cryptosporidiosis,dsyn,PROCESS_OF,C0008119,Chinchilla<genus>,mamm,2019,30240872,30240872,,275719431,"In a biomedical context, what is the relationship between Cryptosporidiosis and species via PROCESS_OF?",-0.0318184047937393,0.0,Chinchilla<genus>,0,"[1993] 

Cryptosporidiosis is a diarrheal disease caused by the protozoan parasite Cryptosporidium. The relationship between Cryptosporidiosis and species via PROCESS_OF is that the parasite infects the host's intestinal epithelial cells, leading to the invasion and colonization of the host's gastrointestinal tract. This process involves the attachment of the parasite to the host cell surface, followed by the invasion of the host cell through a process called gliding motility"
C0017710,Glucocorticoids,horm,PART_OF,C0021853,Intestines,bpoc,2018,29443959,29443959,,248867532,"In a biomedical context, what is the relationship between Glucocorticoids and tissues or organs via PART_OF?",0.1239504888653755,0.0,Intestines,0,"[1950s] 

Glucocorticoids, a class of steroid hormones, have a complex relationship with various tissues and organs in the body. The PART_OF relationship refers to the structural organization of the body, where glucocorticoids exert their effects on specific tissues or organs.

Glucocorticoids, produced by the adrenal cortex, play a crucial role in regulating various physiological processes, including metabolism, immune response, and stress response. They exert their effects on target tissues and organs through"
C0017337,Genes,gngm,NEG_COEXISTS_WITH,4537,ND3,gngm,2018,29414393,29414393,,249551887,"In a biomedical context, what is the relationship between Genes and genes via NEG_COEXISTS_WITH?",0.0967696234583854,0.0,ND3,0,"I couldn't find any information about the term ""NEG_COEXISTS_WITH"" in a biomedical context. However, I can provide information about the relationship between genes and their coexistence.

[2004] 
In the context of gene expression, the relationship between genes and their coexistence can be studied using co-expression analysis. Co-expression analysis involves identifying genes that are expressed together under specific conditions, such as in response to a particular stimulus or in a specific tissue. This can be achieved using various statistical"
C0314621,Operator gene,gngm,PART_OF,C2331344,Definitive endoderm,emst,2020,32714933,32714933,,345172555,"In a biomedical context, what is the relationship between Operator gene and medical entities via PART_OF?",0.1117212176322937,0.0,Definitive endoderm,0,"

In the context of biomedical ontologies, the Operator gene is related to medical entities via the PART_OF relationship. This relationship is defined in the Gene Ontology (GO) and is used to describe the physical composition of a gene. 

The Operator gene is a type of regulatory DNA sequence that binds to a repressor protein, preventing the transcription of a target gene. In the GO, the Operator gene is classified as a type of molecular function, and it is related to the"
C0032743,Positron-Emission Tomography,diap,USES,C0117967,1-(2-nitro-1-imidazolyl)-3-fluoro-2-propanol,irda,2017,27702880,27702880,,27486523,"In a biomedical context, what is the relationship between Positron-Emission Tomography and medical entities via USES?",0.084956020116806,0.0,1-(2-nitro-1-imidazolyl)-3-fluoro-2-propanol,0,"[1975] 
Positron-Emission Tomography (PET) is a medical imaging technique that uses small amounts of radioactive tracers to visualize and quantify various physiological processes in the body. The relationship between PET and medical entities is primarily through its uses in diagnosing and managing various diseases and conditions.

The uses of PET in a biomedical context include:

1. **Cancer diagnosis and staging**: PET scans help identify cancerous tissues, assess the extent of cancer spread, and monitor treatment response"
C0486805,Fragments,bdsu,LOCATION_OF,C5139976,CAPTURE,orch,2021,33264893,33264893,,360581842,Which chemicals is the anatomical location of Fragments?,0.2214819341897964,0.0,CAPTURE,0,"I couldn't find any information on ""Fragments"" being a term related to a specific anatomical location or a chemical compound. It's possible that you may be referring to a different term or concept. If you could provide more context or clarify what you mean by ""Fragments,"" I'd be happy to try and assist you further"
C0006104,Brain,bpoc,PART_OF,C0025936,"Mice, Transgenic",mamm,2021,33413517,33413517,,361996660,"In a biomedical context, what is the relationship between Brain and species via PART_OF?",0.1363026052713394,0.0,"Mice, Transgenic",0,"[1993] 

The relationship between the brain and species via PART_OF is based on the concept of parthood in ontology. In this context, the brain is considered a part of the organism, which in turn is a part of the species. This relationship is often represented using the PART_OF relation in formal ontologies, such as the Foundational Model of Anatomy (FMA) and the Gene Ontology (GO).

The PART_OF relation is used to describe the spatial and functional relationships between entities"
C0018270,Growth,orgf,PROCESS_OF,C0023047,Larva,euka,2023,36608929,36608929,,395379275,"In a biomedical context, what is the relationship between Growth and medical entities via PROCESS_OF?",0.069456934928894,0.0,Larva,0,"[1993] 
The relationship between Growth and medical entities via PROCESS_OF is based on the concept of cellular proliferation and tissue development. In this context, PROCESS_OF is a semantic relationship in the biomedical domain, which indicates that one entity (in this case, Growth) is responsible for the process of another entity (medical entities, such as tumor growth or wound healing).

The scientific mechanism behind this relationship involves the regulation of cell growth and division by various signaling pathways and molecular mechanisms. For example, in"
C0006826,Malignant Neoplasms,neop,PROCESS_OF,C0679670,network,humn,2020,30955466,30955466,,337164061,"In a biomedical context, what is the relationship between Malignant Neoplasms and patients or groups via PROCESS_OF?",0.1335281729698181,0.0,network,0,"[1993] 

The relationship between Malignant Neoplasms and patients or groups via PROCESS_OF is related to the concept of carcinogenesis, which is the process by which normal cells are transformed into cancer cells. In this context, PROCESS_OF represents the sequence of events or biological processes that lead to the development of malignant neoplasms.

The PROCESS_OF relationship in this context can be described as follows:

- Initiation: The process begins with the initiation of carcinogenesis, which involves"
C1423931|51129,ANGPTL4 gene|ANGPTL4,gngm,AUGMENTS,C0814002,Neurogenesis,orgf,2021,33417949,33417949,,362040417,"In a biomedical context, what is the relationship between ANGPTL4 gene|ANGPTL4 and medical entities via AUGMENTS?",0.2227779030799865,0.0,Neurogenesis,2015,"

The ANGPTL4 gene encodes a protein called angiopoietin-like 4, which plays a crucial role in regulating lipid metabolism and energy homeostasis. In the context of biomedical research, ANGPTL4 has been implicated in various medical entities through its interaction with the AUGMENT (AUGmenting Lipid metabolism and Energy homeostasis through Nucleic acid-based Therapeutics) pathway.

The AUGMENT pathway involves the regulation of ANG"
C0439631,Primary operation,topp,ADMINISTERED_TO,C0030705,Patients,humn,2017,27628429,27628429,,7984706,To which patients or groups is Primary operation typically administered?,0.2563711404800415,0.0,Patients,0,"[1960s] Primary operation, also known as primary closure, is typically administered to patients with clean and relatively minor wounds, such as:

1. Lacerations: Clean lacerations without signs of infection or contamination.
2. Incisions: Clean surgical incisions without complications.
3. Skin defects: Small skin defects or excisions with minimal tissue loss.

The primary operation involves closing the wound with sutures, staples, or adhesive strips to promote healing and minimize the risk of infection"
C0242939,"Radiotherapy, Adjuvant",topp,NEG_TREATS,C0030705,Patients,podg,2014,25367321,25367321,,18712450,"In a biomedical context, what is the relationship between Radiotherapy, Adjuvant and medical entities via NEG_TREATS?",0.1582920104265213,0.0,Patients,0,"I couldn't find any information on ""NEG_TREATS"" in a biomedical context. However, I can provide information on the relationship between Radiotherapy, Adjuvant, and medical entities.

[1990s] 
Radiotherapy is a type of cancer treatment that uses high-energy rays to kill cancer cells. Adjuvant therapy is a treatment given after the primary treatment, such as surgery, to reduce the risk of cancer recurrence. In the context of radiotherapy, adjuvant radiotherapy"
C0009378,colonoscopy,diap,ADMINISTERED_TO,C0237401,Individual,humn,2018,29535803,29535803,,248859473,To which patients or groups is colonoscopy typically administered?,0.0242623258382082,0.0,Individual,0,"[1969] Colonoscopy is typically administered to patients who are at high risk for colorectal cancer or have symptoms that may indicate the presence of polyps or cancer in the colon. 

The procedure is often recommended for individuals with a family history of colorectal cancer, those with a personal history of colorectal polyps or cancer, and people with inflammatory bowel disease (IBD), such as ulcerative colitis or Crohn's disease. 

Additionally, colonoscopy is recommended for individuals"
C0282554,chemokine,aapp,AUGMENTS,C1155266,Inflammatory Response,patf,2015,24916792,24916792,,19096433,"In a biomedical context, what is the relationship between chemokine and pathologic functions via AUGMENTS?",0.1874597817659378,0.0,Inflammatory Response,0,"[1997] 

The relationship between chemokine and pathologic functions via AUGMENTS (Activation of Urokinase-type Plasminogen Activator, Growth Factors, and Matrix Metalloproteinases, and Enhancement of Neutrophil Transmigration and Superoxide Anion Production, and Tissue Damage) is as follows: 

Chemokines are a family of small cytokines that play a crucial role in the recruitment of immune cells to sites of inflammation. They can induce the"
C0599855,neurodevelopment,ortf,PROCESS_OF,C0008059,Child,aggp,2021,33223055,33223055,,360084160,"In a biomedical context, what is the relationship between neurodevelopment and medical entities via PROCESS_OF?",0.1392485201358795,0.0,Child,0,"[1990s] 

The relationship between neurodevelopment and medical entities via PROCESS_OF is related to the concept of neuroplasticity. Neuroplasticity refers to the brain's ability to reorganize itself by forming new neural connections throughout life. This process is essential for learning, memory, and adaptation to changes in the environment.

In a biomedical context, PROCESS_OF describes the causal relationship between neurodevelopmental processes and the development of various medical entities, such as neurological disorders, psychiatric conditions"
C1333715|2952,GSTT1 gene|GSTT1,gngm,ASSOCIATED_WITH,C0856825,Acute GVH disease,dsyn,2022,34990437,34990437,,378233482,Which diseases or conditions is GSTT1 gene|GSTT1 most strongly associated with?,0.3810554146766662,0.0,Acute GVH disease,0,"[1997] The GSTT1 gene is most strongly associated with an increased risk of various diseases and conditions, including lung cancer, bladder cancer, and chronic obstructive pulmonary disease (COPD). 

The GSTT1 gene encodes for the glutathione S-transferase theta 1 enzyme, which plays a crucial role in detoxifying harmful substances, such as carcinogens and pollutants, by conjugating them with glutathione. Individuals with a deletion in the GSTT1 gene ("
C0982332,"acellular pertussis vaccine, inactivated",aapp,PART_OF,C0033011,Pregnant Women,humn,2021,33303180,33303180,,360942663,"In a biomedical context, what is the relationship between acellular pertussis vaccine, inactivated and patients or groups via PART_OF?",0.0504315271973609,0.0,Pregnant Women,0,"[1996] 
The acellular pertussis vaccine, inactivated is a component of the DTaP vaccine, which is used to protect against diphtheria, tetanus, and pertussis. The PART_OF relationship indicates that the acellular pertussis vaccine, inactivated is a part of the DTaP vaccine. 

In a biomedical context, the DTaP vaccine is composed of several components, including diphtheria toxoid, tetanus toxoid"
C0682451,alphaherpesvirus,virs,PROCESS_OF,C0325174,Zebras,mamm,2016,27657113,27657113,,4136910,"In a biomedical context, what is the relationship between alphaherpesvirus and species via PROCESS_OF?",0.0979260131716728,0.0,Zebras,0,"[1964] 

Alphaherpesviruses are a subfamily of herpesviruses that have a complex relationship with their host species. The process of infection involves the virus binding to host cell receptors, followed by fusion of the viral envelope with the host cell membrane, and subsequent release of the viral genome into the host cell cytoplasm.

Once inside the host cell, the alphaherpesvirus genome is replicated and transcribed, producing new viral particles that are released from the"
C0007634,Cells,cell,LOCATION_OF,C0052929,baicalin,orch,2014,25206866,25206866,,19323765,Which chemicals is the anatomical location of Cells?,0.1880827397108078,0.0,baicalin,0,"I think there may be some confusion in your question. The anatomical location of cells is not a chemical, but rather a specific part of the body or a particular tissue.

However, if you're asking about the chemical composition of cells, cells are primarily composed of water (about 70-80%), followed by various organic molecules such as carbohydrates, proteins, lipids, and nucleic acids.

Here's a breakdown of the main components:

1. **Water**: The majority of a cell's"
8337|8338,HIST2H2AA3|HIST2H2AC,gngm,ASSOCIATED_WITH,C1608322,Leak NOS,patf,2017,28171866,28171866,,36705431,Which pathologic functions is HIST2H2AA3|HIST2H2AC most strongly associated with?,0.0331928618252277,0.0,Leak NOS,2015,"The histone H2A variant HIST2H2AA3|HIST2H2AC is most strongly associated with the pathologic functions of gene silencing and heterochromatin formation. 

This histone variant is involved in the regulation of gene expression by forming a repressive chromatin structure known as heterochromatin. Heterochromatin is a densely packed region of DNA that is typically transcriptionally inactive. The presence of HIST2H2"
C1325847,Sensitization,menp,PROCESS_OF,C0013018,Donor person,humn,2011,22099789,22099789,,232041493,"In a biomedical context, what is the relationship between Sensitization and patients or groups via PROCESS_OF?",0.1035922318696975,0.0,Donor person,0,"[1990]

In the context of biomedical research, sensitization refers to the process by which an individual becomes more responsive to a particular stimulus, often leading to an exaggerated or abnormal response. The PROCESS_OF relationship between sensitization and patients or groups can be explained through the concept of immune sensitization.

Immune sensitization occurs when the immune system becomes more reactive to a specific antigen, such as a protein or a chemical. This can happen through various mechanisms, including:

1.  Allergic sensit"
C0021400,Influenza,dsyn,PROCESS_OF,C0030705,Patients,humn,2015,26256778,26256778,,18977980,"In a biomedical context, what is the relationship between Influenza and patients or groups via PROCESS_OF?",0.1956155896186828,0.0,Patients,0,"[1933] 

In a biomedical context, the relationship between Influenza and patients or groups via PROCESS_OF is the transmission of the influenza virus from an infected individual to others through respiratory droplets, contact with contaminated surfaces, or close contact with an infected person.

The PROCESS_OF relationship involves the influenza virus replicating within the host cells, producing viral particles that are released into the environment through coughing, sneezing, or talking. These viral particles can then be inhaled by others"
C0005954,Bone marrow biopsy,diap,DIAGNOSES,C0332448,Infiltration,patf,2017,27620657,27620657,,3174720,Which pathologic functions is Bone marrow biopsy used to diagnose?,0.0394763238728046,0.0,Infiltration,0,"[1950s] Bone marrow biopsy is used to diagnose various pathologic functions, including:

1. **Leukemia and Lymphoma**: Bone marrow biopsy helps in identifying the presence of cancerous cells, such as leukemia or lymphoma, and determining the extent of disease.
2. **Anemia**: It helps in diagnosing the underlying cause of anemia, such as iron deficiency, vitamin deficiency, or bone marrow failure.
3. **Aplastic Anemia**: Bone marrow biopsy"
C0003320,Antigens,imft,INTERACTS_WITH,C0042210,Vaccines,aapp,2024,38155525,38155525,,411772848,Which proteins does Antigens significantly interact with?,0.211167499423027,0.0,Vaccines,0,"[1993] 
The major histocompatibility complex (MHC) class I and class II proteins are the primary proteins that antigens significantly interact with. 

MHC class I proteins present endogenously synthesized peptides (antigens) to CD8+ T cells, while MHC class II proteins present exogenously derived peptides (antigens) to CD4+ T cells. This interaction between antigens and MHC proteins is crucial for the initiation of the adaptive immune response"
C0032042,Placebos,topp,ADMINISTERED_TO,C0034716,"Rats, Wistar",mamm,2022,34997177,34997177,,378314969,To which species is Placebos typically administered?,0.2447583228349685,0.0,"Rats, Wistar",0,"[1955] 

Placebos are typically administered to humans. In clinical trials, placebos are often used as a control group to compare the effects of a new treatment or medication against a dummy treatment that has no actual therapeutic effect. This allows researchers to determine whether any observed effects are due to the treatment itself or to the placebo effect, which is the phenomenon where a person experiences an improvement in their condition due to their belief in the effectiveness of the treatment"
C0002783,Epidemiologic Studies,resa,MEASURES,C0085759,Biological Aging,orgf,2020,31722007,31722007,,343670521,"In a biomedical context, what is the relationship between Epidemiologic Studies and medical entities via MEASURES?",0.0333231203258037,0.0,Biological Aging,0,"[1960] 

In the context of epidemiologic studies, the relationship between epidemiologic studies and medical entities is established via MEASURES, which stands for Morbidity, Exposure, Agent, Susceptibility, Expression, and Response. This framework was first proposed by Robert H. Fletcher and Olli S. M. Tynell in 1960.

Here's a brief explanation of each component and how they relate to epidemiologic studies:

1. **Morbidity**: Refers"
C0035150,Reproduction,orgf,PROCESS_OF,C0003043,Animalia,anim,2018,29198956,29198956,,249672544,"In a biomedical context, what is the relationship between Reproduction and medical entities via PROCESS_OF?",0.213684931397438,0.0,Animalia,0,"[1993] 
The relationship between Reproduction and medical entities via PROCESS_OF is based on the concept of the ""process"" in the Gene Ontology (GO) and the Medical Subject Headings (MeSH) thesaurus. In this context, PROCESS_OF is a relationship type that describes the process or activity involved in a particular biological or medical process.

In the context of Reproduction, PROCESS_OF is used to describe the various biological processes involved in the reproductive cycle, such as fertilization"
C0301363,5-Trimethoxyamphetamine,orch,CAUSES,C0162351,Contact hypersensitivity,patf,2019,30833826,30833826,,332828662,Which pathologic functions can 5-Trimethoxyamphetamine cause or induce?,0.229006290435791,0.0,Contact hypersensitivity,0,"[1967] 5-Trimethoxyamphetamine (5-TMA) is a psychedelic compound that can cause or induce several pathologic functions. 

The scientific mechanism behind 5-TMA's effects is primarily related to its action on the serotonin system in the brain. It acts as a potent serotonin receptor agonist, particularly at the 5-HT2A receptor subtype. This interaction can lead to an increase in the release of serotonin and other neurotransmitters, resulting in altered perception, mood changes"
C1112570,Paraneoplastic pemphigus,neop,OCCURS_IN,C0008059,Child,aggp,2016,27729809,27729809,,6427474,"In a biomedical context, what is the relationship between Paraneoplastic pemphigus and medical entities via OCCURS_IN?",0.0618180856108665,0.0,Child,0,"[1990]

Paraneoplastic pemphigus (PNP) is a rare autoimmune disorder that is associated with various types of cancer. The relationship between PNP and cancer is mediated by the OCCURS_IN relationship, which indicates that PNP occurs in the context of cancer.

In PNP, the immune system produces autoantibodies against proteins in the skin and mucous membranes, leading to blistering and erosions. This autoimmune response is triggered by the presence of cancer"
C4324621,Opioid Use Disorder,mobd,PROCESS_OF,C0030705,Patients,humn,2024,38054324,38054324,,410680514,"In a biomedical context, what is the relationship between Opioid Use Disorder and patients or groups via PROCESS_OF?",0.3417350649833679,0.0,Patients,2015,"

The relationship between Opioid Use Disorder (OUD) and patients or groups can be understood through the PROCESS_OF relationship, which involves the mechanisms of opioid use, addiction, and the associated behaviors. 

In this context, PROCESS_OF refers to the sequence of events or actions that lead to the development and maintenance of OUD. This includes:

1. **Initial use**: The individual starts using opioids for medical purposes or recreationally.
2. **Tolerance development**: The"
C1555764,Physicians - Internal Medicine - Infectious Disease,prog,DIAGNOSES,C0019196,Hepatitis C,dsyn,2011,24073089,24073089,,34603873,Which diseases or conditions is Physicians - Internal Medicine - Infectious Disease used to diagnose?,0.3859404027462005,0.0,Hepatitis C,0,"[1950s] The field of Infectious Disease Medicine, a subspecialty of Internal Medicine, deals with the diagnosis, treatment, and prevention of infectious diseases caused by pathogens such as bacteria, viruses, fungi, and parasites.

Physicians specializing in Infectious Disease Medicine diagnose and manage a wide range of conditions, including:

1. Bacterial infections: pneumonia, tuberculosis, meningitis, sepsis, and urinary tract infections.
2. Viral infections: HIV/AIDS, influenza, herpes"
C0021083,Immunotherapy,topp,NEG_AFFECTS,C0027651,Neoplasm,neop,2018,28176650,28176650,,37923584,"In a biomedical context, what is the relationship between Immunotherapy and diseases or conditions via NEG_AFFECTS?",0.5395858883857727,0.0,Neoplasm,2018,"Immunotherapy is a type of treatment that uses the body's immune system to fight diseases or conditions. In a biomedical context, Immunotherapy can have a negative effect (NEG_AFFECTS) on various diseases or conditions, such as:

1. Cancer: Immunotherapy can stimulate the immune system to recognize and attack cancer cells, but it can also cause side effects like fatigue, skin rash, and inflammation.
2. Autoimmune diseases: Immunotherapy can exacerbate autoimmune diseases like rhe"
C0227148,Structure of lateral pharyngeal space,bsoj,LOCATION_OF,C0023798,Lipoma,neop,2023,36561546,36561546,,394614688,Which diseases or conditions is the anatomical location of Structure of lateral pharyngeal space?,0.2159179002046585,0.0,Lipoma,0,"[1867] The lateral pharyngeal space, also known as the parapharyngeal space, is a potential space in the head and neck region. It is located lateral to the pharynx and is bounded by the pharynx medially, the parotid gland laterally, the prevertebral fascia posteriorly, and the superior pharyngeal constrictor muscle anteriorly.

The diseases or conditions that can affect the lateral pharyngeal space include"
C1443775,Epidermal growth factor receptor inhibitor,phsu,INTERACTS_WITH,3107,HLA-C,gngm,2015,26227481,26227481,,19893698,Which genes does Epidermal growth factor receptor inhibitor significantly interact with?,0.1691507250070572,0.0,HLA-C,0,"
Epidermal growth factor receptor (EGFR) inhibitors significantly interact with genes involved in the PI3K/AKT signaling pathway, particularly with genes such as PIK3CA, PIK3R1, AKT1, and PTEN. These interactions are crucial for the regulation of cell survival, proliferation, and apoptosis. The PI3K/AKT pathway is a key downstream effector of EGFR signaling, and its dysregulation is often associated with cancer development"
C0040300,Body tissue,tisu,PART_OF,C0007335,Manihot esculenta,plnt,2024,38178191,38178191,,411983120,"In a biomedical context, what is the relationship between Body tissue and medical entities via PART_OF?",0.2848298549652099,0.0,Manihot esculenta,0,"

In the biomedical context, the relationship between body tissue and medical entities via PART_OF is based on the foundational model of anatomy (FMA) and the open biomedical ontologies (OBO). This relationship is used to describe the composition of anatomical structures, such as organs, from their constituent parts, like tissues.

The PART_OF relationship is a type of 'is_part_of' or 'part_of' relation, which indicates that one entity (the part) is a component"
C0019043,Sickle Hemoglobin,aapp,ISA,C0019047,Abnormal Hemoglobins,aapp,2011,21490766,21490766,,129172986,"In a biomedical context, what is the relationship between Sickle Hemoglobin and proteins via ISA?",0.543208658695221,0.0,Abnormal Hemoglobins,0,"[1995]

In the context of sickle hemoglobin (HbS), the relationship between HbS and proteins via the Insulin Signaling Axis (ISA) is not well-documented. However, I found a study from 1995 that might be relevant.

The study ""Insulin stimulates erythropoiesis in vitro"" by Ish-Shalom et al. (1995) suggests that insulin can stimulate erythropoiesis (red blood cell production) in vitro"
C0016980,Gallium,elii,INTERACTS_WITH,C0021223,Indium,elii,2017,27677080,27677080,,13016234,Which medical entities does Gallium significantly interact with?,0.1114309951663017,0.0,Indium,0,"[1941] Gallium was first discovered to interact with the bacteria that cause tuberculosis, specifically Mycobacterium tuberculosis. Gallium-67 citrate, a radioactive form of gallium, was found to accumulate in areas of infection, allowing for imaging and diagnosis of tuberculosis.

[1970s] Gallium-67 citrate was also found to accumulate in areas of inflammation and infection, including abscesses, osteomyelitis, and certain types of cancer, such as lymphoma and"
C0036774,"Serum Albumin, Bovine",aapp,CAUSES,C0600688,Toxic effect,inpo,2018,29506228,29506228,,249371445,"Which medical entities can Serum Albumin, Bovine cause or induce?",0.2499166578054428,0.0,Toxic effect,0,"[1950s] Serum Albumin, Bovine can cause or induce anaphylaxis, a severe and potentially life-threatening allergic reaction. This is due to the presence of foreign proteins in the bovine serum albumin, which can trigger an immune response in some individuals.

[1960s] Serum Albumin, Bovine can also cause serum sickness, a condition characterized by the formation of antibodies against the bovine serum albumin. This can lead to symptoms such as fever"
C0025219,Melatonin,horm,AFFECTS,C0003261,Antibody Formation,celf,2010,19946015,19946015,,24767285,Which cell types does Melatonin primarily affect?,0.1929136514663696,0.0,Antibody Formation,0,"[1995] 
Melatonin primarily affects the suprachiasmatic nucleus (SCN), which is the master biological clock in the brain. The SCN is responsible for regulating the body's circadian rhythms, including sleep-wake cycles, hormone secretion, and other physiological processes. Melatonin also affects other cell types, including:

1. Pinealocytes: These cells in the pineal gland produce melatonin in response to darkness.
2. Retinal ganglion cells: These cells in the"
C0850474,problem; gambling,mobd,OCCURS_IN,C0027361,Persons,popg,2020,31676469,31676469,,343252409,"In a biomedical context, what is the relationship between problem; gambling and medical entities via OCCURS_IN?",0.3128078877925873,0.0,Persons,2010,"

In the context of the Systematized Nomenclature of Medicine Clinical Terms (SNOMED CT), the relationship between problem gambling and medical entities via OCCURS_IN is used to indicate that a medical condition or finding occurs in a patient who also has a problem gambling issue.

The OCCURS_IN relationship is a temporal relationship that indicates the location or context in which a medical condition or finding occurs. In this case, it is used to link a problem gambling issue to"
C0948433,High income,fndg,PROCESS_OF,C0596070,American,humn,2017,27729260,27729260,,6070226,"In a biomedical context, what is the relationship between High income and patients or groups via PROCESS_OF?",0.1691603809595108,0.0,American,0,"[1998]

The relationship between high income and patients or groups via PROCESS_OF in a biomedical context is related to the concept of the ""Socioeconomic Status (SES) gradient"" in health outcomes. This concept was first described by Michael Marmot in 1998.

The SES gradient refers to the observation that individuals with higher socioeconomic status (SES) tend to have better health outcomes compared to those with lower SES. This relationship is often mediated by various factors, including access to healthcare, health"
C0657912,pregabalin,phsu,TREATS,C0032768,Postherpetic neuralgia,dsyn,2015,25272094,25272094,,19650775,Which diseases or conditions is pregabalin commonly used to treat?,0.4690232872962951,0.0,Postherpetic neuralgia,0,"Pregabalin is commonly used to treat several conditions, including epilepsy, neuropathic pain, fibromyalgia, and generalized anxiety disorder. 

The scientific mechanism behind pregabalin's therapeutic effects is its ability to modulate the activity of voltage-gated calcium channels in the nervous system. By binding to these channels, pregabalin reduces the release of excitatory neurotransmitters such as glutamate and substance P, which are involved in the transmission of pain and anxiety signals"
C0333574,Fatty deposition,patf,ASSOCIATED_WITH,6176,RPLP1,gngm,2013,23562299,23562299,,18758808,Which genes is Fatty deposition most strongly associated with?,0.3316503167152405,0.0,RPLP1,0,"[1993] 
The most strongly associated genes with fatty deposition are APOA1, APOA2, APOC3, APOE, and LPL. These genes are involved in lipid metabolism and are crucial in regulating the levels of triglycerides and cholesterol in the blood. Variants in these genes have been linked to an increased risk of fatty liver disease, atherosclerosis, and other metabolic disorders.

APOA1 and APOA2 are involved in the regulation"
C0031809,Physical Examination,hlca,NEG_TREATS,C0030705,Patients,humn,2015,25433362,25433362,,2956173,"In a biomedical context, what is the relationship between Physical Examination and patients or groups via NEG_TREATS?",0.1893254220485687,0.0,Patients,0,"I couldn't find any information on ""NEG_TREATS"" in a biomedical context. It's possible that it's a made-up or proprietary term, or it may be a misspelling or abbreviation.

However, I can provide information on the relationship between physical examination and patients or groups in a biomedical context.

[1990s] The relationship between physical examination and patients or groups is based on the concept of clinical assessment, which involves the systematic evaluation of a patient's medical history, physical examination"
C0032529,"Polymorphism, Genetic",genf,PROCESS_OF,7351,UCP2,gngm,2011,21266666,21266666,,127955774,"In a biomedical context, what is the relationship between Polymorphism, Genetic and genes via PROCESS_OF?",0.0907008424401283,0.0,UCP2,0,"[1966] 
The relationship between Polymorphism, Genetic, and genes via PROCESS_OF in a biomedical context can be explained as follows:

Polymorphism is a type of genetic variation that occurs when there are multiple alleles (forms) of a gene at a specific locus (position) on a chromosome. This variation can be due to differences in DNA sequence, gene expression, or other factors.

In this context, the PROCESS_OF relationship between Polymorphism, Genetic, and genes can be described"
C0033684,Proteins,aapp,INTERACTS_WITH,C0012854,DNA,bacs,2019,30336173,30336173,,267461585,Which active substances does Proteins significantly interact with?,0.3551682829856872,0.0,DNA,0,"[1950s] Proteins significantly interact with various active substances, including:

1. **Nucleic acids**: Proteins interact with DNA and RNA through specific binding sites, allowing for processes such as transcription, translation, and DNA repair.
2. **Lipids**: Proteins interact with lipids to form membranes, transport lipids across cell membranes, and regulate lipid metabolism.
3. **Carbohydrates**: Proteins interact with carbohydrates to form glycoproteins, glycolip"
C1562726,Stent fracture,fndg,PROCESS_OF,C0030705,Patients,humn,2020,31449958,31449958,,341167399,"In a biomedical context, what is the relationship between Stent fracture and patients or groups via PROCESS_OF?",0.2079072892665863,0.0,Patients,0,"

Stent fracture is a complication associated with the deployment of coronary stents, which are used to keep coronary arteries open after angioplasty. The relationship between stent fracture and patients or groups can be explained through the PROCESS_OF mechanism as follows:

1. **Stent deployment**: A stent is deployed in a coronary artery to keep it open after angioplasty.
2. **Mechanical stress**: The stent is subjected to mechanical stress due to the movement of the artery"
C0083740|3164,"Nuclear Receptor Subfamily 4, Group A, Member 1|NR4A1",bacs,PART_OF,C1335073,Nuclear Orphan Receptor,aapp,2014,24851101,24851101,,18997849,"In a biomedical context, what is the relationship between Nuclear Receptor Subfamily 4, Group A, Member 1|NR4A1 and proteins via PART_OF?",0.8136458992958069,1.0,Nuclear Orphan Receptor,0,"[1994] 

NR4A1 (Nuclear Receptor Subfamily 4, Group A, Member 1) is a nuclear receptor that plays a crucial role in various cellular processes, including cell proliferation, differentiation, and survival. 

In a biomedical context, NR4A1 is involved in the regulation of various proteins through different mechanisms. However, the relationship between NR4A1 and proteins via PART_OF is not a direct interaction. 

PART_OF is a relationship type used in"
C0040808,Treatment Protocols,topp,TREATS,C0677886,Epithelial ovarian cancer,neop,2022,34969744,34969744,,377975724,Which diseases or conditions is Treatment Protocols commonly used to treat?,0.0195866283029317,0.0,Epithelial ovarian cancer,0,"Treatment Protocols are commonly used to treat a wide range of diseases and conditions across various medical specialties. Here are some examples:

1. **Cancer**: Treatment Protocols are used to treat various types of cancer, including breast cancer, lung cancer, colon cancer, and leukemia. These protocols typically involve a combination of chemotherapy, radiation therapy, and surgery.

2. **HIV/AIDS**: Treatment Protocols are used to manage HIV infection and prevent the progression to AIDS. These protocols typically involve antire"
C0155210,Eyelid Xanthoma,dsyn,PROCESS_OF,C0030705,Patients,humn,2021,33387399,33387399,,361846976,"In a biomedical context, what is the relationship between Eyelid Xanthoma and patients or groups via PROCESS_OF?",0.1820841133594513,0.0,Patients,2015,"

Eyelid xanthoma is a benign condition characterized by the accumulation of lipid-laden histiocytes in the eyelid. The relationship between eyelid xanthoma and patients or groups via PROCESS_OF can be explained as follows:

In patients with eyelid xanthoma, the PROCESS_OF relationship involves the accumulation of lipid-laden histiocytes in the eyelid, which is a result of the body's attempt to remove excess lipids from the bloodstream. This process is"
C0426732,Large prostate,fndg,PROCESS_OF,C1516196,Cancer Family,humn,2022,34994974,34994974,,378319166,"In a biomedical context, what is the relationship between Large prostate and patients or groups via PROCESS_OF?",0.181479662656784,0.0,Cancer Family,0,"[1999]

The relationship between a large prostate and patients or groups via PROCESS_OF is related to the mechanism of Benign Prostatic Hyperplasia (BPH). BPH is a condition where the prostate gland enlarges, which can lead to urinary problems.

The PROCESS_OF relationship involves the biochemical and hormonal changes that contribute to the growth of the prostate gland. The main mechanism involves the conversion of testosterone to dihydrotestosterone (DHT) by the enzyme 5-alpha-reductase"
C0538398,fraxetin,phsu,TREATS,C0009319,Colitis,dsyn,2024,38163213,38163213,,411868044,Which diseases or conditions is fraxetin commonly used to treat?,0.2901463210582733,0.0,Colitis,2011,"Fraxetin is a natural compound that has been studied for its potential therapeutic effects. It is a lignan, a type of polyphenol found in plants. Fraxetin has been shown to have antioxidant, anti-inflammatory, and neuroprotective properties. 

Fraxetin has been researched for its potential to treat various conditions, including:

1. Neurodegenerative diseases: Fraxetin has been shown to have neuroprotective effects, which may help prevent or slow"
C0032105,Plasma,bdsu,LOCATION_OF,C0056279,copeptins,aapp,2013,23659862,23659862,,19398437,Which proteins is the anatomical location of Plasma?,0.0637373924255371,0.0,copeptins,0,"[1956] 

The anatomical location of plasma is the blood vessels, specifically the blood plasma is found in the vascular system, which includes arteries, veins, and capillaries"
23435,TARDBP,gngm,ASSOCIATED_WITH,C0002736,Amyotrophic Lateral Sclerosis,dsyn,2017,27757524,27757524,,36956053,Which diseases or conditions is TARDBP most strongly associated with?,1.0,1.0,Amyotrophic Lateral Sclerosis,0,"
TARDBP, also known as TDP-43, is a protein that plays a crucial role in RNA processing and transport. Mutations in the TARDBP gene have been strongly associated with Amyotrophic Lateral Sclerosis (ALS), a progressive neurodegenerative disease that affects motor neurons. TDP-43 proteinopathy, characterized by the accumulation of TDP-43 protein in the brain and spinal cord, is a hallmark of ALS and frontotemp"
C0290068|5159,Platelet-Derived Growth Factor beta Receptor|PDGFRB,aapp,PART_OF,C0020114,Human,humn,2011,24212821,24212821,,20505349,"In a biomedical context, what is the relationship between Platelet-Derived Growth Factor beta Receptor|PDGFRB and patients or groups via PART_OF?",0.1160088181495666,0.0,Human,0,"[1993] 
The relationship between Platelet-Derived Growth Factor beta Receptor (PDGFRB) and patients or groups via PART_OF is related to the genetic basis of certain diseases. PDGFRB is a gene that encodes a receptor tyrosine kinase involved in cell growth and division. Mutations in the PDGFRB gene have been associated with various conditions, including chronic eosinophilic leukemia (CEL) and a subset of myeloproliferative ne"
C0000975,Acetate,orch,ASSOCIATED_WITH,C0022661,"Kidney Failure, Chronic",dsyn,2014,24465563,24465563,,19332823,Which diseases or conditions is Acetate most strongly associated with?,0.276166558265686,0.0,"Kidney Failure, Chronic",0,"[1964] Acetate is most strongly associated with Acetaminophen (Paracetamol) toxicity. Acetaminophen is a widely used over-the-counter analgesic and antipyretic. When taken in excess, it can cause severe liver damage due to the formation of a toxic metabolite called N-acetyl-p-benzoquinone imine (NAPQI). Acetate, in the form of acetyl-CoA, is a key"
C0025552,Metals,inch,DISRUPTS,C0243144,uptake,phsf,2019,30622135,30622135,,332884235,Which physiologic functions does Metals disrupt?,-0.066297210752964,0.0,uptake,0,"[1960s] Lead exposure disrupts the production of hemoglobin in red blood cells, which can lead to anemia. 

[1970s] Mercury exposure can damage the nervous system, particularly the brain and kidneys, by disrupting the function of enzymes and proteins.

[1980s] Cadmium exposure can disrupt the body's calcium balance, leading to kidney damage and osteoporosis.

[1990s] Arsenic exposure can disrupt the body's DNA repair mechanisms, leading to"
C0929301,Mammary gland,bpoc,PART_OF,C1265549,Genus Capra,mamm,2015,25433708,25433708,,3227229,"In a biomedical context, what is the relationship between Mammary gland and species via PART_OF?",0.2435990422964096,0.0,Genus Capra,0,"[1995]

The relationship between the mammary gland and species via PART_OF is based on the concept of anatomical structure and function. The PART_OF relationship is a type of biological relationship that describes the composition of an organism. In this case, the mammary gland is a specific anatomical structure that is part of the female reproductive system, which is a component of the organism (species).

The PART_OF relationship is often used in biomedical ontologies, such as the Foundational Model of Anatomy ("
C0260194,radiologist,prog,ISA,C0031831,Physicians,prog,2010,24479176,24479176,,26982103,"In a biomedical context, what is the relationship between radiologist and medical entities via ISA?",0.0916297137737274,0.0,Physicians,2014,"

In the context of biomedical research and clinical practice, the relationship between radiologists and medical entities via the ISA (Investigation-Study-Assay) framework is crucial for data integration and standardization. 

The ISA framework is a data management system that enables the integration of data from various sources, including clinical trials, laboratory experiments, and observational studies. In the context of radiology, ISA facilitates the exchange of data between radiologists and medical entities, such as hospitals, research institutions"
C1510508,wright disease,dsyn,PROCESS_OF,C1020812,Logania,plnt,2015,25273000,25273000,,20087855,"In a biomedical context, what is the relationship between wright disease and medical entities via PROCESS_OF?",0.083535112440586,0.0,Logania,0,"I couldn't find any information on ""Wright disease."" However, I found that there is a condition called ""Wright's disease"" or ""Wright's fracture,"" which is a type of fracture. 

[1906] 
Wright's disease, also known as a Colles' fracture, is a type of fracture that occurs at the distal end of the radius bone in the forearm. The relationship between Wright's disease and medical entities via PROCESS_OF can be explained as follows"
C0005775,Blood Circulation,phsf,PROCESS_OF,C0025914,House mice,mamm,2021,33024895,33024895,,358345483,"In a biomedical context, what is the relationship between Blood Circulation and species via PROCESS_OF?",0.0851205810904502,0.0,House mice,0,"[1861] 

The relationship between Blood Circulation and species via PROCESS_OF is related to the concept of ""circulatory system"" in biology. The circulatory system is a vital process that occurs in all multicellular organisms, including animals and plants. It involves the movement of blood, nutrients, and oxygen throughout the body, which is essential for maintaining life.

In this context, the PROCESS_OF relationship indicates that blood circulation is a biological process that occurs in all species, from simple multicellular organisms"
C0017853,"Hemoglobin, Glycosylated",aapp,PREDISPOSES,C0948089,Acute Coronary Syndrome,dsyn,2023,36594296,36594296,,395208363,"In a biomedical context, what is the relationship between Hemoglobin, Glycosylated and diseases or conditions via PREDISPOSES?",0.2201081365346908,0.0,Acute Coronary Syndrome,0,"[1984] 
The relationship between Hemoglobin, Glycosylated, and diseases or conditions via PREDISPOSES is related to the discovery of Glycosylated Hemoglobin (HbA1c) as a marker for diabetes. 

The scientific mechanism is as follows: In diabetic patients, high blood glucose levels lead to the non-enzymatic glycation of hemoglobin, resulting in the formation of Glycosylated Hemoglobin (HbA1c). This process"
C0030940,Peptide Hydrolases,aapp,NEG_AUGMENTS,C0524637,"Recognition, Psychology",menp,2023,36413328,36413328,,392820069,"In a biomedical context, what is the relationship between Peptide Hydrolases and medical entities via NEG_AUGMENTS?",0.1201559230685234,0.0,"Recognition, Psychology",2015,"

In the context of biomedical research, Peptide Hydrolases (PHs) are a class of enzymes that catalyze the hydrolysis of peptide bonds, leading to the breakdown of proteins into smaller peptides or amino acids. NEG_AUGMENTS is a concept related to the regulation of gene expression, particularly in the context of negative regulation.

The relationship between Peptide Hydrolases and medical entities via NEG_AUGMENTS is as follows:

Peptide Hyd"
9817,KEAP1,gngm,STIMULATES,2551|4780,GABPA|NFE2L2,gngm,2019,30625116,30625116,,332911278,Which genes does KEAP1 stimulate?,0.4984746277332306,0.0,GABPA|NFE2L2,0,"
KEAP1 (Kelch-like ECH-associated protein 1) is a protein that acts as a sensor for oxidative stress and regulates the expression of antioxidant and detoxification genes. It specifically inhibits the activity of NRF2 (Nuclear factor erythroid 2-related factor 2), a transcription factor that regulates the expression of antioxidant response element (ARE)-dependent genes.

When KEAP1 binds to NRF2, it prevents NRF2 from entering the nucleus and activating"
C0085756,African American,humn,LOCATION_OF,C1825598,IMPACT gene,aapp,2020,32778445,32778445,,345134377,Which proteins is the anatomical location of African American?,0.0512675791978836,0.0,IMPACT gene,0,I can't provide information on the anatomical location of African Americans. Is there something else I can help you with?
C0949766,Physical therapy,topp,TREATS,C0151936,Disorder of tendon,dsyn,2023,36587262,36587262,,395132097,Which diseases or conditions is Physical therapy commonly used to treat?,0.5417847037315369,0.0,Disorder of tendon,0,"[1920s]  Physical therapy, also known as physiotherapy, is commonly used to treat a wide range of conditions and diseases. Some of the most common conditions treated with physical therapy include:

1. **Musculoskeletal disorders**: Physical therapy is often used to treat musculoskeletal disorders such as back pain, neck pain, shoulder pain, and knee pain. This is achieved through exercises, stretches, and manual therapy to improve joint mobility, reduce pain, and enhance muscle strength.

2"
C0164786|207,Proto-Oncogene Proteins c-akt|AKT1,aapp,STIMULATES,C0031727,Phosphotransferases,gngm,2011,23554696,23554696,,32161799,Which genes does Proto-Oncogene Proteins c-akt|AKT1 stimulate?,0.170018658041954,0.0,Phosphotransferases,0,"[1997] 
AKT1, a proto-oncogene, stimulates several genes involved in cell survival, proliferation, and metabolism. Some of the key genes that AKT1 stimulates include:

1. MDM2 (Mouse Double Minute 2 homolog): AKT1 phosphorylates and inhibits the activity of p53, a tumor suppressor protein, by promoting the expression of MDM2, which in turn binds to and degrades p53.
2. BCL2 ("
C1522057,Acute Enteritis of the Mouse Intestinal Tract,neop,PROCESS_OF,C0026809,Mus,mamm,2015,25271043,25271043,,19094462,"In a biomedical context, what is the relationship between Acute Enteritis of the Mouse Intestinal Tract and species via PROCESS_OF?",0.0743538290262222,0.0,Mus,0,"[1967] 

The relationship between Acute Enteritis of the Mouse Intestinal Tract and species via PROCESS_OF is related to the concept of Koch's postulates. Acute Enteritis is a disease caused by certain pathogens such as bacteria, viruses, or parasites. In the context of Koch's postulates, the PROCESS_OF relationship refers to the mechanism by which a pathogen infects a host species, leading to the development of the disease.

In this case, the PROCESS_OF relationship involves"
C0267941,"Pancreatitis, Acute Necrotizing",dsyn,PROCESS_OF,C0008059,Child,humn,2010,19952766,19952766,,28493574,"In a biomedical context, what is the relationship between Pancreatitis, Acute Necrotizing and patients or groups via PROCESS_OF?",0.0423200875520706,0.0,Child,0,"[1995]

The relationship between Pancreatitis, Acute Necrotizing and patients or groups via PROCESS_OF is that Acute Necrotizing Pancreatitis (ANP) is a severe form of pancreatitis characterized by the necrosis of pancreatic tissue. In this context, the PROCESS_OF relationship indicates that the progression of pancreatitis to ANP involves a series of pathological processes, including inflammation, tissue damage, and necrosis.

The PROCESS_OF relationship can be described as follows:

1"
C0033308,Progesterone,horm,PART_OF,C0026591,Mothers,humn,2017,27739256,27739256,,10540120,"In a biomedical context, what is the relationship between Progesterone and patients or groups via PART_OF?",0.4626175165176391,0.0,Mothers,0,"[1934] 

Progesterone is a steroid hormone that plays a crucial role in the menstrual cycle and pregnancy. In a biomedical context, the relationship between Progesterone and patients or groups via PART_OF can be explained as follows:

Progesterone is produced by the corpus luteum, a temporary endocrine structure in the female ovaries, which forms after ovulation. The corpus luteum is PART_OF the ovaries, and Progesterone is a hormone produced by"
C0553293,Morus alba,plnt,ISA,C0330540,Morus (plant),plnt,2020,31639486,31639486,,342920432,"In a biomedical context, what is the relationship between Morus alba and medical entities via ISA?",0.1079425513744354,0.0,Morus (plant),2018,"

Morus alba, also known as white mulberry, has been studied for its potential therapeutic applications. In a biomedical context, Morus alba has been found to interact with various medical entities via Insulin-Sensitizing Agents (ISA). 

The scientific mechanism behind this interaction involves the inhibition of alpha-glucosidase and alpha-amylase enzymes, which break down carbohydrates into simple sugars. By inhibiting these enzymes, Morus alba extracts can slow"
C1417239|4350,MPG gene|MPG,aapp,CAUSES,C4321237,High Level,fndg,2021,33416004,33416004,,362020079,Which clinical findings can MPG gene|MPG cause or induce?,0.0602726228535175,0.0,High Level,0,"[1993] The MPG gene, also known as the myelin protein zero gene, is associated with Charcot-Marie-Tooth disease type 1B (CMT1B). 

The clinical findings associated with the MPG gene mutation include:

1. Peripheral neuropathy: Characterized by muscle weakness, atrophy, and sensory loss in the limbs.
2. Distal muscle weakness: Weakness in the muscles of the hands and feet.
3. Sensory loss: Loss of sensation in"
C1152628,signal transducer activity,moft,PROCESS_OF,C0007634,Cells,cell,2016,27735939,27735939,,8989529,"In a biomedical context, what is the relationship between signal transducer activity and cell types via PROCESS_OF?",0.3401559293270111,0.0,Cells,0,"[1992] 
The relationship between signal transducer activity and cell types via PROCESS_OF is related to the concept of signal transduction pathways. Signal transducers are proteins that transmit signals from the cell surface to the interior of the cell, influencing various cellular processes. 

In this context, PROCESS_OF is a relation from the Ontology for Biomedical Investigations (OBI), which describes the causal relationship between a process and its outcome. The PROCESS_OF relation indicates that a signal transducer activity is involved"
C0029396,"Ossification, Heterotopic",patf,PROCESS_OF,C0001675,Adult,humn,2015,25493701,25493701,,18649336,"In a biomedical context, what is the relationship between Ossification, Heterotopic and patients or groups via PROCESS_OF?",0.1091441437602043,0.0,Adult,0,"[1965] 

The relationship between Ossification, Heterotopic, and patients or groups via PROCESS_OF is related to the process of heterotopic ossification (HO). Heterotopic ossification is a process where bone tissue forms outside of the skeleton, often as a result of trauma, surgery, or certain medical conditions. This process involves the transformation of mesenchymal cells into osteoblasts, which then produce bone matrix and minerals, leading to the formation of"
C0230547,Interchromatin granule,celc,LOCATION_OF,C2348116,SPIO Nanoparticle,inch,2023,36603729,36603729,,395319607,Which medical entities is the anatomical location of Interchromatin granule?,0.2161754816770553,0.0,SPIO Nanoparticle,0,"[1990] 

The interchromatin granule clusters (IGCs) are a type of nuclear structure found in the nucleus of eukaryotic cells. They are located in the interchromatin space, which is the region between the chromatin and the nuclear envelope. 

The IGCs are composed of small, granular structures that are thought to be involved in the processing and transport of pre-mRNA. They are believed to be sites of pre-mRNA splicing, where the"
C0162638,Apoptosis,celf,AFFECTS,C0007613,Cell physiology,celf,2021,33252730,33252730,,360422201,Which cell types does Apoptosis primarily affect?,0.5242612361907959,0.0,Cell physiology,0,"[1972] Apoptosis primarily affects two main cell types: 

1. **Tumor cells**: Apoptosis is a mechanism that helps eliminate damaged or unwanted cells, including cancer cells, by inducing programmed cell death. This process prevents the proliferation of tumor cells and helps maintain tissue homeostasis.

2. **Immature cells**: Apoptosis also affects immature cells, such as stem cells and progenitor cells, which are no longer needed or are damaged. This process helps eliminate excess"
C0070203,pectin,carb,DISRUPTS,C0021311,Infection,dsyn,2017,27618493,27618493,,1745334,Which diseases or conditions does pectin disrupt?,0.0322845391929149,0.0,Infection,0,"[1985] 
Pectin, a soluble dietary fiber found in the cell walls of fruits, has been shown to disrupt the absorption of certain nutrients and minerals in the gut. Specifically, it can inhibit the absorption of calcium, magnesium, and iron by forming insoluble complexes with these minerals, making them less available for absorption in the body. This can be particularly problematic for individuals with inadequate dietary intake of these essential nutrients or those with conditions that impair nutrient absorption, such as celiac disease or"
3107,HLA-C,aapp,LOCATION_OF,C1515670,mRNA Expression,genf,2013,24337842,24337842,,19066587,Which medical entities is the anatomical location of HLA-C?,0.1915904581546783,0.0,mRNA Expression,0,"[1990] 

The HLA-C gene is located in the major histocompatibility complex (MHC) region on the short arm of chromosome 6, specifically at the 6p21.3 locus"
C3470763|728192,LINC00460 gene|LINC00460,gngm,INHIBITS,C1412504|375,ARF1 gene|ARF1,gngm,2021,33345740,33345740,,361389190,Which genes does LINC00460 gene|LINC00460 inhibit?,0.09521996229887,0.0,ARF1 gene|ARF1,2019,"
The LINC00460 gene is a long non-coding RNA (lncRNA) that has been found to inhibit the expression of several genes involved in cell proliferation and metastasis. Specifically, it has been shown to target and suppress the expression of the oncogenes CCND1, CCNE1, and CDK6, which are involved in cell cycle progression and proliferation"
C0289417,Bone Morphogenetic Protein Receptors,aapp,PART_OF,C0086282,Family member,humn,2019,30414131,30414131,,273024436,"In a biomedical context, what is the relationship between Bone Morphogenetic Protein Receptors and patients or groups via PART_OF?",0.0378336571156978,0.0,Family member,0,"[1991] 
Bone Morphogenetic Protein Receptors (BMPRs) are part of the TGF-β superfamily of receptors. They are involved in the regulation of various cellular processes, including bone formation, cell differentiation, and embryonic development. 

In a biomedical context, the relationship between BMPRs and patients or groups can be described via the PART_OF relationship as follows:

- BMPRs are PART_OF the cell membrane of osteoblasts, which are cells responsible for bone"
C0007220,Cardiovascular Agents,phsu,ISA,C0013227,Pharmaceutical Preparations,phsu,2019,30261193,30261193,,327660749,"In a biomedical context, what is the relationship between Cardiovascular Agents and pharmacologic substances via ISA?",0.1553986072540283,0.0,Pharmaceutical Preparations,0,"[1964] 
In a biomedical context, the relationship between Cardiovascular Agents and pharmacologic substances via ISA (Intrinsic Sympathetic Activity) refers to the ability of certain drugs to enhance the effects of endogenous catecholamines, such as adrenaline and noradrenaline, on the heart and blood vessels.

ISA is a property of some pharmacologic substances that can increase the heart rate, contractility, and cardiac output by augmenting the effects of the sympathetic nervous system. This"
C0079189,cytokine,aapp,ASSOCIATED_WITH,C0021390,Inflammatory Bowel Diseases,dsyn,2019,30364840,30364840,,308297196,Which diseases or conditions is cytokine most strongly associated with?,0.6434291005134583,0.0,Inflammatory Bowel Diseases,0,"[1985] Cytokine Interleukin-1 (IL-1) is most strongly associated with conditions such as rheumatoid arthritis, inflammatory bowel disease, and septic shock. 

IL-1 is a pro-inflammatory cytokine that plays a key role in the body's immune response. It is produced by various cells, including macrophages and T cells, in response to the presence of pathogens or tissue damage. IL-1 promotes inflammation by inducing the production of other"
C0040577,Trace Elements,bacs,INTERACTS_WITH,C0023779,Lipids,lipd,2019,30624600,30624600,,332906777,Which medical entities does Trace Elements significantly interact with?,0.1973734945058822,0.0,Lipids,0,"[1960s] Trace elements, such as zinc, iron, copper, and selenium, play a crucial role in various physiological processes and interact with several medical entities. 

1. **Immune System**: Trace elements like zinc and selenium are essential for the proper functioning of the immune system. Zinc is involved in the activation of immune cells, while selenium acts as an antioxidant, protecting cells from damage.

2. **Cancer**: Trace elements like copper and selenium have been shown to have both pro"
C0183210,Sensors,medd,USES,C0179533,Camera,medd,2014,24689574,24689574,,18662884,"In a biomedical context, what is the relationship between Sensors and medical entities via USES?",0.1910893768072128,0.0,Camera,2010,"
In the biomedical context, sensors are used to monitor and track various medical entities, such as physiological signals, biomarkers, and environmental factors. The relationship between sensors and medical entities is established through the USES framework, which stands for:

1. **U** (User): The user, typically a healthcare professional or a patient, interacts with the sensor system to collect data.
2. **S** (Sensor): The sensor is the device that detects and measures the medical entity"
C1167395,host,celc,AFFECTS,C0031843,physiological aspects,phsf,2016,27721806,27721806,,1729331,Which physiologic functions does host primarily affect?,0.2808817028999328,0.0,physiological aspects,0,"I'm happy to help, but I need a bit more information about the host you're referring to. Are you talking about a host in the context of a biological system, such as a host organism in a symbiotic relationship, or a host in the context of a disease, such as a host organism that is infected by a pathogen?

If you could provide more context or clarify which host you're referring to, I'd be happy to try and provide a more specific answer.

However, I"
C1148561,anticoagulant activity,moft,PROCESS_OF,C0008059,Child,humn,2013,23690366,23690366,,19016564,"In a biomedical context, what is the relationship between anticoagulant activity and patients or groups via PROCESS_OF?",0.0281194932758808,0.0,Child,0,"[1993] 
The relationship between anticoagulant activity and patients or groups via PROCESS_OF is related to the concept of anticoagulant therapy and its effects on blood coagulation. Anticoagulants are medications that prevent the formation of blood clots by inhibiting the coagulation cascade. 

In a biomedical context, the PROCESS_OF relationship between anticoagulant activity and patients or groups involves the following steps:

1. Anticoagulant administration: Patients receive ant"
C0015980,interferon-beta,phsu,TREATS,C0026769,Multiple Sclerosis,dsyn,2021,33045064,33045064,,358691998,Which diseases or conditions is interferon-beta commonly used to treat?,1.0,1.0,Multiple Sclerosis,0,"[1993] Interferon-beta is commonly used to treat multiple sclerosis (MS), a chronic autoimmune disease that affects the central nervous system. 

The mechanism of action of interferon-beta involves binding to the interferon-beta receptor on the surface of immune cells, such as T cells and macrophages. This binding triggers a signaling cascade that ultimately leads to the suppression of pro-inflammatory cytokines, such as tumor necrosis factor-alpha (TNF-alpha) and interleukin-1 beta ("
11240,PADI2,gngm,NEG_PART_OF,C0035322,Structure of retinal pigment epithelium,bpoc,2013,23562679,23562679,,19024249,"In a biomedical context, what is the relationship between PADI2 and tissues or organs via NEG_PART_OF?",0.0814394727349281,0.0,Structure of retinal pigment epithelium,2011,"

PADI2 (Peptidyl Arginine Deiminase 2) is an enzyme that catalyzes the post-translational modification of proteins by converting arginine residues into citrulline. 

In a biomedical context, PADI2 is involved in the regulation of various cellular processes, including cell proliferation, differentiation, and survival. 

The relationship between PADI2 and tissues or organs via NEG_PART_OF indicates that PADI2 is not a part of"
C0887908,"Vaccines, Marker",imft,ISA,C0042210,Vaccines,imft,2019,30622418,30622418,,332886490,"In a biomedical context, what is the relationship between Vaccines, Marker and immunologic factors via ISA?",0.4363780319690704,0.0,Vaccines,0,"[1960s] 

In the context of vaccines, the relationship between vaccines, markers, and immunologic factors via the Interferon-Stimulated Amplification (ISA) pathway is complex. However, I'll provide a simplified explanation.

ISA is a mechanism that involves the activation of interferons (IFNs) in response to viral infections or vaccination. Interferons are proteins that play a crucial role in the immune response by stimulating the production of antiviral proteins and activating immune cells"
C0036974,Shock,patf,ASSOCIATED_WITH,C0002716,Amyloid,gngm,2015,25369246,25369246,,19842215,Which genes is Shock most strongly associated with?,0.0659279003739357,0.0,Amyloid,0,"[1999] 
Shock is most strongly associated with the genes that regulate the inflammatory response, particularly those involved in the production of pro-inflammatory cytokines. The most notable genes associated with shock include:

1. TNF (Tumor Necrosis Factor): This gene encodes a cytokine that plays a central role in the inflammatory response and is often upregulated in shock.
2. IL-1β (Interleukin-1 beta): This gene encodes a cytokine that is involved"
C0237123,AOD use,inbe,PROCESS_OF,C0237401,Individual,humn,2016,27617781,27617781,,1131893,"In a biomedical context, what is the relationship between AOD use and patients or groups via PROCESS_OF?",0.2511872351169586,0.0,Individual,2015,"

In the context of biomedical research, the PROCESS_OF relationship between AOD (Alcohol and Other Drugs) use and patients or groups refers to the mechanism by which AOD use affects or is associated with various health outcomes or behaviors in specific populations.

The PROCESS_OF relationship is a type of causal relationship that describes the underlying mechanisms or pathways through which a particular factor (in this case, AOD use) influences an outcome or behavior. In the context of AOD use, this might"
C0233929,Emission - Male genitalia finding,bdsu,PART_OF,C0028429,Nose,bpoc,2022,34745861,34745861,,375544529,"In a biomedical context, what is the relationship between Emission - Male genitalia finding and tissues or organs via PART_OF?",0.2565096914768219,0.0,Nose,0,"[1995] 

The relationship between Emission - Male genitalia finding and tissues or organs via PART_OF is based on the fact that the male genitalia is composed of various tissues and organs, such as the penis, testes, epididymis, vas deferens, seminal vesicles, prostate gland, and urethra. These components work together to facilitate the emission of semen during ejaculation.

In the context of biomedical ontologies, such as the Foundational Model of Anatomy (F"
C0008972,Clinical Research,resa,MEASURES,C0599786,Pollutant,hops,2017,27792945,27792945,,36909529,"In a biomedical context, what is the relationship between Clinical Research and medical entities via MEASURES?",0.0809095874428749,0.0,Pollutant,0,"[1990]

The relationship between Clinical Research and medical entities via MEASURES is based on the concept of a Measurement Framework for Evaluating the Results of Treatment and Services, developed by the American Medical Association (AMA). MEASURES is a framework that aims to standardize the measurement of health care outcomes and quality of care.

The MEASURES framework consists of three main components:

1. **Measurement**: This involves the development of standardized measures to assess health care outcomes and quality of care.
2"
C0006233,Bromodeoxyuridine,nnon,ISA,C1533685,Injection procedure,topp,2015,26476262,26476262,,18946076,"In a biomedical context, what is the relationship between Bromodeoxyuridine and medical entities via ISA?",0.1165342107415199,0.0,Injection procedure,0,"[1979] 

Bromodeoxyuridine (BrdU) is a thymidine analog that is incorporated into DNA during the S phase of the cell cycle. In a biomedical context, BrdU is often used as a marker to detect proliferating cells. 

In the context of Immunohistochemistry and Signal Amplification (ISA), BrdU is used to label cells that have undergone DNA synthesis. The relationship between BrdU and medical entities via ISA involves the following"
C1280997,Entire midbrain,bpoc,LOCATION_OF,C0021308,Infarction,patf,2013,23337710,23337710,,18738094,Which pathologic functions is the anatomical location of Entire midbrain?,-0.0174444522708654,0.0,Infarction,0,"[1872] The entire midbrain is primarily associated with the pathologic functions of the auditory and visual systems, as well as the regulation of sleep and arousal. 

The midbrain is divided into three main structures: the periaqueductal gray, the substantia nigra, and the tectum. The tectum is further divided into the superior and inferior colliculi, which are involved in the processing of visual and auditory information. 

The superior colliculus is responsible"
C0019134,Heparin,bacs,INTERACTS_WITH,C0350056,Adsorbents,phsu,2019,30446153,30446153,,271543830,Which pharmacologic substances does Heparin significantly interact with?,0.1877325922250747,0.0,Adsorbents,0,"[1950s] Heparin significantly interacts with various pharmacologic substances, including:

1. **Anticoagulants**: Heparin can enhance the anticoagulant effects of warfarin, leading to an increased risk of bleeding. It also interacts with other anticoagulants like dabigatran, rivaroxaban, and apixaban.

2. **Antiplatelet agents**: Heparin can increase the risk of bleeding when used with antiplatelet"
C0009968,copper,bacs,INTERACTS_WITH,C5392318,graphdiyne,orch,2024,38179834,38179834,,412009706,Which chemicals does copper significantly interact with?,0.0556679852306842,0.0,graphdiyne,0,"[1966] Copper significantly interacts with oxygen, forming a thin layer of copper oxide on its surface. This interaction is known as oxidation, which can lead to the formation of a green-colored compound called copper carbonate or patina.

[1970s] Copper also interacts with sulfur, forming copper sulfide, which can lead to the formation of black-colored compounds.

[1990s] Copper interacts with chlorine, forming copper chloride, which can lead to the formation of a green-colored compound.

["
C0299583,leptin,aapp,TREATS,C0034693,Rattus norvegicus,mamm,2023,36594370,36594370,,395209209,Which species is leptin commonly used to treat?,0.0943344682455062,0.0,Rattus norvegicus,0,"[1996] 

Leptin is commonly used to treat Prader-Willi syndrome (PWS), a rare genetic disorder that affects growth and development. Leptin is a hormone that regulates energy balance and body weight. In individuals with PWS, leptin levels are typically low, leading to excessive hunger and weight gain. Administering leptin has been shown to reduce appetite and improve weight management in individuals with PWS"
C0003873,Rheumatoid Arthritis,dsyn,PROCESS_OF,C0012644,Animal Disease Models,emod,2024,38164247,38164247,,411878608,"In a biomedical context, what is the relationship between Rheumatoid Arthritis and medical entities via PROCESS_OF?",0.1964455544948578,0.0,Animal Disease Models,0,"[1998] 
The relationship between Rheumatoid Arthritis (RA) and other medical entities via PROCESS_OF is related to the autoimmune response and the subsequent inflammation process. In RA, the immune system mistakenly attacks the lining of the joints (synovium), leading to inflammation and joint damage.

The PROCESS_OF relationship involves the following steps:

1. **Autoantibody production**: The immune system produces autoantibodies, such as rheumatoid factor (RF) and anti-citr"
C0006945,Carbachol,orch,STIMULATES,C1333543|2261,FGFR3 gene|FGFR3,gngm,2013,23531443,23531443,,19012978,Which genes does Carbachol stimulate?,0.1544807851314544,0.0,FGFR3 gene|FGFR3,0,"[1970s] Carbachol is a cholinergic agonist that stimulates muscarinic and nicotinic acetylcholine receptors. 

Muscarinic receptors are G-protein coupled receptors that are divided into five subtypes (M1-M5). Carbachol stimulates M1, M2, M3, M4, and M5 muscarinic receptors. 

Nicotinic receptors are ligand-gated ion channels that are divided into two main subtypes: muscle"
C0438734,Fluid specimen,bdsu,LOCATION_OF,C0014442,Enzymes,orch,2016,27746119,27746119,,13158333,Which chemicals is the anatomical location of Fluid specimen?,0.1767265051603317,0.0,Enzymes,0,I'm not sure I understand your question. Could you please clarify or rephrase it?
C1549071,Provisional,fndg,PROCESS_OF,C0027361,Persons,popg,2024,38185476,38185476,,412115133,"In a biomedical context, what is the relationship between Provisional and medical entities via PROCESS_OF?",0.1257287263870239,0.0,Persons,0,"

In the context of biomedical ontologies, the relationship between Provisional and medical entities via PROCESS_OF is defined in the Ontology for Biomedical Investigations (OBI). 

The PROCESS_OF relationship is used to describe the process or activity that is being performed on a medical entity, such as a patient or a sample. In the case of Provisional entities, which represent uncertain or hypothetical entities, the PROCESS_OF relationship is used to describe the process or activity that is being used to"
C0085820,Antibody-Secreting Cells,cell,PRODUCES,959,CD40LG,aapp,2018,29321331,29321331,,249475836,"In a biomedical context, what is the relationship between Antibody-Secreting Cells and proteins via PRODUCES?",0.1830764859914779,0.0,CD40LG,0,"[1990s] 
The relationship between Antibody-Secreting Cells (ASCs) and proteins via PRODUCES is related to the process of antibody production. ASCs, such as plasma cells, are responsible for producing antibodies, which are proteins that recognize and bind to specific antigens. 

The PRODUCES pathway is a mechanism by which ASCs produce antibodies. It involves the transcription and translation of immunoglobulin genes, followed by the assembly and secretion of the antibody"
C0242697,Muscle Fibers,cell,LOCATION_OF,5562|5563|5564,PRKAA1|PRKAA2|PRKAB1,aapp,2013,24244361,24244361,,19458651,Which proteins is the anatomical location of Muscle Fibers?,0.1559572070837021,0.0,PRKAA1|PRKAA2|PRKAB1,0,"[1953] 
The anatomical location of muscle fibers is primarily composed of proteins such as Actin and Myosin. Actin is a globular protein that forms a thin filament, while Myosin is a long, thick filament. These two proteins are the main components of the contractile apparatus in muscle fibers. 

Actin filaments are composed of two strands of actin molecules twisted together, forming a double helix structure. Myosin filaments, on the other hand"
C0032143,alteplase,enzy,ADMINISTERED_TO,C0030705,Patients,humn,2020,32706615,32706615,,345177020,To which patients or groups is alteplase typically administered?,0.180657610297203,0.0,Patients,0,"[1987] Alteplase, also known as recombinant tissue plasminogen activator (rt-PA), is typically administered to patients with acute ischemic stroke within a specific time window, usually 3-4.5 hours after symptom onset. It works by activating the body's natural fibrinolytic system, which breaks down blood clots that cause the stroke. 

[1996] It is also used in the treatment of pulmonary embolism, where alte"
C0965025,mitochondrial transcription factor A,aapp,INTERACTS_WITH,C0012929,"DNA, Mitochondrial",bacs,2015,26445116,26445116,,1194407,Which active substances does mitochondrial transcription factor A significantly interact with?,0.2934480905532837,0.0,"DNA, Mitochondrial",0,"[1995] 
Mitochondrial transcription factor A (TFAM) is a crucial protein involved in the regulation of mitochondrial DNA (mtDNA) transcription and replication. It significantly interacts with several active substances, including:

1. Mitochondrial DNA (mtDNA): TFAM binds to specific regions of mtDNA, known as the D-loop and the light strand origin, to regulate mtDNA transcription and replication.
2. Mitochondrial RNA polymerase (POLRMT): TFAM interacts with"
C4050026,Matrix,orch,INTERACTS_WITH,C0162574,"Glycation End Products, Advanced",bacs,2023,36370363,36370363,,392166389,Which active substances does Matrix significantly interact with?,0.151505172252655,0.0,"Glycation End Products, Advanced",0,"I couldn't find any information about a scientific finding called ""Matrix."" However, I found that the term ""matrix"" is often used in various scientific contexts, such as in biology (e.g., extracellular matrix), chemistry (e.g., matrix metalloproteinases), and physics (e.g., matrix materials).

If you could provide more context or information about the specific ""Matrix"" you are referring to, I would be happy to try and assist you further.

However, I found that the"
C0004268,Attention,menp,PROCESS_OF,C1067936,Phasis,euka,2024,38184247,38184247,,412057175,"In a biomedical context, what is the relationship between Attention and medical entities via PROCESS_OF?",0.0954490974545478,0.0,Phasis,2015,"

In the context of biomedical ontologies, the relationship between Attention and medical entities via PROCESS_OF is defined as a process that is performed by the entity (Attention) on the subject (medical entity).

The PROCESS_OF relationship is a part of the Relations Ontology (RO) and is used to describe the process or activity that is being performed by one entity on another. In this case, Attention is the process or activity that is being performed on a medical entity, such as a"
C0004943,Behcet Syndrome,dsyn,PROCESS_OF,C0030705,Patients,humn,2020,31241876,31241876,,339212190,"In a biomedical context, what is the relationship between Behcet Syndrome and patients or groups via PROCESS_OF?",0.2716167271137237,0.0,Patients,0,"[1974] 

Behcet Syndrome is a form of vasculitis that affects various parts of the body, including the skin, eyes, and joints. The relationship between Behcet Syndrome and patients or groups via PROCESS_OF involves the activation of immune cells, particularly neutrophils, which play a key role in the pathogenesis of the disease.

In Behcet Syndrome, the immune system mistakenly attacks healthy tissues, leading to inflammation and damage. This process is mediated by the release of"
C0011109,Decision Making,menp,PROCESS_OF,C0086418,Homo sapiens,humn,2022,34794630,34794630,,376048043,"In a biomedical context, what is the relationship between Decision Making and patients or groups via PROCESS_OF?",0.0192608591169118,0.0,Homo sapiens,0,"[1999]

The relationship between Decision Making and patients or groups via PROCESS_OF in a biomedical context is related to the concept of shared decision-making (SDM). This concept was first introduced by Charles et al. in 1999. SDM is a collaborative process between healthcare providers and patients or their families to make informed decisions about their care. 

In this context, the PROCESS_OF relationship represents the dynamic interaction between the healthcare provider's decision-making process and the patient's or group's preferences"
C0013227,Pharmaceutical Preparations,phsu,TREATS,C1290884,Inflammatory disorder,dsyn,2010,19944733,19944733,,24045039,Which diseases or conditions is Pharmaceutical Preparations commonly used to treat?,0.3075415790081024,0.0,Inflammatory disorder,0,"Pharmaceutical preparations are commonly used to treat a wide range of diseases and conditions. Here are some examples:

1. **Infectious diseases**: Antibiotics, antivirals, and antifungals are used to treat bacterial, viral, and fungal infections, such as pneumonia, tuberculosis, HIV/AIDS, and candidiasis.
2. **Pain management**: Analgesics, such as acetaminophen and ibuprofen, are used to relieve pain, while opioids"
9368,SLC9A3R1,gngm,ASSOCIATED_WITH,C0027651,Neoplasm,neop,2018,27753657,27753657,,16387652,Which diseases or conditions is SLC9A3R1 most strongly associated with?,0.2056966423988342,0.0,Neoplasm,0,"

The SLC9A3R1 gene encodes a protein called NHERF1 (Na+/H+ exchanger regulatory factor 1), which plays a crucial role in regulating the activity of the Na+/H+ exchanger 3 (NHE3) in the kidney and intestine. NHE3 is involved in the reabsorption of sodium ions and the secretion of hydrogen ions in the renal proximal tubules and intestinal epithelial cells.

SLC9"
C1262117,Fungal keratitis,dsyn,CAUSES,C1282230,Post-traumatic endophthalmitis,dsyn,2016,24724836,24724836,,20805933,Which diseases or conditions can Fungal keratitis cause or induce?,0.4881752729415893,0.0,Post-traumatic endophthalmitis,0,"[1970s] Fungal keratitis can cause or induce various eye conditions, including:

1. Ulceration of the cornea: Fungal keratitis can lead to the formation of ulcers on the cornea, which can cause pain, vision loss, and potentially lead to perforation of the cornea.
2. Endophthalmitis: Fungal keratitis can spread to the interior of the eye, causing endophthalmitis, a severe and potentially blinding infection"
C1179914,Protofilament,celc,PART_OF,C0026046,Microtubules,celc,2020,31757788,31757788,,344000988,"In a biomedical context, what is the relationship between Protofilament and medical entities via PART_OF?",1.0,1.0,Microtubules,0,"[1995]

In the context of microtubules, a protofilament is a single row of tubulin subunits that make up the microtubule structure. The PART_OF relationship between protofilament and medical entities can be understood as follows:

- Microtubules are composed of 13 protofilaments, which are arranged in a helical pattern.
- Microtubules are involved in various cellular processes, including cell division, intracellular transport, and maintenance of cell"
C0015811,Femur,bpoc,LOCATION_OF,C0149871,Deep Vein Thrombosis,dsyn,2020,32720827,32720827,,345169416,Which diseases or conditions is the anatomical location of Femur?,0.2077945917844772,0.0,Deep Vein Thrombosis,0,"[1861]  The anatomical location of the Femur is associated with various diseases and conditions, including:

1. **Osteoarthritis**: Wear and tear on the joint between the femur and the pelvis (hip joint), leading to pain and stiffness.
2. **Femoral fractures**: Breaks in the femur bone, often caused by trauma, such as falls or car accidents.
3. **Femoral neck fractures**: Fractures in the upper part"
C0380603,Fibroblast Growth Factor 2,aapp,STIMULATES,2048|5594,EPHB2|MAPK1,gngm,2015,25399781,25399781,,18792816,Which genes does Fibroblast Growth Factor 2 stimulate?,0.1797840148210525,0.0,EPHB2|MAPK1,0,"[1990] Fibroblast Growth Factor 2 (FGF2) stimulates the expression of various genes involved in cell proliferation, differentiation, and survival. Some of the key genes that FGF2 stimulates include:

1. Vascular Endothelial Growth Factor (VEGF): FGF2 upregulates VEGF expression, which promotes angiogenesis and blood vessel formation.
2. Platelet-Derived Growth Factor (PDGF): FGF2 stimulates PDGF expression, which promotes"
C0598783,Lipid Metabolism,moft,PROCESS_OF,C0008051,Chickens,bird,2012,23217228,23217228,,23380249,"In a biomedical context, what is the relationship between Lipid Metabolism and medical entities via PROCESS_OF?",0.0398683063685894,0.0,Chickens,0,"[1964] The relationship between Lipid Metabolism and medical entities via PROCESS_OF is related to the concept of atherosclerosis. Atherosclerosis is a condition where plaque builds up in the arteries, leading to hardening and narrowing of the arteries. This process is closely linked to lipid metabolism, specifically the metabolism of low-density lipoprotein (LDL) cholesterol.

In lipid metabolism, LDL cholesterol is produced through the process of very-low-density lipoprotein (VLDL) cholesterol"
C0022671,Kidney Transplantation,topp,CAUSES,C0022660,"Kidney Failure, Acute",dsyn,2016,27736652,27736652,,9263990,Which diseases or conditions can Kidney Transplantation cause or induce?,0.2660338878631592,0.0,"Kidney Failure, Acute",0,"[1960s] Graft-versus-host disease (GVHD): This is a complication that can occur when the transplanted kidney contains immune cells that recognize the recipient's body as foreign and attack it.

[1970s] Lymphoma: There is an increased risk of developing lymphoma after kidney transplantation, particularly in patients who have received immunosuppressive therapy.

[1980s] Post-transplant lymphoproliferative disorder (PTLD): This is a condition characterized"
C0599561,e protein,aapp,INTERACTS_WITH,51284,TLR7,gngm,2021,33404091,33404091,,361940828,Which genes does e protein significantly interact with?,0.2598863542079925,0.0,TLR7,0,I'm not aware of any information about the e protein you are referring to. Could you please provide more context or clarify which e protein you are asking about?
C5433293,post-acute COVID-19 syndrome,dsyn,COEXISTS_WITH,C5203670,COVID-19,dsyn,2024,38168099,38168099,,411924851,Which diseases or conditions commonly co-exists with post-acute COVID-19 syndrome?,0.1160601526498794,0.0,COVID-19,2020,"
Post-acute COVID-19 syndrome, also known as long COVID, is a condition characterized by persistent symptoms after the initial acute phase of COVID-19. Common co-existing conditions include:

1. **Chronic fatigue syndrome**: Characterized by persistent fatigue that lasts for more than 6 months, often accompanied by muscle pain, joint pain, and sleep disturbances.
2. **Fibromyalgia**: A condition marked by widespread muscle pain, fatigue, and sleep disturbances"
C0665341,Estrogen Receptor alpha,aapp,DISRUPTS,C0162638,Apoptosis,celf,2010,23805170,23805170,,27048239,Which cell types does Estrogen Receptor alpha disrupt?,0.2466192096471786,0.0,Apoptosis,0,"[1993] 
Estrogen Receptor alpha (ERα) has been shown to disrupt the function of certain cell types, particularly in the context of breast cancer. ERα can promote the growth and proliferation of estrogen receptor-positive (ER+) breast cancer cells by binding to estrogen response elements in the DNA and regulating the expression of target genes involved in cell growth and survival.

In addition to breast cancer cells, ERα has also been implicated in disrupting the function of other cell types, including:

1"
C0996460,Hydrodictyon reticulatum,plnt,ISA,C0002028,Algae,alga,2017,27739875,27739875,,10853225,"In a biomedical context, what is the relationship between Hydrodictyon reticulatum and medical entities via ISA?",0.6243422627449036,0.0,Algae,0,"I couldn't find any information about ISA in the context of Hydrodictyon reticulatum and medical entities. However, I can provide some general information about Hydrodictyon reticulatum.

Hydrodictyon reticulatum, also known as the net veil or reticulated water net, is a species of green algae. 

In a biomedical context, Hydrodictyon reticulatum has been studied for its potential applications in tissue engineering and regenerative medicine. 

One study"
C0011581,Depressive disorder,mobd,COEXISTS_WITH,C0038436,"Stress Disorders, Post-Traumatic",mobd,2012,23114819,23114819,,19798322,Which diseases or conditions commonly co-exists with Depressive disorder?,0.682345986366272,0.0,"Stress Disorders, Post-Traumatic",0,"[1990]  Comorbidity of Depressive Disorder: 
Depressive disorder often co-exists with other mental health conditions, including anxiety disorders, such as generalized anxiety disorder, panic disorder, and social anxiety disorder. 

[1990]  Comorbidity of Depressive Disorder: 
Other common co-existing conditions include substance use disorders, such as alcohol use disorder and substance-induced depressive disorder. 

[1990]  Comorbidity of Depressive Disorder: 
Additionally, depressive disorder"
C0728940,Excision,topp,USES,C0028723,Nuts,food,2018,28699969,28699969,,48217189,"In a biomedical context, what is the relationship between Excision and medical entities via USES?",0.117357037961483,0.0,Nuts,0,"[1992] 
The relationship between excision and medical entities via USES (Uracil-Specific Excision Repair) is as follows: 

In the context of DNA repair, USES is a mechanism that corrects errors in DNA replication and repair. It specifically targets uracil, a base that is not typically found in DNA, which can be incorporated into DNA by error or as a result of deamination of cytosine. 

When USES detects uracil in DNA"
C0003842,Arteries,bpoc,LOCATION_OF,C0002978,angiogram,diap,2021,33403532,33403532,,361930449,Which medical entities is the anatomical location of Arteries?,0.3279043436050415,0.0,angiogram,0,"[1543] The anatomical location of arteries is within the circulatory system, specifically within the cardiovascular system. 

The cardiovascular system is composed of the heart, blood vessels, and blood. Arteries are a type of blood vessel that carries oxygenated blood away from the heart to the rest of the body. They are responsible for delivering oxygen and nutrients to tissues and organs, and play a crucial role in maintaining overall health and well-being.

Arteries are divided into three main categories"
C1515119,Systemic Therapy,topp,TREATS,C0278725,Limited Stage Lung Small Cell Carcinoma,neop,2022,34985921,34985921,,378186564,Which diseases or conditions is Systemic Therapy commonly used to treat?,0.4180026054382324,0.0,Limited Stage Lung Small Cell Carcinoma,0,"[1960s] Systemic therapy, which includes chemotherapy, hormone therapy, and targeted therapy, is commonly used to treat various types of cancer. 

Chemotherapy is used to treat cancers such as leukemia, lymphoma, breast cancer, lung cancer, and ovarian cancer. It works by targeting rapidly dividing cancer cells and disrupting their ability to grow and divide.

Hormone therapy is used to treat cancers that are hormone-receptor-positive, such as breast cancer and prostate cancer. It works by blocking"
C0201622,Cytotoxicity assay,lbpr,NEG_DIAGNOSES,C0600688,Toxic effect,inpo,2012,23181390,23181390,,21810650,"In a biomedical context, what is the relationship between Cytotoxicity assay and medical entities via NEG_DIAGNOSES?",0.3517061173915863,0.0,Toxic effect,0,"[1990s] 

Cytotoxicity assays are laboratory tests used to measure the toxicity of substances on cells. In a biomedical context, the relationship between cytotoxicity assays and medical entities via NEG_DIAGNOSES (Negative Diagnostic) is as follows:

NEG_DIAGNOSES is a concept in the context of the International Classification of Diseases (ICD) and the Systematized Nomenclature of Medicine (SNOMED). It refers to a condition or disease that is not present or has"
C1292267,Procoagulant,aapp,AFFECTS,C0596901,Membrane,celc,2011,21136018,21136018,,127266768,Which medical entities does Procoagulant primarily affect?,0.1760589629411697,0.0,Membrane,0,"[1960s] 
Procoagulant primarily affects entities related to blood clotting disorders. Procoagulants are substances that promote blood coagulation, and they can be involved in various medical conditions, including:

1. Hemophilia: A genetic disorder characterized by the deficiency of clotting factors, leading to prolonged bleeding.
2. Thrombophilia: A condition where the blood has a tendency to form abnormal clots, which can lead to thrombosis (blood clots"
C0002154,Alloys,inch,INHIBITS,C0699857,Nitrate,inch,2017,27697708,27697708,,24831045,Which medical entities does Alloys inhibit?,0.0901389420032501,0.0,Nitrate,2015,"Alloys, specifically a class of compounds known as Allosteric modulators, inhibit the M1 muscarinic receptor, which is involved in various neurological disorders such as Alzheimer's disease, Parkinson's disease, and schizophrenia. 

[2018] Allosteric modulators of the M1 muscarinic receptor have also been shown to inhibit the activity of the receptor in the context of neurodegenerative diseases, such as Alzheimer's disease, by modulating the"
C0026606,Physical activity,dora,PREDISPOSES,C0685938,Malignant neoplasm of gastrointestinal tract,neop,2014,25174708,25174708,,18949255,"In a biomedical context, what is the relationship between Physical activity and diseases or conditions via PREDISPOSES?",0.025483064353466,0.0,Malignant neoplasm of gastrointestinal tract,2015,"

The relationship between physical activity and diseases or conditions via predisposes is explained by the concept of 'pre-disposition'. Physical activity can either predispose or protect against various diseases or conditions. 

In the context of physical activity, predisposes refers to the increased likelihood of developing a particular disease or condition due to regular physical activity. For instance, intense and prolonged physical activity can predispose individuals to overuse injuries, such as tendonitis or stress fractures, particularly in the muscles and"
C0018602,Harmaline,orch,CAUSES,C0040822,Tremor,sosy,2013,24012623,24012623,,19089631,Which medical entities can Harmaline cause or induce?,0.3531455397605896,0.0,Tremor,0,"[1960s] Harmaline, a beta-carboline alkaloid found in various plant species, particularly in the seeds of the Syrian rue (Peganum harmala), has been associated with several medical entities. 

1. **Serotonin syndrome**: Harmaline can cause an increase in serotonin levels in the brain, leading to serotonin syndrome, a potentially life-threatening condition characterized by excessive serotonin activity.

2. **Hallucinogenic effects**: Harmaline has been reported to induce"
C0033684,Proteins,bacs,DISRUPTS,C0040649,"Transcription, Genetic",genf,2013,23273101,23273101,,19270565,Which medical entities does Proteins disrupt?,0.1685031354427337,0.0,"Transcription, Genetic",0,"[1990s] 
Proteins can disrupt various medical entities, including amyloid fibrils associated with neurodegenerative diseases such as Alzheimer's disease and Parkinson's disease. 

[2000s] 
Proteins can also disrupt the integrity of cell membranes, leading to conditions such as cystic fibrosis, where the defective CFTR protein causes the buildup of thick mucus in the lungs.

[2010s] 
Proteins can disrupt the normal functioning of the immune"
C0028754,Obesity,dsyn,COEXISTS_WITH,C0376358,Malignant neoplasm of prostate,neop,2017,27624840,27624840,,6280704,Which diseases or conditions commonly co-exists with Obesity?,-0.017627140507102,0.0,Malignant neoplasm of prostate,0,"[1991]  Insulin Resistance: Insulin resistance is a condition where the body's cells become less responsive to insulin, a hormone produced by the pancreas that regulates blood sugar levels. This condition is often associated with obesity, particularly central obesity, and can increase the risk of developing type 2 diabetes.

[1993]  Hypertension: Obesity is a significant risk factor for developing high blood pressure (hypertension). The excess body fat, particularly around the abdominal area, can"
C0003903,Arthropods,invt,INTERACTS_WITH,C0869004,Pests,anim,2013,24175433,24175433,,18677237,Which medical entities does Arthropods significantly interact with?,0.3145386874675751,0.0,Pests,0,"[1990s] Arthropods, such as ticks, mosquitoes, and fleas, significantly interact with various medical entities, including:

1. **Diseases**: Arthropods are vectors for numerous diseases, including malaria (transmitted by mosquitoes), Lyme disease (transmitted by ticks), and bubonic plague (transmitted by fleas). These diseases can be caused by bacteria, viruses, or parasites.

2. **Parasites**: Arthropods can also host internal parasites"
C0003195,Anti-Arrhythmia Agents,phsu,INTERACTS_WITH,C0014898,Esters,orch,2011,21649594,21649594,,130057200,Which chemicals does Anti-Arrhythmia Agents significantly interact with?,0.2185917198657989,0.0,Esters,0,"[1960s] Anti-Arrhythmia Agents significantly interact with various chemicals, including:

1. **CYP3A4 inhibitors**: Anti-Arrhythmia Agents like amiodarone and quinidine are substrates of the CYP3A4 enzyme. Inhibitors of this enzyme, such as ketoconazole and itraconazole, can increase the levels of these Anti-Arrhythmia Agents, leading to increased risk of side effects.

2. **CYP"
C0599949,arterial stiffness,phsf,PROCESS_OF,C0020114,Human,humn,2014,25463062,25463062,,1858767,"In a biomedical context, what is the relationship between arterial stiffness and patients or groups via PROCESS_OF?",0.0500274822115898,0.0,Human,0,"[1992] 

In the biomedical context, arterial stiffness is related to patients or groups via the PROCESS_OF mechanism of atherosclerosis. Atherosclerosis is a chronic inflammatory disease characterized by the buildup of plaque in the arterial walls, leading to increased arterial stiffness. This process involves the accumulation of lipids, inflammatory cells, and fibrous elements, which can cause the arterial walls to become stiffer and less compliant.

The PROCESS_OF mechanism can be broken down into several key steps:

1. End"
C1290838,Acute heart disease,dsyn,AFFECTS,C0085298,Sudden Cardiac Death,patf,2024,38172682,38172682,,411943409,Which pathologic functions does Acute heart disease primarily affect?,0.502251148223877,0.0,Sudden Cardiac Death,0,"[1950s] The pathologic functions primarily affected by acute heart disease include:

1. **Cardiac Output**: Acute heart disease can lead to a decrease in cardiac output, which is the amount of blood pumped by the heart per minute. This can result in inadequate blood flow to vital organs, leading to symptoms such as fatigue, weakness, and shortness of breath.

2. **Electrical Conduction**: Acute heart disease can disrupt the normal electrical conduction system of the heart"
C0023884,Liver,bpoc,LOCATION_OF,C0019196,Hepatitis C,dsyn,2015,24529681,24529681,,19282042,Which diseases or conditions is the anatomical location of Liver?,0.5384591817855835,0.0,Hepatitis C,0,"[1950s] Cirrhosis is a condition where the liver is severely scarred, often due to chronic liver diseases such as hepatitis or alcohol abuse. The scarring can lead to liver failure, which can be life-threatening.

[1960s] Fatty liver disease, also known as hepatic steatosis, is a condition where excess fat accumulates in the liver cells. This can be caused by obesity, diabetes, or excessive alcohol consumption.

[1970s] Liver cancer"
C0007272,Carotid Arteries,bpoc,LOCATION_OF,C1322797,Covered Stents,medd,2010,19939707,19939707,,21066444,Which medical entities is the anatomical location of Carotid Arteries?,0.2345330566167831,0.0,Covered Stents,0,"[1543] 

The anatomical location of the carotid arteries is in the neck. They are located on each side of the trachea (windpipe) and the esophagus, and they are closely associated with the carotid sheath, a fibrous tube that encloses the carotid arteries, the internal jugular vein, and the vagus nerve. 

The carotid arteries are divided into two main branches: the internal carotid artery and the"
C0262200,anteroventral periventricular nucleus,bpoc,PART_OF,C0034693,Rattus norvegicus,mamm,2010,19944729,19944729,,24040139,"In a biomedical context, what is the relationship between anteroventral periventricular nucleus and species via PART_OF?",0.3050127625465393,0.0,Rattus norvegicus,0,"[1995]

The anteroventral periventricular nucleus (AVPV) is a region in the hypothalamus of the brain. Research has shown that the AVPV is involved in the regulation of reproductive functions, particularly in the context of species-specific behaviors.

In the context of the PART_OF relationship, the AVPV is a part of the hypothalamus, which is a structure in the brain. This relationship can be described as follows:

AVPV PART_OF hypothalamus"
C0009368,Colon,bpoc,LOCATION_OF,C0221198,Lesion,fndg,2015,25174402,25174402,,18759055,Which clinical findings is the anatomical location of Colon?,0.4428309798240661,0.0,Lesion,0,"[1543] 

The anatomical location of the colon is in the abdominal cavity. It is a part of the large intestine and is located below the stomach and the small intestine. The colon is a long, tube-like structure that is divided into four main parts: the ascending colon, the transverse colon, the descending colon, and the sigmoid colon. It is located on the right side of the abdominal cavity, extending from the cecum (the beginning of the large intestine) to the"
C0027882,Neurons,cell,LOCATION_OF,C0007009,Carbon,elii,2014,24592382,24592382,,18966616,Which medical entities is the anatomical location of Neurons?,0.0964288786053657,0.0,Carbon,0,"[1876] The anatomical location of neurons is within the nervous system, specifically within the central nervous system (CNS) and the peripheral nervous system (PNS).

The CNS includes the brain and spinal cord, where neurons are densely packed and play a crucial role in processing and transmitting information. The brain contains various types of neurons, including sensory neurons, motor neurons, and interneurons, which work together to enable complex functions such as movement, sensation, perception, and cognition.

The P"
C0084866,tripterine,orch,CAUSES,C0013081,Down-Regulation,celf,2010,20007406,20007406,,24270021,Which cell types can tripterine cause or induce?,0.0700773671269416,0.0,Down-Regulation,0,I couldn't find any information on tripterine
C0003241,Antibodies,aapp,INTERACTS_WITH,C1367701|1725,DHPS gene|DHPS,gngm,2016,27746192,27746192,,13204938,Which genes does Antibodies significantly interact with?,0.2919756472110748,0.0,DHPS gene|DHPS,0,"[1990s] 
Antibodies significantly interact with genes that are involved in the regulation of the immune response, particularly those that encode for cytokines, chemokines, and other signaling molecules. 

One of the key genes that antibodies interact with is the Fc receptor (FCGR) gene family. The Fc region of an antibody binds to the Fc receptor on the surface of immune cells, such as macrophages and natural killer cells, triggering various cellular responses, including ph"
C0027054,Myocardial Reperfusion,topp,CAUSES,C0277785,Functional disorder,patf,2011,21874245,21874245,,131291286,Which pathologic functions can Myocardial Reperfusion cause or induce?,0.1222442239522934,0.0,Functional disorder,0,"[1986]  Reperfusion injury, also known as ischemia-reperfusion injury, occurs when blood flow is restored to the heart after a period of ischemia or lack of oxygen. This can cause a range of pathologic functions, including:

1. **Inflammation**: The restoration of blood flow triggers an inflammatory response, which can lead to the release of pro-inflammatory cytokines and the activation of immune cells, such as neutrophils and macrophages.
2. **"
C0003289,Antidepressive Agents,phsu,TREATS,C0004936,Mental disorders,mobd,2019,30888217,30888217,,332826473,Which diseases or conditions is Antidepressive Agents commonly used to treat?,0.6238945722579956,0.0,Mental disorders,0,"[1950s] Antidepressive Agents, also known as antidepressants, are commonly used to treat various mental health conditions, including:

1. **Major Depressive Disorder (MDD)**: Characterized by persistent feelings of sadness, hopelessness, and a loss of interest in activities.
2. **Dysthymia**: A mild but chronic form of depression.
3. **Bipolar Disorder**: A mood disorder that involves episodes of mania or hypomania, often accompanied"
C0013303,Duodenum,bpoc,LOCATION_OF,C0019080,Hemorrhage,fndg,2013,23593613,23593613,,18779468,Which clinical findings is the anatomical location of Duodenum?,0.1698625981807708,0.0,Hemorrhage,0,"[1895] The anatomical location of the duodenum is in the abdominal cavity, specifically in the retroperitoneal space. It is located below the stomach and above the small intestine, and it is positioned in a C-shaped curve around the second and third lumbar vertebrae. 

The duodenum is divided into four parts: 

1. The first part (duodenum cap) is located below the stomach and is connected to the pylorus by the pyloric sph"
C0066484,Mevalonate kinase,aapp,AFFECTS,C0162759,Prenylation,genf,2014,24401286,24401286,,19262247,Which medical entities does Mevalonate kinase primarily affect?,-0.0325646102428436,0.0,Prenylation,0,"[1999] Mevalonate kinase primarily affects two medical entities: Mevalonate Kinase Deficiency (MKD) and Hyper-IgD syndrome (HIDS). 

Mevalonate Kinase Deficiency (MKD) is a rare genetic disorder caused by mutations in the MVK gene, leading to impaired mevalonate kinase activity. This results in the accumulation of toxic metabolites, causing a range of symptoms including recurrent fever, skin rashes, and joint pain"
C0039070,Syncope,sosy,ASSOCIATED_WITH,C0018799,Heart Diseases,dsyn,2013,24338146,24338146,,19296286,Which diseases or conditions is Syncope most strongly associated with?,0.1386498212814331,0.0,Heart Diseases,0,"[1992]  According to a study published in the Journal of the American College of Cardiology, Syncope is most strongly associated with cardiac conditions such as:

1. Atrioventricular (AV) block: This is a condition where the electrical signals between the heart's upper and lower chambers are disrupted, leading to a slow or irregular heartbeat.
2. Long QT syndrome: This is a condition where the heart's electrical system is disrupted, leading to abnormal heart rhythms.
3. Br"
C0751973,Proteome,aapp,PART_OF,C0887959,Glycosomes,celc,2014,25493940,25493940,,18767437,"In a biomedical context, what is the relationship between Proteome and medical entities via PART_OF?",0.3151191174983978,0.0,Glycosomes,0,"

In the context of biomedical ontologies, the relationship between Proteome and medical entities via PART_OF is established through the use of the Gene Ontology (GO) and the Protein Ontology (PRO). 

The Proteome is the entire set of proteins produced or modified by an organism or system. The PART_OF relationship in GO and PRO indicates that a protein or a set of proteins is a component or a part of a larger entity, such as a cell, tissue, or"
C0005773,Blood Cells,cell,LOCATION_OF,100124700,HOTAIR,aapp,2015,24722995,24722995,,19814182,Which proteins is the anatomical location of Blood Cells?,0.0760594233870506,0.0,HOTAIR,0,"[1953] 
The proteins responsible for the anatomical location of blood cells are the adhesion molecules, specifically the selectins, integrins, and members of the immunoglobulin superfamily. These proteins are expressed on the surface of endothelial cells lining blood vessels and on the surface of blood cells, such as leukocytes.

The selectins are responsible for the initial rolling of leukocytes along the endothelial surface, while the integrins and immunoglobulin superfamily members facilitate the firm ad"
C0040300,Body tissue,tisu,LOCATION_OF,C0905462,perfluorooctane sulfonate,orch,2014,24529450,24529450,,19168547,Which chemicals is the anatomical location of Body tissue?,0.0299076195806264,0.0,perfluorooctane sulfonate,0,"I'm not sure I understand your question. However, I'll try to provide an answer based on what I think you might be asking.

Body tissue is composed of various types of cells, which are the basic structural and functional units of living organisms. The main types of body tissue are:

1. Epithelial tissue: This type of tissue forms the lining of organs, glands, and other body surfaces. It is composed of epithelial cells, which are held together by tight junctions and des"
C0009450,Communicable Diseases,dsyn,CAUSES,C0012634,Disease,dsyn,2020,32818214,32818214,,345111036,Which diseases or conditions can Communicable Diseases cause or induce?,0.525917649269104,0.0,Disease,0,"[1948]  The discovery of the link between Communicable Diseases and various conditions was first established by Alexander Fleming in 1948. He found that certain bacteria can cause diseases such as pneumonia, tuberculosis, and sepsis. 

Communicable Diseases can cause or induce various conditions, including:

1.  **Pneumonia**: Caused by bacteria such as Streptococcus pneumoniae, Haemophilus influenzae, and Klebsiella pneumoniae.
2.  **"
C0409961,Arthritis associated with another disorder,dsyn,COEXISTS_WITH,C0409497,Joint injury,inpo,2015,26447408,26447408,,2969493,Which medical entities commonly co-exists with Arthritis associated with another disorder?,0.3855069577693939,0.0,Joint injury,0,"[1960s] Rheumatoid Arthritis (RA) often co-exists with Sjögren's syndrome, a disorder that affects the exocrine glands, particularly the salivary and lacrimal glands. The co-existence is due to the shared autoimmune nature of both conditions, where the immune system mistakenly attacks the body's own tissues.

[1970s] Psoriatic Arthritis (PsA) commonly co-exists with psoriasis, a skin condition characterized by red"
C0947286,CD14+ cell,cell,LOCATION_OF,C1448177|7124,"TNF protein, human|TNF",aapp,2017,28677145,28677145,,36696692,Which proteins is the anatomical location of CD14+ cell?,0.1916987150907516,0.0,"TNF protein, human|TNF",0,"[1992] 
The CD14+ cell is primarily found on the surface of monocytes and macrophages, which are a type of white blood cell. CD14 is a receptor that plays a crucial role in the recognition of bacterial cell wall components, such as lipopolysaccharides (LPS), and the activation of the innate immune response. The CD14 receptor is expressed on the surface of these cells, allowing them to detect and respond to the presence of pathogens"
C0019878,homocysteine,aapp,STIMULATES,C0059438,epigallocatechin gallate,orch,2018,28666294,28666294,,13536185,Which chemicals does homocysteine stimulate?,0.0967971608042717,0.0,epigallocatechin gallate,0,[1968] Homocysteine stimulates the release of histamine from mast cells
C0443158,Brain activity,phsf,PROCESS_OF,C0027362,Human Age Group,humn,2017,28708977,28708977,,37207018,"In a biomedical context, what is the relationship between Brain activity and patients or groups via PROCESS_OF?",0.123387336730957,0.0,Human Age Group,0,"[1999]

The relationship between brain activity and patients or groups via PROCESS_OF is related to the concept of functional connectivity in neuroscience. This concept was first introduced by Biswal et al. in 1999. They used functional magnetic resonance imaging (fMRI) to study the brain's functional connectivity, which refers to the synchronized activity between different brain regions.

In this context, PROCESS_OF represents the causal relationship between brain activity and the underlying neural processes that give rise to specific behaviors, emotions, or"
C0237401,Individual,humn,LOCATION_OF,C0019878,homocysteine,aapp,2018,29321517,29321517,,249643094,Which proteins is the anatomical location of Individual?,0.3076244592666626,0.0,homocysteine,0,"I'm not aware of any specific proteins that are directly associated with the anatomical location of an individual. However, I can provide some information on proteins that are involved in cell identity and tissue specificity.

[2000] The LIM domain proteins, such as LHX3 and LHX4, are transcription factors that play a crucial role in the development and maintenance of specific cell types and tissues. These proteins bind to specific DNA sequences and regulate the expression of target genes involved in cell fate determination"
C1097856,chlorfenapyr,orch,NEG_AFFECTS,C0017399,genetic aspects,biof,2016,27742367,27742367,,11706319,"In a biomedical context, what is the relationship between chlorfenapyr and biologic functions via NEG_AFFECTS?",0.0752589628100395,0.0,genetic aspects,2011,"

Chlorfenapyr is a pyrrole insecticide that affects the biologic functions of insects through the inhibition of mitochondrial ATP synthesis. The NEG_AFFECTS relationship in this context refers to the negative effect of chlorfenapyr on the biologic functions of insects, specifically the disruption of energy production in the mitochondria.

Chlorfenapyr acts by inhibiting the electron transport chain in the mitochondria, which leads to a decrease in the production of ATP ("
C0936012,Analysis,resa,MEASURES,C0036668,Sensitivity and Specificity,qnco,2022,34997174,34997174,,378314914,"In a biomedical context, what is the relationship between Analysis and medical entities via MEASURES?",0.2026640772819519,0.0,Sensitivity and Specificity,0,"[1990]

The relationship between analysis and medical entities via MEASURES is based on the work of Donald A. B. Lindberg, who introduced the concept of MEASURES (Medical Entities, Attributes, Relationships, Entities, and Semantics) in 1990. MEASURES is a framework for representing medical knowledge in a structured and formal way, allowing for the analysis of medical entities and their relationships.

In MEASURES, medical entities are represented as concepts, which can be attributes"
C0343386,Clostridium difficile infection,dsyn,PROCESS_OF,C0870668,Hospitalized Patients,humn,2015,26195522,26195522,,2150323,"In a biomedical context, what is the relationship between Clostridium difficile infection and patients or groups via PROCESS_OF?",0.2241061329841613,0.0,Hospitalized Patients,0,"[1995] 
The relationship between Clostridium difficile infection and patients or groups is primarily through the PROCESS_OF mechanism of transmission via the fecal-oral route. 

Here's a brief explanation of the process:

1. **Contamination**: C. difficile spores are shed into the environment through the feces of infected individuals.
2. **Transmission**: These spores can contaminate surfaces, medical equipment, and the hands of healthcare workers.
3. **Infection**: When"
C4763675,Single Agent Therapy,topp,USES,C0254211,arbidol,phsu,2020,32838353,32838353,,345087253,"In a biomedical context, what is the relationship between Single Agent Therapy and pharmacologic substances via USES?",0.156437486410141,0.0,arbidol,0,"[1965] The concept of Single Agent Therapy (SAT) was first introduced by Sidney Farber in 1965. In a biomedical context, Single Agent Therapy refers to the use of a single pharmacologic substance to treat a disease or condition. 

The relationship between Single Agent Therapy and pharmacologic substances via USES (Understanding the Specific Effects) can be explained as follows:

1. **Understanding (U)**: The first step in Single Agent Therapy is to understand the specific effects of a pharmac"
C0021311,Infection,dsyn,COEXISTS_WITH,C0043096,Body Weight decreased,fndg,2010,19940390,19940390,,21571653,Which clinical findings commonly co-exists with Infection?,0.0764502882957458,0.0,Body Weight decreased,0,"Here are some clinical findings that commonly co-exist with infection:

1. **Fever**: [1868] 
   The scientific mechanism behind fever is the release of pyrogens, which are substances that induce fever. Pyrogens stimulate the hypothalamus in the brain to increase the body's temperature set point, leading to an increase in body temperature.

2. **Tachycardia**: [1872]
   Tachycardia, or an increased heart rate, is"
C0009368,Colon,bpoc,LOCATION_OF,C0596263,Carcinogenesis,neop,2019,30465204,30465204,,269962717,Which diseases or conditions is the anatomical location of Colon?,0.2375615239143371,0.0,Carcinogenesis,0,"[1600s] The anatomical location of the colon is associated with several diseases and conditions, including:

1. **Diverticulitis**: This is an inflammation of the diverticula, which are small pouches in the wall of the colon. Diverticulitis can cause abdominal pain, fever, and changes in bowel habits.

2. **Colon Cancer**: The colon is a common site for cancer development, particularly in the rectum and sigmoid colon. Colon cancer can cause"
C0032015,Pituitary Hormones,aapp,AUGMENTS,C0376618,Endotoxemia,fndg,2010,24281172,24281172,,22601917,"In a biomedical context, what is the relationship between Pituitary Hormones and clinical findings via AUGMENTS?",0.339869737625122,0.0,Endotoxemia,0,"I couldn't find any information on ""AUGMENTS"" in relation to Pituitary Hormones and clinical findings. However, I can provide information on the relationship between Pituitary Hormones and clinical findings.

[1960s] The pituitary gland is often referred to as the ""master gland"" because it regulates the function of many other endocrine glands in the body. Pituitary hormones, such as growth hormone (GH), thyroid-stimulating hormone (TSH), ad"
C0021368,Inflammation,patf,COEXISTS_WITH,C3203547,Axial Spondyloarthritis,dsyn,2024,38168507,38168507,,411926157,Which diseases or conditions commonly co-exists with Inflammation?,0.318159282207489,0.0,Axial Spondyloarthritis,0,"[1990s]  Arthritis: Inflammation is a key component of various types of arthritis, including rheumatoid arthritis and osteoarthritis. The inflammatory response involves the activation of immune cells, such as macrophages and T cells, which release pro-inflammatory cytokines and other mediators that contribute to joint damage and pain.

[1980s]  Atherosclerosis: Inflammation plays a crucial role in the development and progression of atherosclerosis, a condition characterized"
C0036140,Salts,chvs,COMPARED_WITH,C0037494,Sodium Chloride,bacs,2018,29136930,29136930,,249101310,"In a biomedical context, what is the relationship between Salts and active substances via COMPARED_WITH?",0.2393441945314407,0.0,Sodium Chloride,0,"[1965] 
The relationship between salts and active substances in a biomedical context is often studied through the concept of ""salt effects"" or ""salting-out"" effects. This phenomenon is compared with the ""salting-in"" effect, which is the opposite effect where salts increase the solubility of a substance.

The scientific mechanism behind the ""salting-out"" effect is as follows: when a salt is added to a solution, it dissociates into its constituent ions. These ions can interact"
C0003062,Animals,anim,LOCATION_OF,4041,LRP5,aapp,2020,31022458,31022458,,335513781,Which proteins is the anatomical location of Animals?,0.0560892112553119,0.0,LRP5,0,"I couldn't find any information about a specific protein being the anatomical location of animals. However, I can provide information on the proteins that are crucial for maintaining the structure and function of animal cells.

One such protein is actin, which is a major component of the cytoskeleton in animal cells. The cytoskeleton provides structural support, shape, and mechanical stability to cells, and is essential for cell division, movement, and intracellular transport.

Another protein that plays a crucial role in animal"
C0235378,Hepatotoxicity,inpo,PROCESS_OF,C0030705,Patients,humn,2016,27653941,27653941,,1602116,"In a biomedical context, what is the relationship between Hepatotoxicity and patients or groups via PROCESS_OF?",0.2225809693336486,0.0,Patients,0,"[1975] 
The relationship between Hepatotoxicity and patients or groups via PROCESS_OF is that Hepatotoxicity is a process that occurs in the liver, where certain substances or agents cause damage to liver cells, leading to liver dysfunction or failure. This process can be triggered by various factors, including medications, toxins, viruses, and other substances that are ingested, inhaled, or otherwise introduced into the body. 

In a biomedical context, the PROCESS_OF relationship between Hepatotoxic"
C0596902,Membrane Transport Proteins,aapp,DISRUPTS,C1148926,adenosinetriphosphatase activity,moft,2013,23562402,23562402,,18823404,Which medical entities does Membrane Transport Proteins disrupt?,0.1725401282310485,0.0,adenosinetriphosphatase activity,0,"[1970s] The Sodium-Potassium Pump (Na+/K+-ATPase) is a type of membrane transport protein that disrupts the balance of sodium and potassium ions across cell membranes. It uses ATP to pump sodium ions out of the cell and potassium ions into the cell, maintaining the proper balance of these ions and regulating various cellular processes.

[1980s] The Chloride Channel (ClC) is another type of membrane transport protein that disrupts the balance of chloride ions"
146,ADRA1D,gngm,INTERACTS_WITH,C0017973,Glycosaminoglycans,bacs,2011,25309886,25309886,,22821074,Which active substances does ADRA1D significantly interact with?,0.1338825821876526,0.0,Glycosaminoglycans,0,"[1993] 
ADRA1D, also known as the alpha-1D adrenergic receptor, is a G protein-coupled receptor that significantly interacts with various active substances. Some of the known ligands that interact with ADRA1D include:

1. Epinephrine (adrenaline): a catecholamine hormone that plays a crucial role in the body's fight-or-flight response.
2. Norepinephrine (noradrenaline): another"
5573,PRKAR1A,gngm,STIMULATES,C0597712,BCL-2 Protein,gngm,2014,25012505,25012505,,19336156,Which genes does PRKAR1A stimulate?,0.3206346035003662,0.0,BCL-2 Protein,0,"[1997] 
The PRKAR1A gene encodes for the type 1α regulatory subunit of protein kinase A (PKA). PKA is a key enzyme involved in cellular signaling pathways. PRKAR1A stimulates the expression of genes involved in cell growth, differentiation, and metabolism by activating PKA, which in turn phosphorylates and regulates various downstream targets"
C0028953,Oligonucleotides,nnon,INTERACTS_WITH,C1518157,Major Groove,bacs,2017,27660205,27660205,,6332682,Which active substances does Oligonucleotides significantly interact with?,0.0542422793805599,0.0,Major Groove,0,"[1990] 
Oligonucleotides significantly interact with complementary DNA or RNA sequences through a process known as hybridization. This interaction is based on the principle of base pairing, where adenine (A) pairs with thymine (T) or uracil (U), and guanine (G) pairs with cytosine (C). This specific base pairing allows oligonucleotides to bind to their target sequences, which can be used for various applications such as gene"
C0079419|7157,TP53 gene|TP53,gngm,STIMULATES,C1817666,phosphatidylinositol 3-kinase signaling,moft,2022,34975329,34975329,,378043507,Which medical entities does TP53 gene|TP53 stimulate?,0.3164313733577728,0.0,phosphatidylinositol 3-kinase signaling,0,"[1989] The TP53 gene, also known as tumor protein p53, is a tumor suppressor gene that plays a crucial role in regulating the cell cycle, preventing cancer formation, and maintaining genomic stability. 

TP53 stimulates several medical entities, including:

1. **Apoptosis**: TP53 induces programmed cell death (apoptosis) in cells that are damaged or have unrepairable DNA damage, thereby preventing the propagation of mutations that could lead to cancer.

2. **Cell"
C0009467,Community Health Workers,prog,DIAGNOSES,C4505065,Noncommunicable Diseases,dsyn,2021,33413500,33413500,,361996425,Which diseases or conditions is Community Health Workers used to diagnose?,0.9509904980659484,1.0,Noncommunicable Diseases,0,"[1960s] Community Health Workers (CHWs) have been used to diagnose a variety of diseases and conditions, particularly in resource-poor settings. They are often trained to identify and manage common health issues such as:

1. Malaria: CHWs can use rapid diagnostic tests (RDTs) to diagnose malaria, which is a major public health problem in many tropical and subtropical regions.
2. Pneumonia: CHWs can use clinical algorithms and RDTs to diagnose pneumonia"
C0025086,Medical Imaging,diap,USES,C0242841,"Microscopy, Confocal, Laser Scanning",lbpr,2013,23594460,23594460,,19152868,"In a biomedical context, what is the relationship between Medical Imaging and medical entities via USES?",0.2753898799419403,0.0,"Microscopy, Confocal, Laser Scanning",0,"[1990s] 

In the biomedical context, the relationship between Medical Imaging and medical entities is established through the concept of ""Uses"" (or Utilization). Medical Imaging refers to the various techniques used to visualize the internal structures of the body, such as X-rays, CT scans, MRI, and ultrasound.

The ""Uses"" concept is based on the idea that medical imaging modalities are employed to diagnose, monitor, and treat various medical conditions. In other words, medical imaging is used to"
C0009244,Cognitive Therapy,topp,TREATS,C0015672,Fatigue,sosy,2018,27634687,27634687,,10949636,Which medical entities is Cognitive Therapy commonly used to treat?,0.212976649403572,0.0,Fatigue,0,"[1977] Cognitive Therapy, developed by Aaron Beck, is commonly used to treat various mental health conditions, including:

1. **Major Depressive Disorder (MDD):** Cognitive Therapy helps individuals identify and challenge negative thought patterns, replacing them with more balanced and constructive ones, which in turn improves mood and reduces symptoms of depression.
2. **Anxiety Disorders:** Cognitive Therapy is effective in treating anxiety disorders such as Generalized Anxiety Disorder (GAD), Panic Disorder, and Social Anxiety Disorder by"
C0588008,Severe depression,mobd,PROCESS_OF,C0679646,Participant,humn,2020,32838000,32838000,,345089503,"In a biomedical context, what is the relationship between Severe depression and patients or groups via PROCESS_OF?",0.1787266284227371,0.0,Participant,2015,"

In the context of severe depression, the PROCESS_OF relationship refers to the underlying mechanisms or pathways that contribute to the development and maintenance of the disorder. Research suggests that severe depression is associated with abnormalities in various biological processes, including:

1. **Neurotransmitter imbalance**: The PROCESS_OF relationship involves the dysregulation of neurotransmitters such as serotonin, dopamine, and norepinephrine, which play a crucial role in mood regulation.
2. **Inflammation**: Chronic"
C0032285,Pneumonia,dsyn,PROCESS_OF,C0025266,Male population group,humn,2015,25592210,25592210,,19231619,"In a biomedical context, what is the relationship between Pneumonia and patients or groups via PROCESS_OF?",0.1592949628829956,0.0,Male population group,0,"[1993] 

The relationship between Pneumonia and patients or groups via PROCESS_OF is related to the concept of ""Aspiration Pneumonia"". Aspiration pneumonia occurs when food, liquids, vomit, or saliva are inhaled into the lungs, often due to a weakened gag reflex or difficulty swallowing. This can be a process that occurs in patients with certain conditions, such as dysphagia, neurological disorders, or those who are unconscious.

In this context, the PROCESS_OF relationship"
C0018563,Hand,bpoc,LOCATION_OF,C0599766,Recovery of Function,sosy,2024,38183435,38183435,,412040756,Which medical entities is the anatomical location of Hand?,0.1011738255620002,0.0,Recovery of Function,0,"[1861] The anatomical location of the hand is primarily associated with the upper limb, specifically the distal portion of the arm, which is connected to the forearm by the wrist. 

The hand is composed of the palm and fingers, and it is made up of 27 bones, 29 joints, and over 100 muscles, tendons, and ligaments. The hand is innervated by the median, ulnar, and radial nerves, and it is supplied by the radial"
C0728940,Excision,topp,TREATS,C0018552,Hamartoma,neop,2010,19942387,19942387,,22683462,Which diseases or conditions is Excision commonly used to treat?,0.258895069360733,0.0,Hamartoma,0,"[1960s] Excision is a surgical procedure commonly used to treat various skin conditions and diseases, including:

1. **Basal cell carcinoma**: A type of skin cancer that is usually slow-growing and non-aggressive.
2. **Squamous cell carcinoma**: Another type of skin cancer that can be more aggressive than basal cell carcinoma.
3. **Seborrheic keratoses**: Benign growths that can appear on the skin, often in older adults.
4"
C0012854,DNA,bacs,ISA,C0032550,Polynucleotides,nnon,2018,28800432,28800432,,248881671,"In a biomedical context, what is the relationship between DNA and medical entities via ISA?",-0.0071500586345791,0.0,Polynucleotides,0,"

In the context of biomedical research, ISA (Investigation, Study, Assay) is a framework used to describe the relationships between DNA, medical entities, and other experimental data. ISA is based on the idea of creating a standardized way to represent the relationships between different types of data, such as DNA sequences, gene expression data, and clinical information.

The relationship between DNA and medical entities via ISA can be described as follows:

1. Investigation: This is the top-level entity"
C0029130,Optic Nerve,bpoc,LOCATION_OF,C1268649,New finding,fndg,2012,23211463,23211463,,20417890,Which clinical findings is the anatomical location of Optic Nerve?,0.2034166902303695,0.0,New finding,0,"[1861] The anatomical location of the Optic Nerve is in the orbit, specifically it originates from the optic disc, which is located at the posterior aspect of the globe, near the macula. 

The optic nerve is a part of the central nervous system and is responsible for transmitting visual information from the retina to the brain. It is formed by the axons of the retinal ganglion cells and is approximately 50 mm in length. The optic nerve passes through the optic canal"
C0270549,Generalized Anxiety Disorder,mobd,OCCURS_IN,C0206194,Survivors,podg,2020,32830577,32830577,,345104755,"In a biomedical context, what is the relationship between Generalized Anxiety Disorder and medical entities via OCCURS_IN?",0.0263565722852945,0.0,Survivors,2010,"

In the context of the Systematized Nomenclature of Medicine Clinical Terms (SNOMED CT), the relationship between Generalized Anxiety Disorder and medical entities via OCCURS_IN is used to indicate that a Generalized Anxiety Disorder is a condition that occurs in a specific body location or region.

For example, a patient with Generalized Anxiety Disorder may experience symptoms such as muscle tension, headaches, or sleep disturbances, which can be described as occurring in various body locations, such"
C0242697,Muscle Fibers,cell,NEG_INTERACTS_WITH,C0017687,Glucagon,gngm,2018,29445118,29445118,,249614294,"In a biomedical context, what is the relationship between Muscle Fibers and genes via NEG_INTERACTS_WITH?",0.3010764420032501,0.0,Glucagon,2013,"

In the context of muscle biology, the relationship between muscle fibers and genes is mediated by various regulatory mechanisms. The NEG_INTERACTS_WITH relationship refers to the interaction between a protein and a gene that results in the suppression or inhibition of gene expression.

In muscle fibers, the NEG_INTERACTS_WITH relationship is often mediated by transcription factors and microRNAs (miRNAs) that bind to specific DNA sequences or messenger RNA (mRNA) molecules, respectively. These interactions can"
C1326393,Golgi vesicle transport,celf,AFFECTS,C0040649,"Transcription, Genetic",genf,2013,23208710,23208710,,18844206,Which medical entities does Golgi vesicle transport primarily affect?,0.2538425922393799,0.0,"Transcription, Genetic",0,"[1954] The primary medical entities affected by Golgi vesicle transport are neurodegenerative disorders, such as Alzheimer's disease, Parkinson's disease, and Huntington's disease. 

Golgi vesicle transport is a process by which proteins and lipids are packaged into vesicles within the Golgi apparatus, a complex organelle found in eukaryotic cells. The Golgi apparatus is responsible for modifying, sorting, and packaging proteins and lipids for transport to other parts of"
C1441436,{PROVIDER},hlca,COEXISTS_WITH,C0035273,Resuscitation,topp,2010,19945598,19945598,,24534304,Which medical entities commonly co-exists with {PROVIDER}?,0.0904425084590911,0.0,Resuscitation,0,I need a bit more information about the {PROVIDER}. Could you please provide more context or specify what {PROVIDER} refers to?
C0039607,Testosterone Propionate,horm,ISA,C0087111,Therapeutic procedure,topp,2017,27743010,27743010,,12011773,"In a biomedical context, what is the relationship between Testosterone Propionate and medical entities via ISA?",0.2198957204818725,0.0,Therapeutic procedure,0,"[1940s] 

Testosterone Propionate is a short-acting ester of testosterone, a potent androgen hormone. In a biomedical context, the relationship between Testosterone Propionate and medical entities via Insulin-like Growth Factor-1 (IGF-1) Stimulating Activity (ISA) involves the hormone's ability to stimulate the production of IGF-1.

IGF-1 is a protein that plays a crucial role in cell growth, differentiation, and survival. It is primarily"
C0002520,Amino Acids,bacs,PART_OF,C1305923,Polypeptides,aapp,2015,26539050,26539050,,1816018,"In a biomedical context, what is the relationship between Amino Acids and proteins via PART_OF?",0.1524581015110016,0.0,Polypeptides,0,"[1953] 

The relationship between amino acids and proteins via PART_OF is based on the concept of protein synthesis. Amino acids are the building blocks of proteins, and they are linked together through peptide bonds to form a polypeptide chain. This process is known as protein biosynthesis.

During protein synthesis, amino acids are activated by being attached to transfer RNA (tRNA) molecules, which then bring them to the ribosome, the site of protein synthesis. The ribosome reads the sequence"
C0038018,Spondylolysis,dsyn,PROCESS_OF,C0683971,General Population,humn,2011,22196393,22196393,,231893766,"In a biomedical context, what is the relationship between Spondylolysis and patients or groups via PROCESS_OF?",0.02861481718719,0.0,General Population,0,"[1970s] 

Spondylolysis is a defect in the pars interarticularis of the vertebrae, which can lead to spondylolisthesis. The relationship between spondylolysis and patients or groups via PROCESS_OF can be explained as follows:

Spondylolysis often occurs due to repetitive stress or microtrauma to the pars interarticularis, which can be caused by various factors such as:

1. **Biomechanical stress"
C3541878|8239,USP9X wt Allele|USP9X,gngm,AUGMENTS,C0023693,Light,npop,2022,34995621,34995621,,378285272,"In a biomedical context, what is the relationship between USP9X wt Allele|USP9X and medical entities via AUGMENTS?",0.0143840592354536,0.0,Light,2015,"

The relationship between USP9X wt Allele and medical entities via AUGMENTS is related to the regulation of the androgen receptor (AR) signaling pathway. USP9X is a deubiquitinating enzyme that specifically deubiquitinates and stabilizes the androgen receptor (AR). 

The AUGMENTS (Androgen Receptor Ubiquitination and Glycosylation Modulators of Testicular Spermatogenesis) complex, which includes USP9"
C0454527,Thermal techniques,topp,ISA,C0087111,Therapeutic procedure,topp,2018,29536345,29536345,,249210884,"In a biomedical context, what is the relationship between Thermal techniques and medical entities via ISA?",0.3577094674110412,0.0,Therapeutic procedure,2015,"

In the context of biomedical research, Thermal techniques refer to the use of heat or cold to manipulate biological systems. The relationship between Thermal techniques and medical entities via ISA (Integrated Systems Approach) involves the application of thermal methods to study and modulate various biological processes.

ISA is a systems biology approach that integrates data from multiple sources to understand complex biological systems. In the context of thermal techniques, ISA can be used to analyze the effects of heat or cold on biological systems at different levels"
C0010762,Cytochrome P450,aapp,INTERACTS_WITH,C0028978,Omeprazole,orch,2019,30399481,30399481,,268101678,Which chemicals does Cytochrome P450 significantly interact with?,0.3856889307498932,0.0,Omeprazole,0,"[1961] Cytochrome P450 significantly interacts with a wide variety of chemicals, including but not limited to:

1. Xenobiotics: These are foreign substances that enter the body, such as drugs, pesticides, and pollutants. Cytochrome P450 enzymes metabolize these substances, making them more water-soluble and easier to excrete.

2. Steroids: Cytochrome P450 enzymes are involved in the biosynthesis and metabolism of steroids, including cholesterol, cortisol, and"
C2827774,Current Therapy,topp,TREATS,C1457887,Symptoms,sosy,2024,38173014,38173014,,411947545,Which medical entities is Current Therapy commonly used to treat?,0.1816650032997131,0.0,Symptoms,0,"I couldn't find any information on ""Current Therapy."" However, I found that ""Current Therapy in Dermatology"" is a medical textbook that provides information on the treatment of various skin conditions.

If you are referring to ""Current Therapy,"" it could be a generic term for the current standard of care or treatment for a particular medical condition. In that case, I would need more information to provide a specific answer.

However, I can provide some examples of medical entities that are commonly treated with current therapy"
C0012238,Digestion,orgf,COEXISTS_WITH,C0018270,Growth,orgf,2021,33182078,33182078,,359545293,Which medical entities commonly co-exists with Digestion?,0.0895783752202987,0.0,Growth,0,"[1990] Irritable Bowel Syndrome (IBS) - This condition is characterized by recurring abdominal pain and changes in bowel movements. The exact cause of IBS is unknown, but it is believed to be related to changes in gut motility, sensitivity, and the gut-brain axis.

[1998] Small Intestine Bacterial Overgrowth (SIBO) - This condition occurs when bacteria overgrow in the small intestine, leading to symptoms such as bloating, abdominal pain"
C0002875,Cooley's anemia,dsyn,PROCESS_OF,C0870221,Boys,humn,2015,26165407,26165407,,20178752,"In a biomedical context, what is the relationship between Cooley's anemia and patients or groups via PROCESS_OF?",0.0496150329709053,0.0,Boys,0,"[1954] Cooley's anemia, also known as beta-thalassemia major, is a severe form of anemia caused by a genetic mutation that affects the production of the beta-globin chains of hemoglobin. 

The PROCESS_OF relationship between Cooley's anemia and patients or groups is as follows: 

- The genetic mutation that causes Cooley's anemia is inherited in an autosomal recessive pattern, meaning that a person must inherit two copies of the mutated"
C1281065,Entire diencephalon,bpoc,LOCATION_OF,C1457887,Symptoms,sosy,2014,25142537,25142537,,18762674,Which medical entities is the anatomical location of Entire diencephalon?,0.0896548926830291,0.0,Symptoms,0,"[1867] The diencephalon is a division of the brain that is located between the telencephalon (cerebrum) and the mesencephalon (midbrain). It is situated in the posterior part of the forebrain and is composed of several structures, including the thalamus, hypothalamus, epithalamus, and subthalamus.

The diencephalon is a critical region of the brain that plays a vital role in various functions, such"
C0026751,Multiparity,orgf,PROCESS_OF,C0036945,Sheep,mamm,2011,19968834,19968834,,2551525,"In a biomedical context, what is the relationship between Multiparity and species via PROCESS_OF?",0.2839268147945404,0.0,Sheep,0,"[1994]

In the context of biomedical research, multiparity refers to the condition of having given birth to multiple offspring. The relationship between multiparity and species via PROCESS_OF can be understood through the lens of evolutionary biology.

Multiparity is a process (PROCESS_OF) that occurs within a species, where an individual female gives birth to multiple offspring. This process is a fundamental aspect of reproductive biology and is essential for the survival and propagation of a species.

In other words, multiparity is a process"
C0527316,donepezil,phsu,AUGMENTS,C0243102,enzyme activity,moft,2015,26194321,26194321,,1337335,"In a biomedical context, what is the relationship between donepezil and medical entities via AUGMENTS?",0.3318134248256683,0.0,enzyme activity,0,"I couldn't find any information on ""AUGMENTS"" in a biomedical context. However, I found information on ""AUGMENT"" which is a combination of donepezil and memantine. 

[2003] 
The relationship between donepezil and memantine via AUGMENT is that they are used together to treat Alzheimer's disease. Donepezil is a cholinesterase inhibitor that works by increasing the concentration of acetylcholine in the brain, which helps to improve cognitive"
C0003461,Anus,bpoc,LOCATION_OF,C1522476,Mouse Pancreatic Intraepithelial Neoplasia-3,neop,2010,19967333,19967333,,1387254,Which diseases or conditions is the anatomical location of Anus?,0.2440403252840042,0.0,Mouse Pancreatic Intraepithelial Neoplasia-3,0,"[1950s]  The anatomical location of the anus is associated with several diseases and conditions, including:

1. **Hemorrhoids**: Prolonged straining during bowel movements can cause veins in the anal cushions to become swollen, leading to hemorrhoids.
2. **Anal Fissures**: Tears in the lining of the anus can cause pain, bleeding, and difficulty passing stool.
3. **Anal Abscesses**: Infected anal glands can cause abscesses"
C1413039|56934,CA10 gene|CA10,gngm,AUGMENTS,C0162638,Apoptosis,celf,2022,34980544,34980544,,378126660,"In a biomedical context, what is the relationship between CA10 gene|CA10 and cell types via AUGMENTS?",0.323701798915863,0.0,Apoptosis,2015,"

The CA10 gene encodes for carbonic anhydrase 10, an enzyme that plays a crucial role in maintaining the acid-base balance in cells. In the context of the brain, CA10 has been implicated in the regulation of neural stem cells and their differentiation into specific cell types.

AUGMENTS (Augmenting Genes for Neural Stem cell Maintenance and Transition) is a set of genes that are involved in the regulation of neural stem cell maintenance and differentiation. The"
C0031119,Peripheral Nerves,bpoc,LOCATION_OF,C0008407,Choline O-Acetyltransferase,aapp,2014,25239149,25239149,,1176799,Which proteins is the anatomical location of Peripheral Nerves?,0.1205217689275741,0.0,Choline O-Acetyltransferase,0,"[1990] 
The anatomical location of peripheral nerves is primarily composed of proteins such as Neurofilament (NF) proteins, specifically NF-H, NF-M, and NF-L. These proteins are part of the cytoskeleton and play a crucial role in maintaining the structure and integrity of peripheral nerve fibers. They are also involved in the regulation of axonal transport and the maintenance of the axonal cytoskeleton.

However, the main structural component of peripheral nerves is the myelin sheath"
C0021753,Interleukin-1 beta,aapp,INHIBITS,C1510506,Interferon Regulatory Factor 3,aapp,2010,19949083,19949083,,26497343,Which proteins does Interleukin-1 beta inhibit?,0.3885132968425751,0.0,Interferon Regulatory Factor 3,0,"[1990] 
Interleukin-1 beta (IL-1β) has been found to inhibit the production of the protein called Interferon-gamma-induced protein 10 (IP-10), also known as CXCL10"
C0968902|2167|2971|7020,Transcription Factor AP-2 Alpha|FABP4|GTF3A|TFAP2A,bacs,PART_OF,C1333360|2077,ERF gene|ERF,aapp,2016,26198402,26198402,,4437460,"In a biomedical context, what is the relationship between Transcription Factor AP-2 Alpha|FABP4|GTF3A|TFAP2A and proteins via PART_OF?",0.3938632011413574,0.0,ERF gene|ERF,2015,"
The relationship between Transcription Factor AP-2 Alpha (TFAP2A), Fatty Acid Binding Protein 4 (FABP4), and General Transcription Factor 3A (GTF3A) via the PART_OF relationship in a biomedical context is not directly related to the proteins themselves but rather to their involvement in cellular processes.

However, if we consider the PART_OF relationship in the context of cellular processes, we can infer the following:

- TFAP2"
C0032529,"Polymorphism, Genetic",genf,AFFECTS,54657,UGT1A4,aapp,2019,30630678,30630678,,332962716,"Which proteins does Polymorphism, Genetic primarily affect?",0.0819656699895858,0.0,UGT1A4,0,"[1990s] 

Polymorphism, Genetic primarily affects the proteins that are encoded by the genes that exhibit genetic variation. This variation can occur in the coding regions of genes, leading to changes in the amino acid sequence of the protein. 

There are several types of genetic polymorphisms that can affect proteins, including:

1. **Single Nucleotide Polymorphisms (SNPs)**: These are single base pair changes in the DNA sequence that can result in changes to the amino"
C0035983,Ryanodine,bacs,PART_OF,C0917729,Ryanodine Receptors,aapp,2017,28709993,28709993,,37696676,"In a biomedical context, what is the relationship between Ryanodine and proteins via PART_OF?",1.0,1.0,Ryanodine Receptors,0,"[1994] 
Ryanodine receptors (RyRs) are a family of intracellular calcium channels that play a crucial role in muscle contraction and neurotransmitter release. The PART_OF relationship between Ryanodine and proteins refers to the fact that Ryanodine receptors are composed of multiple subunits, which are encoded by different genes. These subunits are assembled together to form the functional RyR complex.

In particular, the RyR complex is composed of four subunits, each of which is"
C0040808,Treatment Protocols,topp,METHOD_OF,C0013216,Pharmacotherapy,topp,2015,25561537,25561537,,19852619,"In a biomedical context, what is the relationship between Treatment Protocols and medical entities via METHOD_OF?",0.4533281922340393,0.0,Pharmacotherapy,0,"[1999] 
The relationship between Treatment Protocols and medical entities via METHOD_OF is based on the concept of ""method of treatment"" in the context of biomedical ontologies. This relationship is used to describe the method or technique used to treat a particular medical condition or disease.

In this context, the METHOD_OF relationship is used to link a Treatment Protocol (a set of instructions for treating a medical condition) to the medical entity (the condition or disease being treated). This relationship indicates that the treatment"
C0190010,Fontan Procedure,topp,TREATS,C0243002,Tricuspid Atresia,cgab,2017,27640301,27640301,,13416882,Which medical entities is Fontan Procedure commonly used to treat?,1.0,1.0,Tricuspid Atresia,0,"[1968] The Fontan procedure is a type of heart surgery commonly used to treat children with complex congenital heart defects, particularly those with single-ventricle heart defects. 

The Fontan procedure involves connecting the right atrium directly to the pulmonary artery, bypassing the right ventricle. This allows blood to flow from the right atrium to the lungs without the need for a functioning right ventricle. 

The procedure is typically used to treat conditions such as:

1"
C0042200,Influenza vaccination,topp,ADMINISTERED_TO,C0237401,Individual,humn,2019,30234599,30234599,,327099082,To which patients or groups is Influenza vaccination typically administered?,0.2390269041061401,0.0,Individual,0,"[1960] Influenza vaccination is typically administered to high-risk groups, including:

1. Older adults (65 years and older): Due to weakened immune systems, older adults are more susceptible to severe influenza infections.
2. Young children (6 months to 5 years): Children under 5 years old are at higher risk of complications from influenza.
3. Pregnant women: Pregnant women are more susceptible to severe influenza infections, which can increase the risk of complications for both the mother"
C0051066,alanosine,aapp,STIMULATES,C0052451,Arylesterase,gngm,2013,23370296,23370296,,19064920,Which genes does alanosine stimulate?,0.1756083369255066,0.0,Arylesterase,0,"[1980] 
Alanosine is a nucleoside analog that has been shown to stimulate the expression of certain genes involved in the regulation of cell growth and apoptosis. Specifically, alanosine has been found to stimulate the expression of the p53 gene, which is a tumor suppressor gene that plays a crucial role in regulating cell growth and preventing cancer"
C0233849,Personality Traits,fndg,PREDISPOSES,C0013146,Drug abuse,mobd,2014,24337735,24337735,,18989327,"In a biomedical context, what is the relationship between Personality Traits and diseases or conditions via PREDISPOSES?",0.2129221260547638,0.0,Drug abuse,0,"[1990s] 
The relationship between personality traits and diseases or conditions is a complex one, and it's often mediated by various factors, including genetic predispositions, environmental influences, and lifestyle choices. 

One of the key concepts in this area is the ""PREDISPOSES"" model, which stands for ""Personality, Risk, and Disease: Interactions, Susceptibility, and Expression of Symptoms."" This model suggests that certain personality traits can increase an individual's susceptibility to developing specific"
C0003781,Argon,elii,ISA,C0017110,Gases,chvs,2012,23306759,23306759,,20627144,"In a biomedical context, what is the relationship between Argon and medical entities via ISA?",0.1598389595746994,0.0,Gases,2015,"

In the context of biomedical research, Argon is used in various medical entities via Ionizing Radiation Sterilization (ISA) or more commonly known as Ionizing Radiation (IR) sterilization. 

Argon is used as a shielding gas in the process of ionizing radiation sterilization. This process involves exposing medical devices to ionizing radiation, such as gamma rays or electron beams, to kill bacteria and other microorganisms. 

The Argon gas is used to shield the"
C0348035,oxidized low density lipoprotein,aapp,CAUSES,C0277785,Functional disorder,patf,2014,24176346,24176346,,19187014,Which pathologic functions can oxidized low density lipoprotein cause or induce?,0.1046332716941833,0.0,Functional disorder,0,"[1980] Oxidized low-density lipoprotein (oxLDL) can cause or induce several pathologic functions, including:

1. **Endothelial dysfunction**: oxLDL can impair the function of endothelial cells, leading to reduced nitric oxide production, increased vascular tone, and atherosclerosis.
2. **Inflammation**: oxLDL can stimulate the production of pro-inflammatory cytokines, such as interleukin-1 beta (IL-1β) and"
C0007634,Cells,cell,LOCATION_OF,C0023470,Myeloid Leukemia,neop,2014,25270224,25270224,,18687034,Which diseases or conditions is the anatomical location of Cells?,0.0673151090741157,0.0,Myeloid Leukemia,0,"I'm happy to help you with your question. However, I need a bit more information about the type of cells you are referring to. There are many different types of cells in the human body, each with its own specific location and function.

That being said, here are some examples of diseases or conditions associated with the anatomical location of different types of cells:

- **Neurons (Brain and Spinal Cord)**: Neurodegenerative diseases such as Alzheimer's disease, Parkinson's disease"
C0019994,Hospitals,hcro,LOCATION_OF,C0023981,Longitudinal Studies,resa,2012,24826040,24826040,,22857720,Which medical entities is the anatomical location of Hospitals?,0.1579684317111969,0.0,Longitudinal Studies,0,"I couldn't find any information about a medical entity called ""Hospitals"" as a specific anatomical location. However, I can provide information on the anatomical locations of various medical entities.

If you are referring to the location of hospitals in the body, I couldn't find any information on this topic. Hospitals are institutions that provide medical care and are not anatomical structures.

However, if you are referring to the location of specific medical entities within the body, here are a few examples:

-"
C0997935,Dugesia japonica,invt,ISA,C0032068,Planarians,invt,2019,30355517,30355517,,273705942,"In a biomedical context, what is the relationship between Dugesia japonica and medical entities via ISA?",0.2146800458431244,0.0,Planarians,2015,"

Dugesia japonica, also known as the Japanese flatworm, has been studied in the context of regenerative biology and its potential applications in medicine. In a biomedical context, Dugesia japonica has been used to study the relationship between its regenerative abilities and the development of induced stem cells (iPSCs) via induced somatic cell reprogramming (ISCR) or induced somatic cell activation (ISA).

The ISA process involves the activation of somatic"
C0015684,Fatty Acids,lipd,AUGMENTS,C0004268,Attention,menp,2019,30409647,30409647,,271643698,"In a biomedical context, what is the relationship between Fatty Acids and medical entities via AUGMENTS?",0.1487166881561279,0.0,Attention,0,"I couldn't find any information on ""AUGMENTS"" in a biomedical context. However, I can provide information on the relationship between Fatty Acids and medical entities.

Fatty Acids are a type of lipid that play a crucial role in various biological processes. They are involved in energy storage, cell membrane structure, and signaling pathways. In a biomedical context, Fatty Acids have been linked to various medical entities, including:

1. [1964] Inflammation: Fatty"
C1418776|5465,PPARA gene|PPARA,gngm,INHIBITS,C3887582,"Peroxisome Proliferator-Activated Receptor Gamma, human",gngm,2024,38166556,38166556,,411904170,Which genes does PPARA gene|PPARA inhibit?,0.1609089523553848,0.0,"Peroxisome Proliferator-Activated Receptor Gamma, human",0,"[1994] 
PPARA (Peroxisome Proliferator-Activated Receptor Alpha) is a nuclear receptor that regulates the expression of genes involved in lipid metabolism, energy homeostasis, and cell differentiation. 

PPARA inhibits the expression of genes involved in fatty acid synthesis, such as:

1. FASN (Fatty Acid Synthase): This enzyme is responsible for the synthesis of fatty acids from acetyl-CoA and malonyl-CoA.
2"
C0051405,alpha-Linolenic Acid,bacs,AUGMENTS,C0007595,Cell Growth,celf,2013,23757205,23757205,,19056084,"In a biomedical context, what is the relationship between alpha-Linolenic Acid and cell types via AUGMENTS?",0.1898936927318573,0.0,Cell Growth,0,"I couldn't find any information on ""AUGMENTS"" in the context of alpha-Linolenic Acid (ALA) and cell types. However, I can provide information on the relationship between alpha-Linolenic Acid and cell types.

[1993]

Alpha-Linolenic Acid (ALA) is an omega-3 fatty acid that plays a crucial role in various cellular processes. Research has shown that ALA can influence the expression of genes involved in cell growth, differentiation, and survival"
C0019158,Hepatitis,dsyn,PROCESS_OF,C3669679,Chicken for meat production,bird,2024,37946426,37946426,,411909314,"In a biomedical context, what is the relationship between Hepatitis and medical entities via PROCESS_OF?",-0.0584129095077514,0.0,Chicken for meat production,0,"[1989] 
The relationship between Hepatitis and medical entities via PROCESS_OF is that Hepatitis is a process or a disease process that affects the liver, causing inflammation and damage to liver cells. This process can be caused by various factors such as viral infections (e.g., Hepatitis A, B, C, D, and E), autoimmune disorders, or exposure to toxins. The PROCESS_OF relationship indicates that Hepatitis is a sequence of events or a series of biochemical reactions that occur in the"
10468,FST,gngm,COEXISTS_WITH,C0043047,Water,inch,2017,27723107,27723107,,2766690,Which medical entities commonly co-exists with FST?,0.0756740644574165,0.0,Water,0,I'm not aware of any information about FST. Could you please provide more context or information about what FST stands for?
C0020336,Hydroxychloroquine,phsu,TREATS,C0030705,Patients,podg,2020,31520587,31520587,,341821677,Which medical entities is Hydroxychloroquine commonly used to treat?,0.2445572465658188,0.0,Patients,0,"[1950] Hydroxychloroquine is commonly used to treat malaria, as well as autoimmune diseases such as rheumatoid arthritis and lupus. 

The mechanism of action of hydroxychloroquine involves interfering with the function of lysosomes within cells, which are membrane-bound organelles responsible for cellular digestion and recycling. Hydroxychloroquine increases the pH of lysosomes, which disrupts the function of lysosomes and prevents the breakdown of cellular components. This action is thought to"
C0020538,Hypertensive disease,dsyn,PROCESS_OF,C0030705,Patients,humn,2013,23369639,23369639,,18715217,"In a biomedical context, what is the relationship between Hypertensive disease and patients or groups via PROCESS_OF?",0.3082462847232818,0.0,Patients,0,"[1970s] 

The relationship between Hypertensive disease and patients or groups via PROCESS_OF is related to the pathophysiological mechanisms of hypertension. Hypertensive disease, also known as high blood pressure, is a condition characterized by persistently elevated blood pressure, which can lead to various complications such as cardiovascular disease, kidney disease, and stroke.

The PROCESS_OF relationship involves the sequence of events that occur in the development and progression of hypertension. This includes:

1. Activation of the renin"
C0042149,Uterus,bpoc,LOCATION_OF,C0334660,Angioendotheliomatosis,neop,2011,19948641,19948641,,26197144,Which diseases or conditions is the anatomical location of Uterus?,0.0372210144996643,0.0,Angioendotheliomatosis,0,"[1868] The anatomical location of the uterus is in the pelvic cavity. It is situated between the bladder and the rectum, with the bladder in front and the rectum behind. The uterus is also surrounded by the pelvic floor muscles and ligaments, which provide support and stability to the organ.

The specific location of the uterus can be described as follows:

- The cervix, the lower part of the uterus, is located near the vaginal opening and is in close proximity to the bladder"
C0027749,Nerve Fibers,celc,AFFECTS,C0040649,"Transcription, Genetic",genf,2015,25432810,25432810,,2474224,Which medical entities does Nerve Fibers primarily affect?,0.048544518649578,0.0,"Transcription, Genetic",0,"[1864] Nerve fibers primarily affect various medical entities, including:

1. **Neuropathies**: Conditions such as diabetic neuropathy, peripheral neuropathy, and Guillain-Barré syndrome, which are characterized by damage to the peripheral nerves.
2. **Neurodegenerative diseases**: Conditions such as Alzheimer's disease, Parkinson's disease, and amyotrophic lateral sclerosis (ALS), which involve progressive damage to nerve fibers in the brain and spinal cord.
3. **"
C0023690,Ligation,topp,USES,C0030956,Peptides,aapp,2024,38165811,38165811,,411897177,"In a biomedical context, what is the relationship between Ligation and proteins via USES?",0.4397709667682647,0.0,Peptides,0,"[1993] 

In the context of molecular biology, Ligation is a process where two DNA fragments are joined together using an enzyme called DNA Ligase. The relationship between Ligation and proteins via Universal Shortening Endonucleases (USES) is not directly related. However, I found a connection between Ligation and proteins via a different mechanism.

In 1993, a study on the mechanism of DNA Ligase was published. DNA Ligase is an enzyme that forms a phosphodiester"
C0008972,Clinical Research,resa,MEASURES,C0032529,"Polymorphism, Genetic",genf,2018,29443543,29443543,,248678700,"In a biomedical context, what is the relationship between Clinical Research and medical entities via MEASURES?",-0.0326599106192588,0.0,"Polymorphism, Genetic",0,"[1990]

The relationship between Clinical Research and medical entities via MEASURES is based on the work of Donald A. B. Lindberg, who introduced the concept of MEASURES (Medical Entities, Attributes, Relationships, Entities, and Situations, and Units, Size, and Specialization) in 1990. 

MEASURES is a framework for representing medical knowledge and clinical research data in a structured and standardized way. It provides a set of concepts and relationships that can be used"
C0446723,Spinal nerve root L5,bpoc,LOCATION_OF,C0012691,Dislocations,inpo,2011,24059897,24059897,,27347626,Which medical entities is the anatomical location of Spinal nerve root L5?,0.2571917474269867,0.0,Dislocations,0,"[1867] The anatomical location of the spinal nerve root L5 is in the lower back, specifically in the lumbar region. 

The spinal nerve root L5 originates from the lumbar spine, between the fifth and sixth lumbar vertebrae (L5-S1 intervertebral disc). It is one of the five lumbar nerve roots, which arise from the lumbar spinal cord and exit the spinal canal through the intervertebral foramina"
C0026926,Mycobacterium tuberculosis,bact,LOCATION_OF,C0282580,"Epitopes, T-Lymphocyte",imft,2010,20002212,20002212,,21132423,Which immunologic factors is the anatomical location of Mycobacterium tuberculosis?,0.4751768410205841,0.0,"Epitopes, T-Lymphocyte",0,"[1900] The anatomical location of Mycobacterium tuberculosis is primarily within the macrophages of the lung tissue, specifically in the alveolar macrophages and the epithelioid cells that form the granulomas.

The scientific mechanism behind this involves the ability of M. tuberculosis to evade the host's immune system by residing within the macrophages. Macrophages are a type of white blood cell that plays a crucial role in the innate immune response by engulfing and digest"
C0041834,Erythema,sosy,ASSOCIATED_WITH,C0011609,Drug Eruptions,dsyn,2011,21362353,21362353,,128478115,Which diseases or conditions is Erythema most strongly associated with?,0.2210029363632202,0.0,Drug Eruptions,0,"[1950s] Erythema is a general term for redness of the skin, which can be caused by various factors. It is most strongly associated with conditions such as:

1. Erythema Multiforme (EM): A skin condition characterized by target-shaped lesions and is often triggered by infections, medications, or other factors.
2. Erythema Nodosum (EN): A type of skin inflammation that presents as painful, red nodules, often associated with"
C0032961,Pregnancy,orgf,PROCESS_OF,C0034961,Refugees,humn,2024,38166924,38166924,,411915958,"In a biomedical context, what is the relationship between Pregnancy and patients or groups via PROCESS_OF?",0.0946864560246467,0.0,Refugees,0,"[1997]

The relationship between pregnancy and patients or groups via PROCESS_OF is related to the concept of pregnancy as a process or a series of events that occur within an individual. In a biomedical context, this relationship can be described using the PROCESS_OF relationship in ontologies such as the Foundational Model of Anatomy (FMA) or the Open Biological and Biomedical Ontology (OBO).

The PROCESS_OF relationship is used to describe the process or activity that occurs within an individual, in this case"
C1512441,High-Risk Cancer,neop,PROCESS_OF,C0030705,Patients,humn,2014,24818848,24818848,,18967405,"In a biomedical context, what is the relationship between High-Risk Cancer and patients or groups via PROCESS_OF?",0.0953998938202858,0.0,Patients,2015,"

In the context of biomedical research, the relationship between High-Risk Cancer and patients or groups can be described through the PROCESS_OF relationship, which is a type of causal relationship. 

The PROCESS_OF relationship is a concept from the Ontology for Biomedical Investigations (OBI) and the Biomedical Resource Ontology (BRO), which are used to represent and integrate biomedical data. 

In this context, PROCESS_OF describes a causal relationship where one process (e.g., a disease"
C0014597,Epithelial Cells,cell,PART_OF,C0033572,Prostate,bpoc,2015,26445441,26445441,,1439092,"In a biomedical context, what is the relationship between Epithelial Cells and tissues or organs via PART_OF?",0.1486314237117767,0.0,Prostate,0,"[1995] 

In the context of biomedical ontologies, the relationship between Epithelial Cells and tissues or organs is described as ""part_of"". This relationship is based on the cellular composition of tissues and organs. Epithelial Cells are a type of cell that form the lining of various organs, glands, and other body surfaces. They are a fundamental component of tissues and organs, such as the skin, lungs, and gut.

The ""part_of"" relationship indicates that Epithelial Cells"
C0231484,Muscle function,ortf,NEG_AFFECTS,C0015264,Exertion,orgf,2012,24150072,24150072,,23613967,"In a biomedical context, what is the relationship between Muscle function and medical entities via NEG_AFFECTS?",0.2726956903934479,0.0,Exertion,2015,"

In the context of biomedical ontologies, such as the Open Biomedical Ontologies (OBO) Foundry, the relationship between Muscle function and medical entities via NEG_AFFECTS is used to describe the negative effect of a medical entity on a muscle function.

NEG_AFFECTS is a relation in the OBO Foundry that indicates a negative effect or impact of one entity on another. In the case of muscle function, it is used to describe how a medical entity"
C0026882,Mutation,genf,PROCESS_OF,6654,SOS1,gngm,2013,23885229,23885229,,18798106,"In a biomedical context, what is the relationship between Mutation and genes via PROCESS_OF?",0.1202940121293068,0.0,SOS1,0,"[1953] 

In the context of genetics, a mutation is a change in the DNA sequence of a gene. The process of mutation involves the alteration of one or more nucleotide bases in the DNA sequence, which can result in a change to the amino acid sequence of the protein encoded by the gene. This change can occur through various mechanisms, such as errors during DNA replication, exposure to mutagenic agents, or viral infections.

The PROCESS_OF relationship between mutation and genes can be described as"
C0005961,Bone Marrow Transplantation,topp,TREATS,C0030705,Patients,podg,2010,19998044,19998044,,19221351,Which medical entities is Bone Marrow Transplantation commonly used to treat?,0.1563657373189926,0.0,Patients,0,"[1956] Bone Marrow Transplantation (BMT) is commonly used to treat various medical entities, including:

1. **Leukemia**: BMT is used to treat different types of leukemia, such as Acute Lymphoblastic Leukemia (ALL) and Acute Myeloid Leukemia (AML), by replacing the patient's diseased bone marrow with healthy marrow from a donor.

2. **Lymphoma**: BMT is used to treat certain types"
C0004623,Bacterial Infections,dsyn,AFFECTS,C0033860,Psoriasis,dsyn,2016,27743451,27743451,,12210454,Which diseases or conditions does Bacterial Infections primarily affect?,0.2781441509723663,0.0,Psoriasis,0,"[1940s] Bacterial infections primarily affect the immune system, which is the body's defense mechanism against pathogens. 

The immune system consists of various cells, tissues, and organs that work together to protect the body from infections. Bacterial infections can target any part of the immune system, including the lymph nodes, spleen, and bone marrow.

Some common bacterial infections that affect the immune system include:

1. Tuberculosis (TB): A bacterial infection caused by Mycobacterium tuberculosis that"
C0018801,Heart failure,dsyn,PROCESS_OF,C0008059,Child,humn,2012,23276021,23276021,,21149487,"In a biomedical context, what is the relationship between Heart failure and patients or groups via PROCESS_OF?",-0.047648437321186,0.0,Child,0,"[1985]

In the context of heart failure, the PROCESS_OF relationship refers to the pathophysiological mechanisms that lead to the progression of heart failure in patients or groups. The relationship between heart failure and its progression can be understood through the following mechanisms:

1.  **Increased Afterload**: As heart failure progresses, the heart becomes less efficient at pumping blood, leading to increased pressure in the arteries (afterload). This increased afterload further reduces the heart's ability to pump blood, creating a"
C1511518,Copy Number Polymorphism,nusq,AFFECTS,C0032043,Placenta,emst,2021,33413077,33413077,,361990726,Which medical entities does Copy Number Polymorphism primarily affect?,0.2476071417331695,0.0,Placenta,0,"[1990s] Copy Number Polymorphism (CNP) primarily affects various medical entities, including but not limited to, genetic disorders such as:

1. Autism Spectrum Disorder (ASD): CNPs have been associated with an increased risk of developing ASD.
2. Schizophrenia: CNPs have been linked to the development of schizophrenia, particularly in genes involved in brain development and function.
3. Cancer: CNPs can contribute to cancer development and progression by altering gene expression and disrupting normal"
C0001774,Agaricales,fngs,INTERACTS_WITH,C0319675,Lactarius deliciosus,fngs,2021,33378984,33378984,,361734850,Which medical entities does Agaricales significantly interact with?,0.2812242805957794,0.0,Lactarius deliciosus,0,"[1960s]  The Agaricales order, which includes various species of mushrooms, has been found to interact significantly with the human gut microbiome. 

The scientific mechanism behind this interaction is that certain species of Agaricales, such as Agaricus bisporus, contain prebiotic fibers that can act as a food source for beneficial bacteria in the gut, promoting a healthy gut microbiome. These prebiotic fibers can also help to increase the production of short-chain"
C0543612,Cervical syndrome,dsyn,PROCESS_OF,C0030705,Patients,humn,2019,30627832,30627832,,332936719,"In a biomedical context, what is the relationship between Cervical syndrome and patients or groups via PROCESS_OF?",0.3487283885478973,0.0,Patients,0,"[1990]

The Cervical syndrome, also known as Cervicogenic headache, is a type of headache that originates from the cervical spine. The relationship between Cervical syndrome and patients or groups via PROCESS_OF can be explained by the following mechanism:

The Cervical syndrome is often caused by a misalignment or irritation of the cervical spine, which can lead to referred pain in the head and neck region. This misalignment can be due to various factors such as whiplash injury"
C0870883,Metabolites,bacs,PART_OF,C0016832,fungus,fngs,2014,24818759,24818759,,18924907,"In a biomedical context, what is the relationship between Metabolites and medical entities via PART_OF?",0.2170763164758682,0.0,fungus,0,"

In the context of biomedical ontologies, the relationship between Metabolites and medical entities via PART_OF is established through the use of the 'part_of' relation in the Ontology for Biomedical Investigations (OBI) and the Biomedical Ontology (BMO). 

The 'part_of' relation is used to describe the composition of a complex entity, where a part is a component of the whole. In the case of metabolites, this relation is used to describe"
C0030193,Pain,sosy,ASSOCIATED_WITH,C0030567,Parkinson Disease,dsyn,2010,19938158,19938158,,20371608,Which diseases or conditions is Pain most strongly associated with?,0.1920153200626373,0.0,Parkinson Disease,0,"[1997] Fibromyalgia: Fibromyalgia is a chronic condition characterized by widespread muscle pain, fatigue, and tender points. The exact mechanism of fibromyalgia is not fully understood, but research suggests that it involves abnormalities in pain processing, particularly in the brain's pain centers. People with fibromyalgia may have an overactive pain response, making them more sensitive to pain.

[2007] Irritable Bowel Syndrome (IBS): IBS is a gastrointestinal"
C1568245,Endocrine Disruptors,hops,AFFECTS,C0017420,Genitalia,bpoc,2023,36604652,36604652,,395327538,Which tissues or organs does Endocrine Disruptors primarily affect?,0.4769423902034759,0.0,Genitalia,0,"[1996] 
Endocrine Disruptors primarily affect the reproductive system, particularly the gonads (ovaries and testes), and the endocrine glands (such as the thyroid, adrenal, and pituitary glands). They can interfere with the normal functioning of these organs by mimicking or blocking the action of hormones, leading to various health problems.

[1996] 
The primary mechanism of action of Endocrine Disruptors involves binding to specific receptors in the body, such as estrogen"
C1336789,Transcription Repressor/Corepressor,gngm,INTERACTS_WITH,C0007634,Cells,cell,2016,27688400,27688400,,19887495,Which cell types does Transcription Repressor/Corepressor significantly interact with?,0.2163630276918411,0.0,Cells,0,"[1993] 
Transcription Repressor/Corepressor significantly interacts with histone deacetylases (HDACs) and histone-modifying enzymes. It also interacts with other transcriptional repressors and co-repressors, such as N-CoR (nuclear receptor co-repressor) and SMRT (silencing mediator for retinoid and thyroid hormone receptors). These interactions are crucial for the repression of gene transcription by recruiting chromatin-modifying enzymes to specific DNA sequences"
C0021740,Recombinant Interferon-gamma,gngm,INHIBITS,22914,KLRK1,gngm,2014,24243549,24243549,,18948677,Which genes does Recombinant Interferon-gamma inhibit?,0.1550015360116958,0.0,KLRK1,0,"[1986] 
Recombinant Interferon-gamma (IFN-γ) has been shown to inhibit the expression of various genes involved in cell proliferation, differentiation, and immune response. Some of the key genes that IFN-γ inhibits include:

1. PDGF (Platelet-Derived Growth Factor): IFN-γ inhibits the expression of PDGF, which is involved in cell proliferation and angiogenesis.
2. VEGF (Vascular Endoth"
C0835268,Cruciate ligament,bpoc,LOCATION_OF,C0011164,Degenerative abnormality,patf,2017,26467540,26467540,,14249016,Which pathologic functions is the anatomical location of Cruciate ligament?,0.1048545017838478,0.0,Degenerative abnormality,0,"[1879] The anatomical location of the Cruciate ligaments is in the knee joint. The Cruciate ligaments are two bands of fibrous tissue that cross each other in the center of the knee joint. They are named ""cruciate"" because they form a cross shape.

The two Cruciate ligaments are:

1. Anterior Cruciate Ligament (ACL): This ligament is located in the front of the knee joint and prevents the tibia (shin bone)"
C0225759,Lung field,blor,LOCATION_OF,C0015967,Fever,fndg,2011,21842695,21842695,,131113255,Which clinical findings is the anatomical location of Lung field?,0.1014517992734909,0.0,Fever,0,"[1941] 

The anatomical location of the lung fields is typically described as extending from the second rib superiorly to the sixth rib inferiorly, and from the medial (paravertebral) border of the thorax laterally to the lateral (axillary) border. This area is often divided into three main sections: the apical, cardiac, and diaphragmatic regions. 

The apical region is located at the top of the lung field, near the clavicle"
C0007776,Cerebral cortex,bpoc,LOCATION_OF,C0006675,Calcium,bacs,2014,24819089,24819089,,19105374,Which active substances is the anatomical location of Cerebral cortex?,0.2145223915576934,0.0,Calcium,0,"I couldn't find any information about the ""anatomical location of Cerebral cortex"" being an active substance. However, I can tell you that the cerebral cortex is a part of the brain that is involved in various higher-order brain functions such as thought, action, and perception.

The cerebral cortex is composed of several layers of neurons, and it is primarily made up of the following active substances:

1. Neurotransmitters: These are chemical messengers that transmit signals between neurons. Some common"
C0728985,Cervical spine,bpoc,LOCATION_OF,C0281873,Hyperextension injury,inpo,2023,36593052,36593052,,395196720,Which medical entities is the anatomical location of Cervical spine?,0.0366340428590774,0.0,Hyperextension injury,0,"[1543] 

The anatomical location of the cervical spine is in the neck region. It is the upper part of the vertebral column, consisting of seven vertebrae (C1-C7), which are located between the base of the skull and the thoracic spine. The cervical spine is responsible for supporting the head, facilitating movement, and protecting the spinal cord"
C0006298,Brown Fat,tisu,LOCATION_OF,C0040732,Transplantation,topp,2015,26539163,26539163,,1943748,Which medical entities is the anatomical location of Brown Fat?,0.124183639883995,0.0,Transplantation,0,"[1940] 

Brown fat, also known as brown adipose tissue (BAT), is primarily located in the following medical entities:

1. **Supraclavicular region**: Brown fat is often found in the area above the collarbone (supraclavicular region), which is located near the neck and shoulder area.
2. **Paravertebral region**: It is also found along the spine, specifically in the paravertebral region, which is the area on either side"
C0006826,Malignant Neoplasms,neop,COEXISTS_WITH,C0018524,Hallucinations,mobd,2013,23595172,23595172,,19501637,Which diseases or conditions commonly co-exists with Malignant Neoplasms?,0.2017541825771331,0.0,Hallucinations,0,"[1960]  The co-existence of diseases with Malignant Neoplasms is a well-documented phenomenon. One of the earliest studies on this topic was conducted by Dr. Thomas F. Anderson in 1960. He found that patients with cancer often have other underlying conditions, such as cardiovascular disease, diabetes, and infections.

[1980]  The concept of ""paraneoplastic syndromes"" was introduced in the 1980s. This refers to a"
C0333491,Medial calcification,patf,AFFECTS,C0007581,Cell Aging,celf,2017,27693241,27693241,,21994057,Which cell types does Medial calcification primarily affect?,0.3047305941581726,0.0,Cell Aging,0,"[1960s] Medial calcification primarily affects the medial layer of the arterial walls, specifically the small arteries and arterioles. It is a type of vascular calcification that involves the deposition of calcium and phosphate minerals in the medial layer of the arterial walls. This process is often associated with aging, hypertension, and atherosclerosis"
C0605290,SAS,orch,COEXISTS_WITH,C0043047,Water,inch,2019,30077845,30077845,,272704602,Which medical entities commonly co-exists with SAS?,0.1755319237709045,0.0,Water,0,"[1996]  According to a study published in 1996, Schizophrenia (SAS) often co-exists with other medical entities, including:

1.  **Cardiovascular disease**: Individuals with schizophrenia have a higher risk of developing cardiovascular disease due to a combination of genetic, environmental, and lifestyle factors.
2.  **Diabetes**: People with schizophrenia are more likely to develop type 2 diabetes, possibly due to antipsychotic medication side effects, poor diet"
C1265292,Methicillin resistant Staphylococcus aureus (organism),bact,CAUSES,C0021311,Infection,dsyn,2012,23177275,23177275,,19263906,Which diseases or conditions can Methicillin resistant Staphylococcus aureus (organism) cause or induce?,1.0,1.0,Infection,0,"[1961] Methicillin-resistant Staphylococcus aureus (MRSA) can cause a wide range of diseases and conditions, including:

1. Skin and soft tissue infections: MRSA can cause boils, abscesses, cellulitis, and impetigo.
2. Pneumonia: MRSA can cause pneumonia, which can be severe and life-threatening, especially in people with weakened immune systems.
3. Bloodstream infections: MRSA can enter the bloodstream and cause se"
C0004561,B-Lymphocytes,cell,PART_OF,C0026809,Mus,mamm,2023,36574685,36574685,,394987714,"In a biomedical context, what is the relationship between B-Lymphocytes and species via PART_OF?",0.1792604774236679,0.0,Mus,0,"[1992] 

In the context of biomedical ontologies, the relationship between B-Lymphocytes and species is described as ""part_of"" in the Ontology for Biomedical Investigations (OBI) and other related ontologies. This relationship indicates that B-Lymphocytes are a type of cell that is part of an organism, which is a member of a particular species.

In other words, B-Lymphocytes are a cellular component that is part of a multicellular organism, and that organism"
C1883256,Systemic Chemotherapy,topp,TREATS,C2939419,Secondary Neoplasm,neop,2024,38189681,38189681,,412157322,Which diseases or conditions is Systemic Chemotherapy commonly used to treat?,0.4109376072883606,0.0,Secondary Neoplasm,0,"[1940s] Systemic chemotherapy is commonly used to treat various types of cancer, including:

1. Leukemia: a group of cancers that affect the blood and bone marrow.
2. Lymphoma: a type of cancer that affects the immune system.
3. Breast cancer: a type of cancer that affects the breast tissue.
4. Lung cancer: a type of cancer that affects the lungs.
5. Colorectal cancer: a type of cancer that affects the colon and rect"
C0243192,agonists,phsu,TREATS,C0028754,Obesity,dsyn,2018,28722834,28722834,,44897741,Which diseases or conditions is agonists commonly used to treat?,0.3305771052837372,0.0,Obesity,0,"[1960s] Agonists are commonly used to treat various diseases and conditions by mimicking the action of the body's natural chemicals, such as hormones and neurotransmitters. 

Some examples of agonists and their uses include:

1. Beta-2 agonists: These are used to treat asthma and chronic obstructive pulmonary disease (COPD) by relaxing the airway muscles and increasing airflow.
2. Dopamine agonists: These are used to treat Parkinson's disease by replacing dopamine"
C0015259,Exercise,dora,TREATS,C0004238,Atrial Fibrillation,dsyn,2023,36583977,36583977,,395083210,Which diseases or conditions is Exercise commonly used to treat?,0.1289413869380951,0.0,Atrial Fibrillation,0,"[1960s] Physical inactivity is a major risk factor for cardiovascular disease, and regular exercise has been shown to reduce the risk of heart disease, high blood pressure, and stroke. Exercise is commonly used to treat conditions such as:

1. **Hypertension**: Regular physical activity helps lower blood pressure and reduce the risk of cardiovascular disease.
2. **Type 2 Diabetes**: Exercise improves insulin sensitivity, glucose metabolism, and reduces the risk of complications associated with diabetes.
3. **"
C0041361,Tumor Antigens,orch,TREATS,C0027651,Neoplasm,neop,2016,26542849,26542849,,4685445,Which diseases or conditions is Tumor Antigens commonly used to treat?,0.5395858883857727,0.0,Neoplasm,0,"[1960s] Tumor Antigens, also known as tumor-associated antigens (TAAs), are commonly used to treat various types of cancer. They are proteins or other molecules that are specifically expressed by cancer cells and can be recognized by the immune system as foreign.

The scientific mechanism behind using Tumor Antigens for cancer treatment involves the following steps:

1. **Identification**: Tumor Antigens are identified and isolated from cancer cells.
2. **Immunization**: Patients"
C0439826,Olfactory,orgf,AFFECTS,C0005615,Birth,orgf,2019,30654819,30654819,,332836849,Which medical entities does Olfactory primarily affect?,0.3203374743461609,0.0,Birth,0,"[1886]  The medical entities primarily affected by olfactory dysfunction are those related to the sense of smell. These include:

1. **Anosmia**: The loss of the sense of smell, which can be temporary or permanent.
2. **Hyposmia**: A reduced sense of smell.
3. **Phantosmia**: The perception of a smell that is not actually present.
4. **Parosmia**: A distorted sense of smell, where familiar smells are perceived as unpleasant"
C1292533,Tissue specimen,tisu,PART_OF,C0040811,Trees,plnt,2012,23079981,23079981,,18697895,"In a biomedical context, what is the relationship between Tissue specimen and medical entities via PART_OF?",0.1696341782808303,0.0,Trees,0,"

In the context of biomedical ontologies, the relationship between a tissue specimen and medical entities via PART_OF is based on the concept of part-whole hierarchy. This relationship is defined in the Open Biological and Biomedical Ontologies (OBO) Foundry and is used in various biomedical ontologies, such as the Foundational Model of Anatomy (FMA) and the Gene Ontology (GO).

The PART_OF relationship indicates that a tissue specimen is composed of or consists of one"
C1333214|7913,DEK gene|DEK,gngm,ASSOCIATED_WITH,C0012634,Disease,dsyn,2018,29289845,29289845,,249018950,Which diseases or conditions is DEK gene|DEK most strongly associated with?,0.2604531049728393,0.0,Disease,0,"[1999] 
The DEK gene is most strongly associated with acute myeloid leukemia (AML), a type of blood cancer. DEK is a chromatin-associated protein that plays a crucial role in regulating gene expression, cell cycle progression, and DNA repair. Overexpression of DEK has been observed in various cancers, including AML, and is often associated with poor prognosis. 

[2007] 
DEK has also been implicated in the pathogenesis of other cancers, such as"
C0027882,Neurons,cell,LOCATION_OF,C0384752,"Receptor, Muscarinic M2",aapp,2011,23226931,23226931,,29135147,Which proteins is the anatomical location of Neurons?,0.2544332146644592,0.0,"Receptor, Muscarinic M2",0,"[1990s] 

The anatomical location of neurons is primarily composed of proteins such as Neurofilament proteins (NF-H, NF-M, NF-L), Microtubule-associated proteins (MAPs), and Actin-binding proteins. 

However, the most crucial proteins that form the cytoskeleton of neurons are Neurofilaments. Neurofilaments are composed of three subunits: NF-H, NF-M, and NF-L. These subunits are assembled into a heteropolymer that"
C0087111,Therapeutic procedure,topp,ADMINISTERED_TO,C0043210,Woman,humn,2019,30384229,30384229,,308442431,To which patients or groups is Therapeutic procedure typically administered?,0.1224861815571785,0.0,Woman,0,"I'm happy to provide information on various therapeutic procedures. However, you haven't specified which procedure you're referring to. Could you please provide more context or specify the name of the therapeutic procedure you're interested in?

That being said, here are a few examples of therapeutic procedures and the patients or groups they're typically administered to:

1. **Chemotherapy**: Typically administered to patients with cancer, chemotherapy is a type of cancer treatment that uses drugs to kill cancer cells.

2. **Physical Therapy**"
C1827871,Cardiac assessment,hlca,USES,C0013516,Echocardiography,diap,2020,32832914,32832914,,345103934,"In a biomedical context, what is the relationship between Cardiac assessment and medical entities via USES?",1.0,1.0,Echocardiography,2019,"

In the context of biomedical research, Cardiac assessment via Ultrasound Elastography and Shear Wave Imaging (USES) has been shown to provide valuable information about cardiac tissue properties. 

The scientific mechanism behind USES involves the use of high-frequency ultrasound waves to measure the stiffness of cardiac tissue. When an ultrasound wave is transmitted through the tissue, it encounters resistance and is scattered, resulting in a change in its frequency. This phenomenon is known as the ""shear wave."""
C1185740,Tract,bpoc,LOCATION_OF,C0021368,Inflammation,patf,2023,36593681,36593681,,395202449,Which pathologic functions is the anatomical location of Tract?,0.0286669079214334,0.0,Inflammation,0,"I'm not aware of any information about a ""Tract"" in the context of anatomy or pathology. Could you please provide more context or clarify what you mean by ""Tract""?"
C1279038,Entire diaphragm,bpoc,LOCATION_OF,C0153574,Malignant Uterine Corpus Neoplasm,neop,2011,21842675,21842675,,131113083,Which diseases or conditions is the anatomical location of Entire diaphragm?,0.0315305441617965,0.0,Malignant Uterine Corpus Neoplasm,0,"[1895] The entire diaphragm is located in the thoracic cavity, specifically at the base of the lungs. It separates the chest cavity from the abdominal cavity. 

The diaphragm is a dome-shaped muscle that plays a crucial role in breathing. When it contracts, it descends and increases the volume of the chest cavity, allowing air to enter the lungs during inhalation. When it relaxes, it rises and decreases the volume of the chest cavity, allowing air to leave the"
C0758915,procaspase-3,gngm,CAUSES,C0162638,Apoptosis,celf,2015,26257207,26257207,,19259219,Which cell types can procaspase-3 cause or induce?,0.6784465312957764,0.0,Apoptosis,0,"[1995] Procaspase-3 is a precursor to caspase-3, which is a key enzyme in the execution phase of cell apoptosis (programmed cell death). Procaspase-3 can be activated to caspase-3 through proteolytic cleavage, leading to the induction of apoptosis in various cell types, including:

1. Neurons: Procaspase-3 activation has been implicated in neuronal apoptosis, particularly in neurodegenerative diseases such as Alzheimer's"
C0700032,research project,resa,MEASURES,C0311432,Bioaccumulation,ortf,2013,23370849,23370849,,19411546,"In a biomedical context, what is the relationship between research project and medical entities via MEASURES?",0.1163249984383583,0.0,Bioaccumulation,0,"[1995]

The MEASURES (Medical Entities, Attributes, Relationships, Events, Situations, and Roles) framework is a conceptual model that describes the relationships between research projects and medical entities. It was first introduced by a team of researchers in 1995.

The MEASURES framework is based on the idea that medical knowledge can be represented as a set of entities, attributes, relationships, events, situations, and roles. These entities can be patients, diseases, treatments, or other medical"
C0032961,Pregnancy,orgf,AFFECTS,C0871079,physical development,npop,2023,36036593,36036593,,393938509,Which medical entities does Pregnancy primarily affect?,0.1390381455421447,0.0,physical development,0,"[1950s] The primary medical entities that pregnancy primarily affects are the cardiovascular, respiratory, and renal systems.

1. **Cardiovascular System**: Pregnancy causes significant changes in the cardiovascular system, including an increase in blood volume, cardiac output, and heart rate. This is necessary to meet the increased metabolic demands of the mother and fetus. However, this can lead to conditions such as gestational hypertension and preeclampsia.

2. **Respiratory System**: Pregnancy also affects the"
C0185279,Excision of muscle NOS,topp,TREATS,C0007194,Hypertrophic Cardiomyopathy,dsyn,2015,25591899,25591899,,19044863,Which diseases or conditions is Excision of muscle NOS commonly used to treat?,0.2576987743377685,0.0,Hypertrophic Cardiomyopathy,0,"[1960s] Excision of muscle NOS (No Specific Condition) is commonly used to treat various conditions, including:

1. **Muscle tumors**: Excision of the affected muscle is used to remove benign or malignant tumors, such as rhabdomyosarcoma or leiomyosarcoma.
2. **Muscle trauma**: In cases of severe muscle injury, excision of the damaged muscle may be necessary to promote healing and prevent further complications.
3. **Muscle"
C0598179,cingulate cortex,bpoc,NEG_LOCATION_OF,C0001857,AIDS related complex,dsyn,2019,30342963,30342963,,269832005,"In a biomedical context, what is the relationship between cingulate cortex and diseases or conditions via NEG_LOCATION_OF?",0.0892312303185463,0.0,AIDS related complex,0,"[1996] 
The cingulate cortex is a region of the brain involved in various functions, including emotion, error detection, conflict monitoring, and motivation. Research has shown that abnormalities in the cingulate cortex are associated with several diseases and conditions, including:

1. **Anxiety disorders**: Studies have found that individuals with anxiety disorders, such as post-traumatic stress disorder (PTSD), exhibit altered activity and structure in the cingulate cortex.
2. **Depression**: The"
C0009250,"Coin Lesion, Pulmonary",dsyn,MANIFESTATION_OF,C0021311,Infection,dsyn,2010,19940467,19940467,,21635300,"In a biomedical context, what is the relationship between Coin Lesion, Pulmonary and diseases or conditions via MANIFESTATION_OF?",0.3725546896457672,0.0,Infection,2015,"

In the context of biomedical research, a Coin Lesion, Pulmonary is a type of lung lesion that appears as a rounded or oval-shaped area on a chest X-ray or CT scan. The relationship between Coin Lesion, Pulmonary and diseases or conditions via MANIFESTATION_OF is as follows:

Coin Lesion, Pulmonary can manifest as a symptom or sign of various diseases or conditions, including:

1. Tuberculosis (TB): A Coin Lesion, Pulmonary"
C0032074,Cognitive function: planning,menp,PROCESS_OF,C0582175,Surgeon,humn,2013,24110353,24110353,,18715292,"In a biomedical context, what is the relationship between Cognitive function: planning and patients or groups via PROCESS_OF?",0.1702993810176849,0.0,Surgeon,0,"[1990]

The relationship between cognitive function, specifically planning, and patients or groups can be understood through the PROCESS_OF relationship in a biomedical context. This relationship is based on the work of psychologist Peter M. Gollwitzer, who introduced the concept of implementation intentions in 1990.

Implementation intentions are if-then plans that specify when and where a goal-directed behavior will be performed. This mechanism is closely related to cognitive planning, which involves the ability to generate and execute plans to achieve goals"
C0040300,Body tissue,tisu,LOCATION_OF,C0369078,CYSTINE CRYSTALS,aapp,2016,26477696,26477696,,19765290,Which proteins is the anatomical location of Body tissue?,0.1913270205259323,0.0,CYSTINE CRYSTALS,0,"I'm not sure I understand your question. However, I'll try to provide an answer based on what I think you're asking. 

Body tissue is composed of various types of cells, which are held together by a network of proteins. The main proteins that provide structural support and maintain the integrity of body tissues are:

1. **Collagen**: This is the most abundant protein in the human body, making up about 25% to 35% of all proteins. Collagen is a type"
C0878751,Late pregnancy,dsyn,ISA,C0009566,Complication,patf,2016,27743975,27743975,,12463830,"In a biomedical context, what is the relationship between Late pregnancy and pathologic functions via ISA?",0.1776033788919448,0.0,Complication,2013,"

In the context of late pregnancy and pathologic functions via Insulin-like growth factor 1 (IGF-1) signaling axis (ISA), research suggests that IGF-1 plays a crucial role in fetal growth and development. However, excessive IGF-1 signaling has been linked to various pathologic conditions, including preeclampsia and gestational diabetes mellitus.

The IGF-1 signaling axis is a complex network of proteins that regulate cell growth, differentiation"
C1318700,Phosphodiesterase 5 inhibitor,phsu,AFFECTS,C1140999,Contraction,patf,2015,26509272,26509272,,19960690,Which pathologic functions does Phosphodiesterase 5 inhibitor primarily affect?,0.0618158690631389,0.0,Contraction,0,"[1998] Phosphodiesterase 5 (PDE5) inhibitors primarily affect the pathologic functions of nitric oxide (NO) signaling pathways in the vascular system. 

The mechanism involves the inhibition of PDE5, an enzyme that breaks down cyclic guanosine monophosphate (cGMP), a secondary messenger molecule involved in smooth muscle relaxation. 

When PDE5 is inhibited, cGMP levels increase, leading to the activation of protein kinase G (PKG)"
C0518972,CARDIOGENIC SHOCK ACUTE,dsyn,PROCESS_OF,C0030705,Patients,humn,2020,30889044,30889044,,334824042,"In a biomedical context, what is the relationship between CARDIOGENIC SHOCK ACUTE and patients or groups via PROCESS_OF?",0.2269344925880432,0.0,Patients,0,"[1990]

Cardiogenic shock acute is a severe and life-threatening condition that occurs when the heart is unable to pump enough blood to meet the body's needs. In a biomedical context, the relationship between cardiogenic shock acute and patients or groups via process_of can be understood as follows:

Cardiogenic shock acute is a process that occurs in patients with severe heart failure, typically as a result of a myocardial infarction (heart attack), cardiac surgery, or other conditions that damage the"
C0522095,Long chain fatty acid,bacs,INHIBITS,C0015684,Fatty Acids,bacs,2013,23790250,23790250,,18651117,Which active substances does Long chain fatty acid inhibit?,0.2963162064552307,0.0,Fatty Acids,0,"[1964] 
Long chain fatty acids inhibit the activity of the enzyme acetyl-CoA carboxylase (ACC). This enzyme plays a crucial role in the biosynthesis of fatty acids by catalyzing the carboxylation of acetyl-CoA to malonyl-CoA, which is a key step in the fatty acid synthesis pathway"
C0178702,hypersensitivity desensitization,topp,USES,C0019629,Histocompatibility Antigens Class I,aapp,2023,36597218,36597218,,395249955,"In a biomedical context, what is the relationship between hypersensitivity desensitization and proteins via USES?",0.4681704938411712,0.0,Histocompatibility Antigens Class I,0,"[1993] 

In the context of biomedical research, hypersensitivity desensitization refers to a process where the immune system becomes less reactive to specific allergens or substances. The relationship between hypersensitivity desensitization and proteins via USES (Unconjugated, Single-chain, Epitope-specific) is as follows:

USES is a type of recombinant protein that has been engineered to mimic the structure and function of specific allergens. By using this technology, researchers can create"
C0740721,Drug problem,fndg,PROCESS_OF,C3826770,Older people,humn,2024,38160237,38160237,,411837764,"In a biomedical context, what is the relationship between Drug problem and patients or groups via PROCESS_OF?",0.2589890658855438,0.0,Older people,0,"[1998]

In the context of biomedical research, the PROCESS_OF relationship between a drug problem and patients or groups is often studied using the framework of pharmacodynamics and pharmacokinetics. 

Pharmacodynamics refers to the study of the biochemical and physiological effects of drugs and their mechanisms of action. In this context, the PROCESS_OF relationship can be understood as the sequence of events by which a drug interacts with its target, leading to a therapeutic or adverse effect.

For example, a drug may interact with"
C0331888,Pfizer,hcro,LOCATION_OF,C0872187,High Throughput Screening,diap,2011,21616672,21616672,,129874739,Which medical entities is the anatomical location of Pfizer?,0.1254892349243164,0.0,High Throughput Screening,0,"I couldn't find any information about a medical entity named ""Pfizer"" as an anatomical location. However, I found that Pfizer is a pharmaceutical company, not a medical entity. 

But if you are referring to the Pfizer Building, it is a medical facility located in New York City. The Pfizer Building is situated at 630 West 168th Street, New York, NY 10032. It is a medical facility that houses the Columbia University Irving Medical Center"
C0002874,Aplastic Anemia,dsyn,PROCESS_OF,C0008059,Child,aggp,2017,27668766,27668766,,10686219,"In a biomedical context, what is the relationship between Aplastic Anemia and medical entities via PROCESS_OF?",0.0861083790659904,0.0,Child,0,"[1950s] 
Aplastic Anemia is a rare and potentially life-threatening condition where the bone marrow fails to produce blood cells. The relationship between Aplastic Anemia and other medical entities via PROCESS_OF can be explained as follows:

1. **Bone Marrow Failure**: Aplastic Anemia is characterized by the bone marrow's inability to produce blood cells, which is a process that involves the failure of hematopoietic stem cells to proliferate and differentiate into mature blood cells"
C0029418,Osteoblasts,cell,LOCATION_OF,C0040649,"Transcription, Genetic",genf,2017,28677796,28677796,,37069785,Which medical entities is the anatomical location of Osteoblasts?,0.1748275160789489,0.0,"Transcription, Genetic",0,"[1971] 
Osteoblasts are typically found in the periosteum, endosteum, and bone matrix. The periosteum is a layer of connective tissue that covers the surface of bones, while the endosteum is a thin layer of connective tissue that lines the inner surface of bones. Osteoblasts are also found within the bone matrix, where they are involved in the process of bone formation and mineralization"
C0074493,sibutramine,orch,ISA,C0013227,Pharmaceutical Preparations,phsu,2010,19937362,19937362,,19885071,"In a biomedical context, what is the relationship between sibutramine and pharmacologic substances via ISA?",0.3105241656303406,0.0,Pharmaceutical Preparations,0,"[1985] 
Sibutramine is a norepinephrine-dopamine reuptake inhibitor (NDRI) that was used as an oral anorexiant for weight loss. It acts as a selective and reversible inhibitor of the reuptake of norepinephrine and dopamine. However, sibutramine also exhibits indirect sympathomimetic activity through inhibition of norepinephrine reuptake, which can lead to increased levels of norepine"
C0008015,Macrophage Chemotactic Factors,imft,COEXISTS_WITH,C1121713,Estrogen Receptor 2,aapp,2014,24721635,24721635,,19025836,Which proteins commonly co-exists with Macrophage Chemotactic Factors?,0.2415003329515457,0.0,Estrogen Receptor 2,0,"[1980] Macrophage Chemotactic Factor 1 (MCF-1) is known to co-exist with other proteins such as Interleukin-8 (IL-8), Interleukin-1 beta (IL-1β), and Tumor Necrosis Factor-alpha (TNF-α). These proteins often work together to recruit macrophages to sites of inflammation and infection.

[1990] Another study found that Macrophage Chemotactic Factor"
C0229750,Bronchopulmonary lymph node group,bpoc,LOCATION_OF,C0021740,Recombinant Interferon-gamma,aapp,2012,23274987,23274987,,20473747,Which proteins is the anatomical location of Bronchopulmonary lymph node group?,0.0587652027606964,0.0,Recombinant Interferon-gamma,0,"[1900] The anatomical location of the Bronchopulmonary lymph node group is primarily associated with the proteins CD4 and CD8, which are markers of T lymphocytes. However, the primary proteins associated with the Bronchopulmonary lymph node group are the MHC class II molecules, specifically HLA-DR, which are expressed on the surface of antigen-presenting cells (APCs) such as dendritic cells and macrophages. These APCs play a crucial role in the"
C0035696,"RNA, Messenger",bacs,ASSOCIATED_WITH,C0008519,Ectopic Tissue,patf,2021,32347038,32347038,,350585501,"Which pathologic functions is RNA, Messenger most strongly associated with?",0.0699046030640602,0.0,Ectopic Tissue,0,"[1961] 
RNA, Messenger (mRNA) is most strongly associated with the process of protein synthesis. The primary function of mRNA is to carry genetic information from DNA in the nucleus to the ribosomes in the cytoplasm, where it is translated into a specific sequence of amino acids that make up a protein. This process involves the transcription of DNA into mRNA, followed by the translation of mRNA into a protein sequence"
C0735411,Female pelvis,blor,LOCATION_OF,C0042133,Uterine Fibroids,neop,2016,27721643,27721643,,1550179,Which diseases or conditions is the anatomical location of Female pelvis?,1.0,1.0,Uterine Fibroids,0,"[1861] The anatomical location of the female pelvis is closely related to several conditions and diseases, including:

1. **Childbirth complications**: The female pelvis is designed to accommodate childbirth, but certain conditions such as a narrow pelvis or a misshapen pelvis can increase the risk of complications during delivery.
2. **Pelvic organ prolapse**: The female pelvis contains several organs, including the bladder, uterus, and rectum. Weakness in the muscles and"
C0009566,Complication,patf,COEXISTS_WITH,C0021368,Inflammation,patf,2017,27682136,27682136,,14939376,Which pathologic functions commonly co-exists with Complication?,0.2960712909698486,0.0,Inflammation,0,"I'm happy to help, but I need a more specific question. However, I can provide some general information about common pathologic functions that co-exist with complications in various diseases.

For example:

- In diabetes, common pathologic functions that co-exist with complications include:
  * Atherosclerosis (hardening and narrowing of arteries)
  * Nephropathy (kidney damage)
  * Neuropathy (nerve damage)
  * Retinopathy (eye damage)

-"
C0032961,Pregnancy,orgf,AFFECTS,C0085732,Ability,orga,2010,20002789,20002789,,21462488,Which medical entities does Pregnancy primarily affect?,0.1256436556577682,0.0,Ability,0,"[1950s] The primary medical entities that pregnancy primarily affects are the cardiovascular, respiratory, and endocrine systems.

1. **Cardiovascular System**: Pregnancy causes significant changes in the cardiovascular system, including an increase in blood volume, cardiac output, and heart rate. This is necessary to meet the increased metabolic demands of the mother and fetus. However, this can also lead to conditions such as gestational hypertension and preeclampsia.

2. **Respiratory System**: Pregnancy affects"
C0079748,Large Cell Lymphoblastic Lymphoma,neop,PROCESS_OF,C0030705,Patients,humn,2018,29505472,29505472,,248920532,"In a biomedical context, what is the relationship between Large Cell Lymphoblastic Lymphoma and patients or groups via PROCESS_OF?",0.2378516346216201,0.0,Patients,0,"[1990s] 

Large Cell Lymphoblastic Lymphoma (LCLBL) is a rare and aggressive subtype of non-Hodgkin lymphoma. The PROCESS_OF relationship between LCLBL and patients or groups involves the following steps:

1. **Genetic Alterations**: LCLBL is characterized by specific genetic alterations, including translocations involving the MLL gene, which is a key regulator of cell growth and differentiation.
2. **Immune System Dysregulation**"
C0198373,Thoracoscopy and biopsy of intrathoracic organ,diap,DIAGNOSES,C0346109,Malignant Mesothelioma of Peritoneum,neop,2022,34976261,34976261,,378053298,Which diseases or conditions is Thoracoscopy and biopsy of intrathoracic organ used to diagnose?,0.5922951102256775,0.0,Malignant Mesothelioma of Peritoneum,0,"[1910] Thoracoscopy, also known as pleuroscopy, is a minimally invasive surgical procedure used to diagnose and treat conditions affecting the lungs, pleura, and other intrathoracic organs. 

The scientific mechanism involves inserting a thoracoscope, a thin, flexible tube with a camera and light on the end, through a small incision in the chest wall. The thoracoscope is then used to visualize the intrathoracic organs, such as the lungs, ple"
C2744535|969,"CD69 protein, human|CD69",aapp,ASSOCIATED_WITH,C0040053,Thrombosis,patf,2021,33389094,33389094,,361861083,"Which pathologic functions is CD69 protein, human|CD69 most strongly associated with?",0.0602193586528301,0.0,Thrombosis,0,"[1986] 
CD69, also known as Early Activation Antigen or Activation-Inducible Molecule-1 (AIM-1), is a cell surface glycoprotein that plays a crucial role in the early stages of immune cell activation. It is most strongly associated with the pathologic functions of immune cell activation, proliferation, and differentiation.

Upon activation, CD69 is rapidly expressed on the surface of T cells, natural killer (NK) cells, and other immune cells. This expression"
C0015392,Eye,bpoc,LOCATION_OF,C0553544,Gaze,fndg,2020,31418535,31418535,,340840706,Which clinical findings is the anatomical location of Eye?,0.2230938225984573,0.0,Gaze,0,"[1543] 

The anatomical location of the eye is in the orbit, which is a bony cavity in the skull. The orbit is a pyramid-shaped structure that houses the eyeball, along with other essential structures such as the lacrimal gland, extraocular muscles, and nerves. The eye is positioned in the orbit by a combination of bony and soft tissue support, allowing for a wide range of motion and protection from external forces"
C5203172,FACE SHIELD,medd,USES,C0725865,disposable,medd,2020,32707426,32707426,,345176524,"In a biomedical context, what is the relationship between FACE SHIELD and medical entities via USES?",0.2637720108032226,0.0,disposable,2020,"

In a biomedical context, a face shield is a type of personal protective equipment (PPE) used to prevent the transmission of pathogens. The relationship between face shields and medical entities via uses can be explained as follows:

Face shields are used in various medical settings, including:

1. **Hospitals**: Face shields are used by healthcare workers to prevent the transmission of airborne pathogens, such as COVID-19, and to protect themselves from bodily fluids and other infectious materials.
2"
C0051561,amentoflavone,orch,STIMULATES,C0079419|7157,TP53 gene|TP53,gngm,2019,30507085,30507085,,322280609,Which genes does amentoflavone stimulate?,0.0583235584199428,0.0,TP53 gene|TP53,0,"[1995] 
Amentoflavone is a flavonoid compound that has been found to stimulate the expression of certain genes involved in the regulation of cell growth and differentiation. Specifically, it has been shown to stimulate the expression of the cyclin-dependent kinase inhibitor p21, which plays a role in cell cycle arrest and apoptosis (programmed cell death). This suggests that amentoflavone may have anti-proliferative and pro-apoptotic effects, potentially making it useful in"
C0021308,Infarction,patf,COEXISTS_WITH,C0521654,Neurologic Deficits,fndg,2010,24148333,24148333,,22339243,Which clinical findings commonly co-exists with Infarction?,0.1903465539216995,0.0,Neurologic Deficits,0,"[1957]  In the context of myocardial infarction, one common clinical finding that co-exists is acute left ventricular failure. This is often due to the sudden loss of contractile function in the affected area of the heart, leading to a decrease in cardiac output and an increase in left ventricular end-diastolic pressure.

[1965]  Another common clinical finding associated with infarction is arrhythmias, particularly ventricular fibrillation or ventricular tachyc"
C0029419,Osteocalcin,aapp,AUGMENTS,C0005767,Blood,tisu,2015,25530010,25530010,,19893773,"In a biomedical context, what is the relationship between Osteocalcin and tissues or organs via AUGMENTS?",0.235748678445816,0.0,Blood,0,"

Osteocalcin is a protein hormone produced by osteoblasts in the bone. Research has shown that osteocalcin plays a significant role in regulating energy metabolism and glucose homeostasis. 

The relationship between osteocalcin and tissues or organs is mediated through its interaction with various receptors, including GPRC6A, a G protein-coupled receptor. 

When osteocalcin binds to GPRC6A, it triggers a signaling cascade that affects the"
C0007634,Cells,cell,LOCATION_OF,C0029005,Oncogene Proteins,aapp,2020,31634528,31634528,,342874695,Which proteins is the anatomical location of Cells?,0.2563204169273376,0.0,Oncogene Proteins,0,"I think there may be some confusion in your question. The anatomical location of cells is not a protein, but rather a specific structure within the body where cells reside.

However, if you're asking about the proteins that make up the cell membrane, which is the boundary of a cell, I can provide an answer.

The cell membrane is primarily composed of a phospholipid bilayer, with embedded proteins that help regulate the movement of substances in and out of the cell. Some of the key"
C0035110,Repeat Surgery,topp,ADMINISTERED_TO,C0030705,Patients,humn,2023,36597096,36597096,,395248446,To which patients or groups is Repeat Surgery typically administered?,0.2926626801490783,0.0,Patients,0,"[1960s] 

Repeat Surgery, also known as repeat resection or re-resection, is typically administered to patients who have undergone previous surgery for a specific condition, usually a tumor or a cyst. The primary goal of repeat surgery is to remove any remaining or recurrent tissue that was not fully excised during the initial surgery.

The scientific mechanism behind repeat surgery involves a combination of surgical techniques and medical expertise. Surgeons use various methods, such as imaging studies (e.g., MRI or CT"
C1366645|948,CD36 gene|CD36,aapp,AFFECTS,C1372517,Increased Phagocytosis,celf,2012,23119050,23119050,,22191878,Which cell types does CD36 gene|CD36 primarily affect?,0.4091479778289795,0.0,Increased Phagocytosis,0,"[1990] 
The CD36 gene encodes a transmembrane glycoprotein that is primarily expressed on the surface of various cell types, including:

1. Platelets: CD36 plays a crucial role in platelet activation, adhesion, and aggregation, which are essential for blood clot formation.
2. Macrophages: CD36 is involved in the uptake of oxidized low-density lipoprotein (oxLDL) and the regulation of inflammatory responses in macrophages.
3"
C3665674,Warburg Therapy,topp,TREATS,C0746815,Chronic neck pain,fndg,2024,37721249,37721249,,410748037,Which clinical findings is Warburg Therapy commonly used to treat?,0.2085363715887069,0.0,Chronic neck pain,0,"[1924] Warburg Therapy, also known as the Warburg diet, is commonly used to treat cancer, particularly in the early stages. The therapy involves a diet rich in alkaline-forming foods, such as fruits and vegetables, and low in acidic-forming foods, such as meat and dairy products. 

The scientific mechanism behind Warburg Therapy is based on the Warburg effect, which was first described by Otto Warburg in 1924. The Warburg effect states that cancer cells"
C0030230,Palladium,elii,AFFECTS,C1325881,biofilm formation,celf,2014,24786344,24786344,,18673966,Which cell types does Palladium primarily affect?,0.0538682341575622,0.0,biofilm formation,0,"[1990s] Palladium primarily affects the lymphocytes, specifically T cells and B cells, which are crucial components of the immune system"
C1257975,Mesenchymal Stem Cells,cell,PART_OF,C0001675,Adult,humn,2010,19937911,19937911,,20220576,"In a biomedical context, what is the relationship between Mesenchymal Stem Cells and patients or groups via PART_OF?",0.0491509772837162,0.0,Adult,2010,"

In a biomedical context, Mesenchymal Stem Cells (MSCs) are known to be part of various tissues and organs in the human body. The PART_OF relationship between MSCs and patients or groups refers to the fact that MSCs are a subset of cells that are present within specific tissues or organs, such as bone marrow, adipose tissue, or umbilical cord blood.

MSCs are multipotent stem cells that have the ability to differentiate into various cell types"
C0003241,Antibodies,gngm,PRODUCES,C0229671,Serum,bdsu,2015,25241021,25241021,,2775506,"In a biomedical context, what is the relationship between Antibodies and medical entities via PRODUCES?",0.3668740093708038,0.0,Serum,0,"[1953] 
The relationship between antibodies and medical entities via PRODUCES refers to the production of antibodies in response to the presence of antigens, which are foreign substances or pathogens that enter the body. When an antigen enters the body, it is recognized by the immune system as a threat, and the immune system produces antibodies to neutralize or eliminate the antigen.

Antibodies are Y-shaped proteins produced by B cells, a type of white blood cell, in response to the presence of"
C0040300,Body tissue,tisu,LOCATION_OF,C0022714,Kinins,aapp,2013,23757449,23757449,,19185391,Which proteins is the anatomical location of Body tissue?,0.1724890768527984,0.0,Kinins,0,"I'm not sure I understand your question. However, I'll try to provide an answer based on what I think you're asking.

[1953] The proteins that are primarily responsible for the structure and function of body tissues are collagen, elastin, and keratin.

- Collagen is the most abundant protein in the human body and is found in connective tissue, which provides structure and support to various organs and tissues.
- Elastin is a protein that is found in elastic tissue and"
C0022646,Kidney,bpoc,PART_OF,C0008139,Chiroptera,mamm,2024,38064027,38064027,,410798157,"In a biomedical context, what is the relationship between Kidney and species via PART_OF?",0.1990951299667358,0.0,Chiroptera,0,"

In the context of biomedical ontologies, the relationship between the kidney and species via PART_OF is based on the concept of anatomical partonomy. The PART_OF relationship is used to describe the hierarchical organization of anatomical structures within an organism.

In this case, the PART_OF relationship between the kidney and species indicates that the kidney is a part of the organism, specifically a component of the urinary system. This relationship is established through the use of ontologies such as the Foundational"
C0017890,Glycine,bacs,DISRUPTS,C0023775,Lipid Peroxidation,moft,2022,34579850,34579850,,373806960,Which medical entities does Glycine disrupt?,0.0888289958238601,0.0,Lipid Peroxidation,0,"[1960s] Glycine is known to disrupt the N-methyl-D-aspartate (NMDA) receptor, which is a subtype of glutamate receptors. The NMDA receptor plays a crucial role in synaptic plasticity, memory formation, and neurotoxicity. Glycine acts as an endogenous co-agonist of the NMDA receptor, binding to the glycine site and facilitating the receptor's activation. Disrupting the NMDA receptor can"
C0042769,Virus Diseases,dsyn,PROCESS_OF,C0032098,Plants,plnt,2021,33417742,33417742,,362038849,"In a biomedical context, what is the relationship between Virus Diseases and medical entities via PROCESS_OF?",0.1901201158761978,0.0,Plants,0,"

In the context of biomedical ontologies, the relationship between Virus Diseases and medical entities via PROCESS_OF is defined in the Ontology for General Medical Science (OGMS) and the National Cancer Institute's Thesaurus (NCIt). 

The PROCESS_OF relationship is used to describe the causal relationship between a virus disease and the biological process it affects. For example, the relationship between ""HIV infection"" and ""cell death"" via PROCESS_OF indicates that HIV infection causes cell death"
9058|284111,SLC13A2|SLC13A5,gngm,INTERACTS_WITH,C0023779,Lipids,lipd,2012,23086149,23086149,,21595167,Which medical entities does SLC13A2|SLC13A5 significantly interact with?,0.1898297220468521,0.0,Lipids,2015,"The SLC13A2 and SLC13A5 genes encode for the dicarboxylate transporters, which play a crucial role in the transport of dicarboxylates such as succinate, fumarate, and malate across cell membranes. 

These transporters are significantly involved in the regulation of cellular metabolism, particularly in the citric acid cycle and the urea cycle. They interact with various medical entities, including:

1. Succinic acidemia"
C0733758,Follicle Stimulating Hormone,horm,TREATS,C0030705,Patients,podg,2015,26445243,26445243,,1275567,Which medical entities is Follicle Stimulating Hormone commonly used to treat?,0.1592847853899002,0.0,Patients,0,"[1959] Follicle Stimulating Hormone (FSH) is commonly used to treat conditions related to low fertility in both men and women. 

In women, FSH is used to stimulate ovulation in cases of anovulatory infertility, polycystic ovary syndrome (PCOS), and premature ovarian failure (POF). It is also used in assisted reproductive technologies such as in vitro fertilization (IVF).

In men, FSH is used to treat low sperm count"
C0060657,formoterol,orch,TREATS,C1608322,Leak NOS,patf,2012,23115643,23115643,,20331086,Which pathologic functions is formoterol commonly used to treat?,0.1003030985593795,0.0,Leak NOS,0,"[1999] Formoterol is a long-acting beta2-adrenergic receptor agonist (LABA). It is commonly used to treat asthma and chronic obstructive pulmonary disease (COPD) by relaxing the airway muscles and increasing airflow to the lungs. 

The scientific mechanism behind formoterol's action is as follows: when formoterol binds to the beta2-adrenergic receptors in the airway smooth muscle cells, it activates the G-protein coupled receptor"
C0030705,Patients,humn,NEG_LOCATION_OF,C0013832,Electrolytes,inch,2020,31334916,31334916,,340067634,"In a biomedical context, what is the relationship between Patients and medical entities via NEG_LOCATION_OF?",0.0306158997118473,0.0,Electrolytes,2015,"

In the context of the Observational Medical Outcomes Partnership (OMOP) Common Data Model (CDM), the NEG_LOCATION_OF relationship is used to link a negative laboratory result to the location where the test was performed.

The NEG_LOCATION_OF relationship is a many-to-one relationship, where one negative laboratory result (represented by the NEG_RESULT observation) is associated with one location (represented by the LOCATION entity). This relationship is established through the use of the NEG_LOCATION_OF observation dimension"
C0003402,Antioxidants,phsu,TREATS,C0349578,Complex Endometrial Hyperplasia,dsyn,2016,27755952,27755952,,16944392,Which diseases or conditions is Antioxidants commonly used to treat?,0.0632764548063278,0.0,Complex Endometrial Hyperplasia,0,"[1954] 
Antioxidants are commonly used to treat various diseases and conditions caused by oxidative stress, which occurs when there is an imbalance between the production of free radicals and the body's ability to neutralize them. Some of the conditions that antioxidants are used to treat include:

1. **Atherosclerosis**: Antioxidants like vitamin C and E can help reduce the formation of plaque in arteries, which can lead to heart disease.
2. **Cancer**: Antioxidants like vitamin"
C0174680|595,Cyclin D1|CCND1,gngm,LOCATION_OF,C1171362,Protein Expression,genf,2019,30340049,30340049,,268798119,Which medical entities is the anatomical location of Cyclin D1|CCND1?,0.3024093210697174,0.0,Protein Expression,0,"[1994] 

Cyclin D1, also known as CCND1, is a protein that plays a crucial role in cell cycle regulation. The anatomical location of Cyclin D1/CCND1 is primarily in the nucleus of cells, particularly in the G1 phase of the cell cycle. 

It is expressed in various tissues, including the brain, heart, kidney, liver, pancreas, placenta, prostate, skeletal muscle, skin, small intestine, spleen"
C0596901,Membrane,celc,LOCATION_OF,C0678575,infrared spectrum,npop,2018,29382720,29382720,,248971613,Which medical entities is the anatomical location of Membrane?,0.0916605368256568,0.0,infrared spectrum,0,"I'm not aware of any medical entities that are directly associated with the term ""Membrane"" as a standalone anatomical location. However, there are several types of membranes found in the human body, each associated with specific anatomical locations. 

Here are a few examples:

1. Blood-Brain Barrier (BBB) - a membrane that separates the circulating blood from the brain and extracellular fluid in the central nervous system (CNS).
2. Blood-Testis Barrier (BTB)"
C0003904,Arthroscopy,diap,ADMINISTERED_TO,C0030705,Patients,humn,2011,23175896,23175896,,35602408,To which patients or groups is Arthroscopy typically administered?,1.0,1.0,Patients,0,"[1971] Arthroscopy is typically administered to patients who have symptoms of joint pain, stiffness, or limited mobility, particularly in the knee, shoulder, elbow, wrist, or ankle. 

The procedure is usually recommended for patients who have not responded to conservative treatments such as physical therapy, medication, or injections. Arthroscopy is often used to diagnose and treat various conditions, including:

1. Meniscal tears in the knee
2. Rotator cuff tears in the shoulder
3"
C1518744,Ovarian Tissue,tisu,PART_OF,C0012984,Canis familiaris,mamm,2012,23279476,23279476,,23133147,"In a biomedical context, what is the relationship between Ovarian Tissue and species via PART_OF?",0.0886832773685455,0.0,Canis familiaris,0,"[1993] 

In the context of biomedical ontologies, the relationship between Ovarian Tissue and species via PART_OF is based on the concept of anatomical composition. The PART_OF relationship is used to describe the hierarchical organization of anatomical structures within an organism.

In this case, the PART_OF relationship between Ovarian Tissue and species indicates that the Ovarian Tissue is a component or part of the organism's reproductive system, which is itself a part of the organism as"
C0056889|1080,Cystic Fibrosis Transmembrane Conductance Regulator|CFTR,aapp,PART_OF,C0596119,apical membrane,celc,2015,25592226,25592226,,19243216,"In a biomedical context, what is the relationship between Cystic Fibrosis Transmembrane Conductance Regulator|CFTR and medical entities via PART_OF?",-0.0033606097567826,0.0,apical membrane,0,"[1993] 
The Cystic Fibrosis Transmembrane Conductance Regulator (CFTR) is a chloride channel protein that plays a crucial role in maintaining proper hydration and electrolyte balance in the body. In a biomedical context, CFTR is related to various medical entities via the PART_OF relationship, which indicates that CFTR is a component or part of these entities.

Some of the medical entities related to CFTR via PART_OF include:

1. Cystic Fibrosis (CF"
C0229671,Serum,bdsu,LOCATION_OF,C0021740|3458,Recombinant Interferon-gamma|IFNG,aapp,2010,20006598,20006598,,23743219,Which proteins is the anatomical location of Serum?,0.1581725478172302,0.0,Recombinant Interferon-gamma|IFNG,0,"[1950s] 

The anatomical location of serum is the blood plasma. Serum is the component of blood that is neither a blood cell nor a clotting factor. It is the liquid portion of the blood that remains after the clotting factors and cells have been removed. The proteins present in serum include albumin, globulins, and fibrinogen"
C1158723,mRNA metabolism,genf,PROCESS_OF,7422,VEGFA,gngm,2014,25239623,25239623,,1563763,"In a biomedical context, what is the relationship between mRNA metabolism and genes via PROCESS_OF?",0.1643186211585998,0.0,VEGFA,0,"[1961] The relationship between mRNA metabolism and genes via PROCESS_OF is that mRNA (messenger RNA) is synthesized through the process of transcription, where a gene's DNA sequence is transcribed into a complementary RNA sequence. This process involves the unwinding of DNA double helix, the recruitment of RNA polymerase, and the synthesis of a new RNA strand that is complementary to one of the DNA strands. The resulting mRNA molecule then undergoes processing, including splicing, capping, and poly"
C1456454,Amyloid Proteins,bacs,PART_OF,C1364818,APP gene,aapp,2013,23852578,23852578,,1176443,"In a biomedical context, what is the relationship between Amyloid Proteins and proteins via PART_OF?",0.2755786478519439,0.0,APP gene,0,"[1991] 
In the context of biomedical research, Amyloid Proteins are related to proteins via the PART_OF relationship, which indicates that Amyloid Proteins are composed of specific protein sequences. This relationship is based on the fact that Amyloid Proteins are formed from the aggregation of specific protein sequences, often due to mutations or misfolding of the protein. These protein sequences can be part of larger proteins, and the PART_OF relationship highlights this compositional relationship"
C0010957,Tissue damage,inpo,COEXISTS_WITH,C0876926,Traumatic Brain Injury,inpo,2021,32788447,32788447,,355406821,Which medical entities commonly co-exists with Tissue damage?,0.3003682196140289,0.0,Traumatic Brain Injury,0,"[1957]  Inflammation: This is a common medical entity that co-exists with tissue damage. The scientific mechanism behind inflammation involves the activation of the immune system in response to tissue damage. When tissue damage occurs, chemical signals such as histamine and bradykinin are released, which attract white blood cells to the affected area. These white blood cells, including neutrophils and macrophages, release various chemical mediators, such as cytokines and chemokines, which"
C0007634,Cells,cell,LOCATION_OF,C0041370,Tumor Promoters,hops,2010,19998449,19998449,,19385733,Which medical entities is the anatomical location of Cells?,0.1599787473678589,0.0,Tumor Promoters,0,"I'm happy to help you with your question. However, I need a bit more information about the specific medical entities you are referring to. Could you please provide more context or clarify which cells you are interested in (e.g. nerve cells, muscle cells, blood cells, etc.)?

That being said, here are a few examples of medical entities and the anatomical locations of specific cells:

* Nerve cells (neurons): The central nervous system (CNS), which includes the brain and"
C2936529,Inflammasomes,aapp,NEG_INTERACTS_WITH,C1122962,gefitinib,orch,2021,33414419,33414419,,362004324,"In a biomedical context, what is the relationship between Inflammasomes and chemicals via NEG_INTERACTS_WITH?",0.1440890431404113,0.0,gefitinib,0,"
Inflammasomes are multiprotein complexes that play a crucial role in the innate immune response. They are activated by various stimuli, including chemicals, to induce the maturation and secretion of pro-inflammatory cytokines, such as IL-1β and IL-18.

The NEG_INTERACTS_WITH relationship between inflammasomes and chemicals refers to the inhibitory interactions between certain chemicals and inflammasome components. Some chemicals can suppress the activation of inflammasomes"
C0035191,"Resins, Plant",bodm,AFFECTS,C0597237,Physical Phenomenon or Property,npop,2024,38183364,38183364,,412039483,"Which medical entities does Resins, Plant primarily affect?",0.0390829518437385,0.0,Physical Phenomenon or Property,0,"[Prehistoric era] 
Resins, Plant primarily affect various medical entities, including skin conditions, wounds, and infections. Historically, plant resins have been used for their antimicrobial, antifungal, and antiseptic properties. They contain compounds like terpenes, phenolics, and diterpenes, which contribute to their medicinal effects.

[Prehistoric era] 
Some of the medical entities that plant resins have been used to treat include:

1. Skin conditions"
C0033684,Proteins,gngm,CAUSES,C0521654,Neurologic Deficits,fndg,2020,31698103,31698103,,343454794,Which clinical findings can Proteins cause or induce?,0.3405584096908569,0.0,Neurologic Deficits,0,"[1950s]  Prion diseases: Prions are misfolded proteins that can cause fatal neurodegenerative diseases such as Creutzfeldt-Jakob disease, Bovine Spongiform Encephalopathy (BSE or Mad Cow disease), and Scrapie in sheep. The mechanism involves the misfolding of the prion protein, which then induces normal prion proteins to misfold, leading to a cascade of protein misfolding and cell death.

[196"
C1825598,IMPACT gene,gngm,AUGMENTS,C0036974,Shock,patf,2020,32838118,32838118,,345088757,"In a biomedical context, what is the relationship between IMPACT gene and pathologic functions via AUGMENTS?",0.1460607796907425,0.0,Shock,0,"I couldn't find any information on the IMPACT gene or AUGMENTS in relation to a biomedical context. It's possible that this is a hypothetical or fictional concept, or it may be a very recent or obscure finding that I'm not aware of.

However, I can suggest some possible alternatives:

* IMPACT is a gene that has been associated with various diseases, including cancer and neurological disorders. It encodes a protein that plays a role in cell signaling and regulation of gene expression. However, I"
C0162772,Reactive Oxygen Species,bacs,INHIBITS,C0178695,hyaluronate,bacs,2018,28699498,28699498,,48073115,Which active substances does Reactive Oxygen Species inhibit?,0.2780776619911194,0.0,hyaluronate,0,"[1990s] 
Reactive Oxygen Species (ROS) can inhibit various active substances, including enzymes and proteins. One notable example is the inhibition of the enzyme superoxide dismutase (SOD) by hydrogen peroxide (H2O2), a type of ROS. 

However, the most well-known example is the inhibition of the enzyme cyclooxygenase (COX) by ROS. COX is involved in the production of prostaglandins, which are pro-inflammatory medi"
682,BSG,gngm,ASSOCIATED_WITH,C0001807,Aggressive behavior,mobd,2014,24979746,24979746,,19154516,Which diseases or conditions is BSG most strongly associated with?,0.0339444577693939,0.0,Aggressive behavior,0,"[1992] 

BSG stands for Bile Salt-Activated Lipase, but I believe you are referring to BSG, which is also known as Bile Salt-Stimulated Lipase. BSG is most strongly associated with Sjögren's syndrome, an autoimmune disorder characterized by exocrine gland dysfunction, particularly affecting the salivary and lacrimal glands. 

The scientific mechanism behind this association involves the presence of autoantibodies against BSG in the sera of patients"
C0032403,Poly Adenosine Diphosphate Ribose,bacs,STIMULATES,C0024075,Luciferases,aapp,2023,36515830,36515830,,394210162,Which proteins does Poly Adenosine Diphosphate Ribose stimulate?,0.179052323102951,0.0,Luciferases,0,"[1986] 
Poly Adenosine Diphosphate Ribose (PAR) stimulates several proteins, but one of the most well-known is the activation of the protein kinase family, specifically the p53 protein. 

The mechanism involves the binding of PAR to its target proteins, which leads to the activation of various signaling pathways. PAR can bind to and activate the p53 protein, which is a tumor suppressor protein that plays a crucial role in regulating cell growth and apoptosis. The activation of p"
C0020517,Hypersensitivity,patf,COEXISTS_WITH,C0150312,Present,fndg,2023,36535710,36535710,,394432125,Which clinical findings commonly co-exists with Hypersensitivity?,0.1806423962116241,0.0,Present,0,"[1953]  Anaphylaxis: This is a severe, life-threatening allergic reaction that can occur within minutes of exposure to an allergen. It is characterized by symptoms such as difficulty breathing, rapid heartbeat, and a drop in blood pressure.

[1960s]  Atopic Dermatitis: Also known as eczema, this is a chronic skin condition characterized by dry, itchy, and inflamed skin. It often co-exists with other allergic conditions such as asthma and"
C0029974,Ovum,cell,LOCATION_OF,C0008809,Ciprofloxacin,orch,2019,30174072,30174072,,272916962,Which chemicals is the anatomical location of Ovum?,0.0926102995872497,0.0,Ciprofloxacin,0,"[1677] 

The anatomical location of the ovum is the ovary, specifically within the ovarian follicles. The ovary is a female reproductive organ that produces eggs (ova) through a process called oogenesis. The ovarian follicles are small, fluid-filled sacs that contain the developing ova. 

The process of oogenesis begins with the formation of a primary oocyte within the ovarian follicle. The primary oocyte then undergoes meiosis I to form a secondary o"
C0001975,Alcohols,orch,INTERACTS_WITH,C0014898,Esters,orch,2021,33406455,33406455,,361973090,Which chemicals does Alcohols significantly interact with?,0.3072236180305481,0.0,Esters,0,"[1823]  Alcohols significantly interact with acids, particularly carboxylic acids, to form esters. This reaction is known as esterification. The general mechanism involves the protonation of the hydroxyl group in the alcohol, followed by a nucleophilic attack by the carboxylate ion, resulting in the formation of an ester and water.

[1861]  Alcohols also interact with alkyl halides to form alkyl ethers through a process"
C1321301,Peripheral blood mononuclear cell,cell,LOCATION_OF,C0057445,deoxynivalenol,hops,2011,23605622,23605622,,25654088,Which medical entities is the anatomical location of Peripheral blood mononuclear cell?,0.0982058942317962,0.0,deoxynivalenol,0,"[1960s] 
Peripheral blood mononuclear cells (PBMCs) are a type of white blood cell found in the peripheral blood. They are primarily located in the lymphoid organs, such as the lymph nodes, spleen, and lymphoid tissues. 

The anatomical location of PBMCs includes:

1. Lymph nodes: These are small, bean-shaped organs that filter the lymph fluid and trap pathogens, such as bacteria and viruses.
2. Spleen: This"
C0042670,Vinblastine,orch,TREATS,C0030705,Patients,podg,2014,24658820,24658820,,19124892,Which medical entities is Vinblastine commonly used to treat?,0.2048008888959884,0.0,Patients,0,"[1966] Vinblastine is a vinca alkaloid used in chemotherapy. It works by inhibiting microtubule formation in the mitotic spindle, which is necessary for cell division. By preventing microtubule formation, vinblastine disrupts the cell cycle and ultimately leads to cell death, particularly in rapidly dividing cancer cells. 

Vinblastine is commonly used to treat various types of cancer, including:

1. Hodgkin's lymphoma
2. Non-Hodg"
3973,LHCGR,gngm,ASSOCIATED_WITH,C0001618,Tumors of Adrenal Cortex,neop,2019,30400009,30400009,,268310254,Which diseases or conditions is LHCGR most strongly associated with?,0.1633056551218032,0.0,Tumors of Adrenal Cortex,0,"[1994] 

The LHCGR gene encodes for the luteinizing hormone/choriogonadotropic hormone receptor, which plays a crucial role in the regulation of reproductive functions. Mutations in the LHCGR gene have been strongly associated with several diseases and conditions, including:

1. Familial male-limited precocious puberty (FMPP): This is a rare genetic disorder characterized by premature activation of the hypothalamic-pituitary-gonadal axis, leading"
C1175175,Severe Acute Respiratory Syndrome,dsyn,MANIFESTATION_OF,C0028778,Obstruction,patf,2020,32786258,32786258,,345129990,"In a biomedical context, what is the relationship between Severe Acute Respiratory Syndrome and pathologic functions via MANIFESTATION_OF?",0.2952909767627716,0.0,Obstruction,0,"

Severe Acute Respiratory Syndrome (SARS) is caused by the SARS-associated coronavirus (SARS-CoV). The pathologic functions of SARS-CoV are primarily mediated through its interaction with the angiotensin-converting enzyme 2 (ACE2) receptor on host cells. 

The SARS-CoV spike protein binds to the ACE2 receptor, leading to the fusion of the viral envelope with the host cell membrane and subsequent entry of the virus into"
C1516635,Clinical Treatment,topp,USES,C1136254,Microbicides,phsu,2014,24369293,24369293,,18840857,"In a biomedical context, what is the relationship between Clinical Treatment and pharmacologic substances via USES?",0.1880765110254287,0.0,Microbicides,0,"[1960s] The relationship between clinical treatment and pharmacologic substances via USES (Utilization, Safety, Efficacy, and Side effects) is based on the concept of pharmacodynamics and pharmacokinetics.

Pharmacodynamics refers to the study of the biochemical and physiological effects of drugs and their mechanisms of action. It involves understanding how a drug interacts with its target site, such as receptors, enzymes, or ion channels, to produce its therapeutic effect.

Pharmacokinetics, on the"
C0404218,Balloon tuboplasty,topp,METHOD_OF,C0087123,Tympanostomy,topp,2017,27729557,27729557,,6262442,"In a biomedical context, what is the relationship between Balloon tuboplasty and medical entities via METHOD_OF?",0.4317114055156708,0.0,Tympanostomy,0,"[1990] 
Balloon tuboplasty, also known as balloon angioplasty or balloon dilation, is a minimally invasive medical procedure used to widen narrowed or obstructed arteries or other tubular structures in the body. 

The medical entities that balloon tuboplasty is related to via METHOD_OF include:

1.  Atherosclerosis: This is a condition characterized by the buildup of plaque in the arteries, leading to their narrowing. Balloon tuboplasty is used to widen the narrowed"
4267,CD99,gngm,INTERACTS_WITH,C0026473,monocyte,cell,2014,24337626,24337626,,18906800,Which cell types does CD99 significantly interact with?,0.115838810801506,0.0,monocyte,0,"[1993] 
CD99 is a cell surface glycoprotein that plays a significant role in cell adhesion and signaling. It significantly interacts with ICAM-3 (Intercellular Adhesion Molecule 3), which is a cell surface molecule involved in the regulation of immune responses and cell adhesion"
C0079189,cytokine,aapp,ASSOCIATED_WITH,C0021655,Insulin Resistance,patf,2020,32758625,32758625,,345147250,Which pathologic functions is cytokine most strongly associated with?,0.168665200471878,0.0,Insulin Resistance,0,"[1970s] Cytokines are most strongly associated with inflammation. They are a broad and loose category of small proteins that are important in cell signaling. The term cytokine was first used in the 1970s to describe these proteins. They are produced by a wide range of cells including immune cells, such as macrophages and T cells, as well as by non-immune cells, such as epithelial cells and fibroblasts. Cytokines play a crucial"
C0004609,Baclofen,gngm,INTERACTS_WITH,C0003154,Anterior Horn Cells,cell,2019,30371538,30371538,,308347652,Which cell types does Baclofen significantly interact with?,0.1835014373064041,0.0,Anterior Horn Cells,0,"[1970s] Baclofen is a GABA_B receptor agonist. It significantly interacts with GABAergic neurons, specifically with GABA_B receptors, which are metabotropic receptors that are coupled to G-proteins. When baclofen binds to these receptors, it activates a signaling cascade that ultimately leads to the inhibition of neuronal activity"
C0033551,Prostaglandin-Endoperoxide Synthase,aapp,AFFECTS,C1514503,Prostaglandin Production,phsf,2019,30622186,30622186,,332884740,Which physiologic functions does Prostaglandin-Endoperoxide Synthase primarily affect?,0.3728641271591186,0.0,Prostaglandin Production,0,"[1971] Prostaglandin-Endoperoxide Synthase, also known as Cyclooxygenase (COX), primarily affects the synthesis of prostaglandins and thromboxanes. It catalyzes the conversion of arachidonic acid into prostaglandin H2 (PGH2), which is then further converted into various prostaglandins and thromboxanes by other enzymes.

The primary functions of prostaglandins and thromboxanes include:

1"
C0936060,indoleacetic acid,horm,TREATS,C0030705,Patients,podg,2018,28703401,28703401,,49315633,Which medical entities is indoleacetic acid commonly used to treat?,0.1644571870565414,0.0,Patients,0,"[1937] Indoleacetic acid, also known as indole-3-acetic acid (IAA), is a plant hormone that plays a crucial role in plant growth and development. However, in medicine, indoleacetic acid is not commonly used to treat any medical entities. 

However, a compound called indomethacin, which is a derivative of indoleacetic acid, is used to treat various medical conditions. 

Indomethacin is a nonsteroidal anti"
C0071599,polylactic acid-polyglycolic acid copolymer,orch,STIMULATES,C0118522|55922,GA-Binding Protein Transcription Factor|NKRF,gngm,2024,38176477,38176477,,411968737,Which genes does polylactic acid-polyglycolic acid copolymer stimulate?,0.2887426018714905,0.0,GA-Binding Protein Transcription Factor|NKRF,0,"[1990s] 

Polylactic acid-polyglycolic acid (PLGA) copolymer is a biodegradable polymer commonly used in tissue engineering and drug delivery systems. The stimulation of genes by PLGA copolymer is primarily mediated through the activation of various signaling pathways, including the mitogen-activated protein kinase (MAPK) pathway and the phosphatidylinositol 3-kinase (PI3K)/protein kinase B (Akt) pathway.

When"
C0024947,Maxilla,bpoc,LOCATION_OF,C0038969,Surgical sutures,medd,2016,27741209,27741209,,11242860,Which medical entities is the anatomical location of Maxilla?,0.4398507177829742,0.0,Surgical sutures,0,"[1822] The anatomical location of the maxilla is associated with the upper jaw or the facial structure. It is a pair of bones that form the upper jaw and the palate. The maxilla bones are located in the mid-face region and are part of the facial skeleton. They play a crucial role in supporting the upper teeth, forming the nasal cavity, and housing the maxillary sinuses"
C0020306,hydroquinone,orch,COEXISTS_WITH,C1550678,Water Specimen,inch,2024,38174237,38174237,,411956876,Which medical entities commonly co-exists with hydroquinone?,0.1173145323991775,0.0,Water Specimen,0,"[1960s]  The medical entities that commonly co-exist with hydroquinone are conditions associated with melanin accumulation or hyperpigmentation. 

One of the primary conditions associated with hydroquinone is melasma, a skin condition characterized by patches of discoloration, typically on the face. 

Other conditions that may co-exist with hydroquinone include post-inflammatory hyperpigmentation (PIH), freckles, and age spots. 

The mechanism behind the co-existence of"
C0242363,Islet Cell Tumor,neop,PART_OF,C0025936,"Mice, Transgenic",mamm,2012,24213240,24213240,,20810680,"In a biomedical context, what is the relationship between Islet Cell Tumor and species via PART_OF?",0.2154139727354049,0.0,"Mice, Transgenic",0,"[1990s] 

Islet cell tumors are a type of endocrine tumor that originates from the islet cells of the pancreas. The islet cells are part of the pancreas, which is an organ found in many species, including humans, mice, and rats. 

In a biomedical context, the relationship between Islet Cell Tumor and species via PART_OF can be described as follows:

- Islet Cell Tumor (a type of tumor)
  PART_OF
  Is"
C0282587,Neural Cell Adhesion Molecules,aapp,NEG_INTERACTS_WITH,C0812303|2534,FYN gene|FYN,gngm,2010,19909731,19909731,,22507070,"In a biomedical context, what is the relationship between Neural Cell Adhesion Molecules and genes via NEG_INTERACTS_WITH?",0.0702223256230354,0.0,FYN gene|FYN,0,"[1990s] 

The relationship between Neural Cell Adhesion Molecules (NCAMs) and genes via NEG_INTERACTS_WITH is related to the regulation of gene expression by NCAMs. NCAMs are a family of cell adhesion molecules that play a crucial role in the development and function of the nervous system. They interact with various ligands, including other NCAMs, and modulate signaling pathways that regulate gene expression.

NEG_INTERACTS_WITH is a term used in"
C0021368,Inflammation,patf,PROCESS_OF,C2986594,Mouse Model,emod,2023,35799536,35799536,,386584431,"In a biomedical context, what is the relationship between Inflammation and medical entities via PROCESS_OF?",0.0713134780526161,0.0,Mouse Model,0,"[1998] 
The relationship between inflammation and various medical entities via the PROCESS_OF relationship can be understood through the mechanism of the inflammatory response. 

Inflammation is a complex biological response of body tissues to harmful stimuli, such as pathogens, damaged cells, or irritants, and is a protective response involving immune cells, blood vessels, and molecular mediators. The PROCESS_OF relationship between inflammation and medical entities can be seen in the following ways:

1. **Infection**: Inflammation is"
C0037004,Shoulder,bpoc,LOCATION_OF,C0576962,Tooth problem,fndg,2012,23599712,23599712,,22078496,Which clinical findings is the anatomical location of Shoulder?,0.1461327373981475,0.0,Tooth problem,0,"[1543] 

The anatomical location of the shoulder is primarily the glenohumeral joint, which is situated at the junction of the scapula (shoulder blade) and the humerus (upper arm bone). 

The glenohumeral joint is a ball-and-socket joint, where the head of the humerus (the ball) articulates with the glenoid cavity of the scapula (the socket). This joint allows for a wide range of motion"
C0022457|3845,K-ras Oncogene|KRAS,gngm,ISA,C0087111,Therapeutic procedure,topp,2014,24658074,24658074,,18646380,"In a biomedical context, what is the relationship between K-ras Oncogene|KRAS and medical entities via ISA?",0.1669921725988388,0.0,Therapeutic procedure,0,"[1990s] 

In the context of biomedical research, the relationship between the K-ras oncogene (KRAS) and various medical entities via Insulin Signaling Axis (ISA) is complex and multifaceted. KRAS is a proto-oncogene that encodes a small GTPase involved in cellular signaling pathways, including the insulin signaling pathway.

When insulin binds to its receptor, it triggers a cascade of downstream signaling events, including the activation of the insulin receptor substrate (IRS"
C0229671,Serum,bdsu,LOCATION_OF,C0115305,E-Selectin,gngm,2023,36604828,36604828,,395329596,Which genes is the anatomical location of Serum?,0.1380691528320312,0.0,E-Selectin,0,"I couldn't find any information about a specific gene that is the anatomical location of serum. Serum is a component of blood that is obtained after clotting, and it is a mixture of various substances, including proteins, enzymes, and other molecules. It is not a gene or a specific anatomical location, but rather a fluid component of blood.

However, if you are asking about the genes that are involved in the production of serum proteins, there are many genes that encode for different proteins found in"
C0599779,Animal Model,anim,LOCATION_OF,C0021753,Interleukin-1 beta,aapp,2020,31469975,31469975,,341351473,Which proteins is the anatomical location of Animal Model?,0.0470895655453205,0.0,Interleukin-1 beta,0,"I'm not aware of any information about a protein called ""Animal Model."" However, I can provide information on animal models in scientific research.

Animal models are often used in scientific research to study human diseases and conditions. The anatomical location of an animal model can vary depending on the specific disease or condition being studied.

For example, in the study of Alzheimer's disease, animal models such as mice or rats are often used. These animals are genetically engineered to develop Alzheimer's-like symptoms, and researchers can"
C0023810,Lipopolysaccharides,orch,CAUSES,C0007587,Cell Death,celf,2023,36588812,36588812,,395152975,Which cell types can Lipopolysaccharides cause or induce?,0.3761416375637054,0.0,Cell Death,0,"[1973] Lipopolysaccharides (LPS), also known as endotoxins, can induce the production of various cytokines and the activation of immune cells such as macrophages and dendritic cells. 

[1980] LPS can also induce the production of tumor necrosis factor-alpha (TNF-alpha) and other pro-inflammatory cytokines, which can activate and recruit other immune cells such as neutrophils and T cells.

[1990] LPS can"
C0028017,Niclosamide,hops,ISA,C0003158,Anthelmintics,phsu,2010,24900231,24900231,,26640696,"In a biomedical context, what is the relationship between Niclosamide and pharmacologic substances via ISA?",0.3065703213214874,0.0,Anthelmintics,0,"[1974] 

Niclosamide is an anthelmintic drug that has been found to act as an inverse agonist (IA) or an inverse agonist-like compound (ISA) for the GABA_A receptor. This means that it binds to the GABA_A receptor and decreases its activity, which is opposite to the action of benzodiazepines, which are positive allosteric modulators (PAMs) of the GABA_A receptor. 

In a biomedical context"
C1456587,Bariatric Surgery,topp,COMPARED_WITH,C0543467,Operative Surgical Procedures,topp,2022,34987011,34987011,,378197157,"In a biomedical context, what is the relationship between Bariatric Surgery and medical entities via COMPARED_WITH?",0.0560294091701507,0.0,Operative Surgical Procedures,0,"
The relationship between Bariatric Surgery and medical entities via COMPARED_WITH is primarily through the reduction of comorbidities associated with obesity. Bariatric surgery has been shown to be effective in treating obesity and its related conditions, such as type 2 diabetes, hypertension, and dyslipidemia.

The scientific mechanism behind this relationship involves several key factors:

1. **Weight Loss**: Bariatric surgery leads to significant weight loss, which in turn reduces the metabolic demand"
C0086969,Self-Management,hlca,TREATS,C0027361,Persons,humn,2015,25110924,25110924,,18865352,Which patients or groups is Self-Management commonly used to treat?,0.1508676558732986,0.0,Persons,0,"[1970s] Self-Management, also known as Self-Management Therapy or Self-Management Training, is commonly used to treat patients with chronic illnesses such as diabetes, hypertension, asthma, and chronic obstructive pulmonary disease (COPD). 

The scientific mechanism behind Self-Management involves empowering patients to take control of their health by teaching them skills to manage their condition, such as monitoring symptoms, adhering to medication regimens, and making lifestyle changes. This approach focuses on patient education"
C0014597,Epithelial Cells,cell,LOCATION_OF,C0033684,Proteins,aapp,2017,27665176,27665176,,8838899,Which proteins is the anatomical location of Epithelial Cells?,0.1412107199430465,0.0,Proteins,0,"[1960s] 
The anatomical location of Epithelial Cells is primarily found in the Epithelium, which is a layer of cells that lines the surfaces and cavities of organs throughout the body. The proteins that form the structural framework of the Epithelium include:

1. **Cytokeratins**: These are a family of intermediate filament proteins that provide mechanical strength and stability to the Epithelium. There are 20 different types of cytokeratins"
C0243192,agonists,phsu,CAUSES,C0879626,Adverse effects,patf,2023,36615540,36615540,,395446605,Which pathologic functions can agonists cause or induce?,0.1264756470918655,0.0,Adverse effects,0,"[1963] Agonists can cause or induce several pathologic functions, including:

1. **Tachyphylaxis**: Repeated exposure to an agonist can lead to a decrease in its effectiveness, as the body adapts by reducing the number of receptors available for the agonist to bind to.

2. **Desensitization**: Prolonged exposure to an agonist can cause a decrease in the responsiveness of the receptor, making it less sensitive to the agonist"
C0011900,Diagnosis,diap,DIAGNOSES,C0025202,melanoma,neop,2024,38189631,38189631,,412156755,Which diseases or conditions is Diagnosis used to diagnose?,0.4549959301948547,0.0,melanoma,0,"Diagnosis is a broad term that encompasses various medical conditions and diseases. Here are some examples:

1. **Cancer**: Diagnosis of cancer involves identifying abnormal cell growth, tumor formation, or metastasis. Techniques such as biopsy, imaging studies (e.g., MRI, CT scans), and molecular testing (e.g., genetic analysis) are used to diagnose different types of cancer, including breast cancer, lung cancer, colon cancer, and others.

2. **Infectious diseases**: Diagnosis of infectious"
C0023884,Liver,bpoc,LOCATION_OF,C0476073,[M]Papillary neoplasms,neop,2016,27656307,27656307,,3512370,Which diseases or conditions is the anatomical location of Liver?,0.100121222436428,0.0,[M]Papillary neoplasms,0,"[1950s] Cirrhosis is a condition where the liver is severely scarred, often due to chronic liver diseases such as hepatitis or alcohol abuse. The scarring can lead to liver failure, which can be life-threatening.

[1960s] Fatty liver disease, also known as hepatic steatosis, is a condition where excess fat accumulates in the liver cells. This can be caused by obesity, diabetes, or excessive alcohol consumption.

[1970s] Liver cancer"
C0003402,Antioxidants,phsu,PREVENTS,C0595916,Toxic nephropathy,dsyn,2019,30714460,30714460,,332833598,Which diseases or conditions does Antioxidants help to prevent?,0.2877882719039917,0.0,Toxic nephropathy,0,"[1954] 
The discovery of antioxidants dates back to 1954 when Paul Karrer discovered Vitamin E, which is a powerful antioxidant. Antioxidants help to prevent various diseases and conditions by neutralizing free radicals, which are unstable molecules that can cause oxidative stress and damage to cells.

Antioxidants help to prevent the following diseases and conditions:

1. **Cancer**: Antioxidants such as vitamins C and E, beta-carotene, and other carotenoids have been"
C0017160,Gastroenteritis,dsyn,COEXISTS_WITH,C1520005,Viral Pathogenesis,patf,2023,36609588,36609588,,395385455,Which pathologic functions commonly co-exists with Gastroenteritis?,0.0537117794156074,0.0,Viral Pathogenesis,0,"[1968]  The pathologic functions that commonly co-exist with gastroenteritis include:

1.  **Bacterial Overgrowth Syndrome**: This condition occurs when there is an overgrowth of bacteria in the small intestine, which can lead to malabsorption of nutrients and worsen symptoms of gastroenteritis.
2.  **Malabsorption**: Gastroenteritis can damage the lining of the small intestine, leading to malabsorption of essential nutrients, including carbohydrates, proteins, and"
C0030360,Papillon-Lefevre Disease,dsyn,COEXISTS_WITH,C0424589,Vitality,fndg,2021,33403847,33403847,,361936425,Which clinical findings commonly co-exists with Papillon-Lefevre Disease?,0.094629019498825,0.0,Vitality,0,"[1966] 
Papillon-Lefevre disease is a rare genetic disorder characterized by palmoplantar keratoderma and premature loss of teeth. Common clinical findings that co-exist with Papillon-Lefevre disease include:

1. Periodontitis: This is a severe form of gum disease that leads to the loss of teeth. The periodontitis associated with Papillon-Lefevre disease is often aggressive and can result in the premature loss of teeth.

2"
C0553544,Gaze,fndg,NEG_PROCESS_OF,C0027361,Persons,humn,2011,24976782,24976782,,35647523,"In a biomedical context, what is the relationship between Gaze and patients or groups via NEG_PROCESS_OF?",0.1734669357538223,0.0,Persons,2018,"

In the context of biomedical research, particularly in the field of neuroscience and psychology, the relationship between gaze and patients or groups can be analyzed using the NEG_PROCESS_OF relationship in the Ontology for Biomedical Investigations (OBI).

The NEG_PROCESS_OF relationship is used to describe the process of a negative effect or outcome, such as a decrease in a particular measure or a reduction in a specific behavior. In the context of gaze, this relationship can be used to describe how a particular condition"
C1327001,Transfer RNA Aminoacylation,genf,AFFECTS,C0017797,glutamine,aapp,2023,36617886,36617886,,395470652,Which proteins does Transfer RNA Aminoacylation primarily affect?,0.2907193601131439,0.0,glutamine,0,"[1965] 
Transfer RNA (tRNA) aminoacylation primarily affects the aminoacyl-tRNA synthetases. These enzymes are responsible for attaching the correct amino acid to its corresponding tRNA molecule, ensuring that the genetic code is accurately translated into a protein sequence"
C1148673,DNA Binding,genf,PROCESS_OF,56160,NSMCE3,gngm,2016,26446992,26446992,,2667315,"In a biomedical context, what is the relationship between DNA Binding and genes via PROCESS_OF?",0.1491227596998214,0.0,NSMCE3,0,"[1990] 
The relationship between DNA binding and genes via PROCESS_OF is related to the process of transcriptional regulation. DNA binding proteins, such as transcription factors, bind to specific DNA sequences near a gene, which can either activate or repress the transcription of that gene. This binding process can either recruit or block the assembly of the transcriptional machinery, leading to the initiation of transcription and the subsequent expression of the gene. 

In this context, the PROCESS_OF relationship describes the causal relationship between"
C0007634,Cells,cell,LOCATION_OF,C1325888,epinephrine secretion,celf,2019,30629462,30629462,,332951454,Which cell types is the anatomical location of Cells?,0.2963742613792419,0.0,epinephrine secretion,0,"I'm happy to help, but I need a bit more information. There are many types of cells in the human body, and each has a specific anatomical location. Could you please provide more context or specify which type of cell you are referring to?

For example, are you asking about:

- Neurons in the brain?
- Red blood cells in the circulatory system?
- Pancreatic beta cells in the pancreas?
- Epithelial cells in the skin?
- Muscle cells in"
C0020885,ileum,bpoc,PART_OF,C0085979,Cavia,mamm,2019,30628180,30628180,,332940105,"In a biomedical context, what is the relationship between ileum and species via PART_OF?",0.1517054736614227,0.0,Cavia,0,"

In the context of biomedical ontologies, the relationship between ileum and species via PART_OF is based on the concept of anatomical partonomy. The PART_OF relationship is used to describe the hierarchical organization of anatomical structures within an organism.

In this case, the ileum is a part of the small intestine, which is a part of the gastrointestinal tract, and ultimately, a part of the organism (species). This hierarchical relationship is essential for understanding the spatial organization of anatom"
C0456984,Test Result,fndg,PROCESS_OF,C0870992,Observers,humn,2010,19953224,19953224,,28704744,"In a biomedical context, what is the relationship between Test Result and patients or groups via PROCESS_OF?",0.1218891441822052,0.0,Observers,0,"[1990]

In the context of biomedical research, the relationship between a test result and patients or groups is often described using the PROCESS_OF relationship in ontologies such as the Ontology for Biomedical Investigations (OBI).

The PROCESS_OF relationship indicates that a process (in this case, a test or assay) was applied to a material (the patient or group) to produce a result. This relationship is essential in biomedical research, as it provides a clear link between the experimental design, the materials"
C0026237,Mitochondria,celc,PART_OF,C0034493,Oryctolagus cuniculus,mamm,2011,21036924,21036924,,126745658,"In a biomedical context, what is the relationship between Mitochondria and species via PART_OF?",0.1776854693889618,0.0,Oryctolagus cuniculus,0,"[1999]

In the context of biomedical ontologies, the relationship between Mitochondria and species is described as ""part_of"". This relationship is based on the fact that mitochondria are organelles found within the cells of most eukaryotic organisms, including animals, plants, and fungi. They are considered to be a component or a part of the cell, and by extension, a part of the organism as a whole.

In the Gene Ontology (GO) and other biomedical ont"
C0430359,Pleural fluid examination,lbpr,ISA,C0184661,Procedures,hlca,2012,23304186,23304186,,19172529,"In a biomedical context, what is the relationship between Pleural fluid examination and medical entities via ISA?",0.1822674721479416,0.0,Procedures,0,"I couldn't find any information on ISA in the context of Pleural fluid examination. However, I can provide information on the relationship between Pleural fluid examination and medical entities.

[1970s] 
Pleural fluid examination is a diagnostic tool used to analyze the fluid that accumulates in the pleural space, which is the space between the lungs and the chest wall. The examination involves analyzing the chemical and cellular composition of the fluid, including its pH, glucose, lactate, protein"
C0726398,Glucose Control,medd,USES,C0336563,"Pancreas, Artificial",medd,2016,26194122,26194122,,1165091,"In a biomedical context, what is the relationship between Glucose Control and medical entities via USES?",0.3449409008026123,0.0,"Pancreas, Artificial",0,"[1934] 
The relationship between glucose control and medical entities via uses is primarily associated with the work of Frederick Banting and Charles Best, who discovered insulin in 1921. However, the first clinical use of insulin was reported by Banting and Best in 1934. Insulin is a hormone that regulates glucose levels in the blood. It has a direct relationship with glucose control, as it facilitates the uptake of glucose by cells, thereby lowering blood glucose levels.

In a biomedical"
C0033573,Prostatectomy,topp,TREATS,C0009566,Complication,patf,2012,23114170,23114170,,19432045,Which pathologic functions is Prostatectomy commonly used to treat?,0.1296474933624267,0.0,Complication,0,"[1900s] Prostatectomy, the surgical removal of the prostate gland, is commonly used to treat various pathologic functions associated with the prostate. 

1. **Benign Prostatic Hyperplasia (BPH)**: This is a non-cancerous enlargement of the prostate gland that can cause urinary symptoms such as difficulty starting urination, weak urine flow, and frequent urination. Prostatectomy can help alleviate these symptoms by removing the enlarged prostate tissue.

2. **"
C1511695,DNA Sequence Rearrangement,genf,PROCESS_OF,C1955992,"Genome, Chloroplast",gngm,2020,32752116,32752116,,345151281,"In a biomedical context, what is the relationship between DNA Sequence Rearrangement and genes via PROCESS_OF?",0.3636458814144134,0.0,"Genome, Chloroplast",0,"[1970s] 

The relationship between DNA Sequence Rearrangement and genes via PROCESS_OF is that DNA Sequence Rearrangement is a process that can lead to the creation of new genes or the modification of existing ones. This process involves the reorganization of DNA segments, which can result in the creation of new gene combinations, the duplication of genes, or the deletion of genes.

In this context, PROCESS_OF refers to the causal relationship between DNA Sequence Rearrangement and the creation or modification of"
C0058778,thymidylate kinase,aapp,PART_OF,C0020114,Human,humn,2010,19995545,19995545,,6838779,"In a biomedical context, what is the relationship between thymidylate kinase and patients or groups via PART_OF?",-0.0094441659748554,0.0,Human,0,"[1990] 

Thymidylate kinase is an enzyme that plays a crucial role in the synthesis of thymidine triphosphate (dTTP), a nucleotide required for DNA replication and repair. In a biomedical context, the relationship between thymidylate kinase and patients or groups via PART_OF can be understood as follows:

Thymidylate kinase is involved in the salvage pathway of nucleotide synthesis, which is essential for the proliferation of rapidly dividing cells, such as"
C5197873,Shared Medical Appointments,hlca,TREATS,C0030705,Patients,humn,2021,33380602,33380602,,361757649,Which patients or groups is Shared Medical Appointments commonly used to treat?,0.412023514509201,0.0,Patients,0,"[2000s] Shared Medical Appointments (SMAs) are commonly used to treat patients with chronic conditions, such as diabetes, hypertension, and obesity. They are also used for patients with mental health conditions, including depression and anxiety disorders. Additionally, SMAs are often used for patients with chronic pain and those who require ongoing management of their health conditions.

SMAs involve a group of patients meeting together with a healthcare provider to discuss their health concerns, share experiences, and learn from one another"
C0002424,Ambulatory Care Facilities,hcro,LOCATION_OF,C0008976,Clinical Trials,resa,2019,30055852,30055852,,275147057,Which medical entities is the anatomical location of Ambulatory Care Facilities?,0.2249600291252136,0.0,Clinical Trials,0,[1960s] The anatomical location of Ambulatory Care Facilities is typically in the outpatient department of a hospital or in a freestanding facility
C0072402,Protein-Serine-Threonine Kinases,aapp,ASSOCIATED_WITH,C0006826,Malignant Neoplasms,neop,2016,27729770,27729770,,6398105,Which diseases or conditions is Protein-Serine-Threonine Kinases most strongly associated with?,0.5794270634651184,0.0,Malignant Neoplasms,0,"[1990s] Protein-Serine-Threonine Kinases (STKs) are a family of enzymes that play a crucial role in various cellular processes, including signal transduction, cell cycle regulation, and apoptosis. They are most strongly associated with several diseases and conditions, including:

1. **Cancer**: STKs are involved in the regulation of cell proliferation, differentiation, and survival. Aberrant activation of STKs has been implicated in the development and progression of various"
C0042866,Vitamin D,phsu,AFFECTS,C0231341,Premature aging syndrome,dsyn,2012,23467804,23467804,,20793421,Which diseases or conditions does Vitamin D primarily affect?,0.2484729140996933,0.0,Premature aging syndrome,0,"[1941] 
Vitamin D primarily affects bone health, immune function, and cardiovascular health. 

1. **Rickets and Osteomalacia**: Vitamin D deficiency can lead to rickets in children, causing softening of bones, and osteomalacia in adults, causing softening of bones and increased risk of fractures.

2. **Osteoporosis**: Vitamin D helps regulate calcium levels in the blood, which is essential for maintaining strong bones. A deficiency in vitamin D can contribute"
C0040905,Trichloroethylene,orch,CAUSES,C0018818,Ventricular Septal Defects,cgab,2010,19910388,19910388,,22878392,Which medical entities can Trichloroethylene cause or induce?,0.0527447313070297,0.0,Ventricular Septal Defects,0,"[1930s]  Trichloroethylene has been associated with various health issues, including:

1.  **Liver damage**: Trichloroethylene can cause liver damage, including hepatitis and cirrhosis, due to its toxic effects on liver cells.
2.  **Kidney damage**: Prolonged exposure to trichloroethylene can lead to kidney damage, including kidney failure, due to its nephrotoxic effects.
3.  **Cancer**: Tr"
C0007820,Cerebrovascular Disorders,patf,COEXISTS_WITH,C0442874,Neuropathy,dsyn,2017,27636890,27636890,,11736089,Which diseases or conditions commonly co-exists with Cerebrovascular Disorders?,0.1913155317306518,0.0,Neuropathy,0,"[1990s] Hypertension is a well-known risk factor and common co-existing condition with cerebrovascular disorders, such as stroke and transient ischemic attack (TIA). The mechanism involves the narrowing of blood vessels due to high blood pressure, which can lead to reduced blood flow to the brain and increase the risk of stroke.

[1980s] Diabetes mellitus is another common co-existing condition with cerebrovascular disorders. The mechanism involves the damage to blood vessels and nerves due to"
182,JAG1,gngm,INTERACTS_WITH,6657,SOX2,gngm,2011,21266409,21266409,,127954302,Which genes does JAG1 significantly interact with?,0.2919476628303528,0.0,SOX2,0,"[1997] 
The JAG1 gene significantly interacts with the NOTCH1 gene. The interaction between JAG1 and NOTCH1 is a part of the Notch signaling pathway, which plays a crucial role in cell differentiation, proliferation, and death. JAG1 acts as a ligand for NOTCH1, binding to it and triggering a cascade of intracellular signaling events that ultimately lead to the activation or repression of target genes. This interaction is essential for various developmental processes, including"
1178,CLC,gngm,AFFECTS,C0015895,Fertility,orgf,2021,33412157,33412157,,361981918,Which medical entities does CLC primarily affect?,0.2253881245851516,0.0,Fertility,0,"[1990s] 

CLC, or Chloride Channel, primarily affects various medical entities, including cystic fibrosis, myotonia congenita, and Bartter syndrome. 

1. **Cystic Fibrosis**: CLC-3 and CLC-4 channels are associated with cystic fibrosis, a genetic disorder that affects the respiratory, digestive, and reproductive systems. The mutation in the CFTR gene leads to abnormal chloride channel function, resulting in thick mucus production and"
C0014912,estradiol,horm,ADMINISTERED_TO,C0034693,Rattus norvegicus,mamm,2023,36603297,36603297,,395315230,To which species is estradiol typically administered?,0.1936052441596985,0.0,Rattus norvegicus,0,"[1930s] Estradiol is typically administered to humans, particularly women, to treat various conditions such as menopausal symptoms, osteoporosis, and hormone replacement therapy. It is a naturally occurring estrogen steroid hormone that plays a crucial role in the reproductive and sexual health of females"
C0024109,Lung,bpoc,LOCATION_OF,C1155266,Inflammatory Response,patf,2015,25336278,25336278,,19378556,Which pathologic functions is the anatomical location of Lung?,0.2155421823263168,0.0,Inflammatory Response,0,"[1628] 

The anatomical location of the lungs is primarily in the thoracic cavity, specifically within the pleural cavity. The lungs are situated on either side of the heart, with the right lung having three lobes and the left lung having two lobes. The lungs are surrounded by the pleura, a thin membrane that separates the lungs from the chest wall and allows for smooth movement during breathing.

The pathologic functions of the lungs include:

1. **Gas exchange**: The lungs"
C0021311,Infection,dsyn,PROCESS_OF,C0038172,Staphylococcus aureus,bact,2020,31523776,31523776,,341852887,"In a biomedical context, what is the relationship between Infection and bacterias via PROCESS_OF?",0.1218231320381164,0.0,Staphylococcus aureus,0,"[1942] 
The relationship between infection and bacteria via the PROCESS_OF relationship is as follows: Bacteria can cause infection by invading the host's body and multiplying, leading to the production of toxins and other harmful substances. This process involves the bacteria adhering to the host cells, invading the cells, and replicating within the host. The host's immune system may respond to the infection by producing antibodies and activating immune cells to fight the bacteria. However, if the bacteria are able to evade the"
